The system is: Linux - 6.16.3-76061603-generic - x86_64
Compiling the C compiler identification source file "CMakeCCompilerId.c" succeeded.
Compiler: /usr/bin/cc 
Build flags: 
Id flags:  

The output was:
0


Compilation of the C compiler identification source "CMakeCCompilerId.c" produced "a.out"

The C compiler identification is GNU, found in "/home/randomguy/Desktop/Escuela/Servicio/Renderer/build/CMakeFiles/3.22.1/CompilerIdC/a.out"

Compiling the CXX compiler identification source file "CMakeCXXCompilerId.cpp" succeeded.
Compiler: /usr/bin/c++ 
Build flags: 
Id flags:  

The output was:
0


Compilation of the CXX compiler identification source "CMakeCXXCompilerId.cpp" produced "a.out"

The CXX compiler identification is GNU, found in "/home/randomguy/Desktop/Escuela/Servicio/Renderer/build/CMakeFiles/3.22.1/CompilerIdCXX/a.out"

Detecting C compiler ABI info compiled with the following output:
Change Dir: /home/randomguy/Desktop/Escuela/Servicio/Renderer/build/CMakeFiles/CMakeTmp

Run Build Command(s):/usr/bin/gmake -f Makefile cmTC_276dd/fast && /usr/bin/gmake  -f CMakeFiles/cmTC_276dd.dir/build.make CMakeFiles/cmTC_276dd.dir/build
gmake[1]: Entering directory '/home/randomguy/Desktop/Escuela/Servicio/Renderer/build/CMakeFiles/CMakeTmp'
Building C object CMakeFiles/cmTC_276dd.dir/CMakeCCompilerABI.c.o
/usr/bin/cc   -v -o CMakeFiles/cmTC_276dd.dir/CMakeCCompilerABI.c.o -c /usr/share/cmake-3.22/Modules/CMakeCCompilerABI.c
Using built-in specs.
COLLECT_GCC=/usr/bin/cc
OFFLOAD_TARGET_NAMES=nvptx-none:amdgcn-amdhsa
OFFLOAD_TARGET_DEFAULT=1
Target: x86_64-linux-gnu
Configured with: ../src/configure -v --with-pkgversion='Ubuntu 11.4.0-1ubuntu1~22.04.2' --with-bugurl=file:///usr/share/doc/gcc-11/README.Bugs --enable-languages=c,ada,c++,go,brig,d,fortran,objc,obj-c++,m2 --prefix=/usr --with-gcc-major-version-only --program-suffix=-11 --program-prefix=x86_64-linux-gnu- --enable-shared --enable-linker-build-id --libexecdir=/usr/lib --without-included-gettext --enable-threads=posix --libdir=/usr/lib --enable-nls --enable-bootstrap --enable-clocale=gnu --enable-libstdcxx-debug --enable-libstdcxx-time=yes --with-default-libstdcxx-abi=new --enable-gnu-unique-object --disable-vtable-verify --enable-plugin --enable-default-pie --with-system-zlib --enable-libphobos-checking=release --with-target-system-zlib=auto --enable-objc-gc=auto --enable-multiarch --disable-werror --enable-cet --with-arch-32=i686 --with-abi=m64 --with-multilib-list=m32,m64,mx32 --enable-multilib --with-tune=generic --enable-offload-targets=nvptx-none=/build/gcc-11-2Y5pKs/gcc-11-11.4.0/debian/tmp-nvptx/usr,amdgcn-amdhsa=/build/gcc-11-2Y5pKs/gcc-11-11.4.0/debian/tmp-gcn/usr --without-cuda-driver --enable-checking=release --build=x86_64-linux-gnu --host=x86_64-linux-gnu --target=x86_64-linux-gnu --with-build-config=bootstrap-lto-lean --enable-link-serialization=2
Thread model: posix
Supported LTO compression algorithms: zlib zstd
gcc version 11.4.0 (Ubuntu 11.4.0-1ubuntu1~22.04.2) 
COLLECT_GCC_OPTIONS='-v' '-o' 'CMakeFiles/cmTC_276dd.dir/CMakeCCompilerABI.c.o' '-c' '-mtune=generic' '-march=x86-64' '-dumpdir' 'CMakeFiles/cmTC_276dd.dir/'
 /usr/lib/gcc/x86_64-linux-gnu/11/cc1 -quiet -v -imultiarch x86_64-linux-gnu /usr/share/cmake-3.22/Modules/CMakeCCompilerABI.c -quiet -dumpdir CMakeFiles/cmTC_276dd.dir/ -dumpbase CMakeCCompilerABI.c.c -dumpbase-ext .c -mtune=generic -march=x86-64 -version -fasynchronous-unwind-tables -fstack-protector-strong -Wformat -Wformat-security -fstack-clash-protection -fcf-protection -o /tmp/ccJMnw89.s
GNU C17 (Ubuntu 11.4.0-1ubuntu1~22.04.2) version 11.4.0 (x86_64-linux-gnu)
	compiled by GNU C version 11.4.0, GMP version 6.2.1, MPFR version 4.1.0, MPC version 1.2.1, isl version isl-0.24-GMP

GGC heuristics: --param ggc-min-expand=100 --param ggc-min-heapsize=131072
ignoring nonexistent directory "/usr/local/include/x86_64-linux-gnu"
ignoring nonexistent directory "/usr/lib/gcc/x86_64-linux-gnu/11/include-fixed"
ignoring nonexistent directory "/usr/lib/gcc/x86_64-linux-gnu/11/../../../../x86_64-linux-gnu/include"
#include "..." search starts here:
#include <...> search starts here:
 /usr/lib/gcc/x86_64-linux-gnu/11/include
 /usr/local/include
 /usr/include/x86_64-linux-gnu
 /usr/include
End of search list.
GNU C17 (Ubuntu 11.4.0-1ubuntu1~22.04.2) version 11.4.0 (x86_64-linux-gnu)
	compiled by GNU C version 11.4.0, GMP version 6.2.1, MPFR version 4.1.0, MPC version 1.2.1, isl version isl-0.24-GMP

GGC heuristics: --param ggc-min-expand=100 --param ggc-min-heapsize=131072
Compiler executable checksum: 4011c2103cba78949d7e02d0f0047a3d
COLLECT_GCC_OPTIONS='-v' '-o' 'CMakeFiles/cmTC_276dd.dir/CMakeCCompilerABI.c.o' '-c' '-mtune=generic' '-march=x86-64' '-dumpdir' 'CMakeFiles/cmTC_276dd.dir/'
 as -v --64 -o CMakeFiles/cmTC_276dd.dir/CMakeCCompilerABI.c.o /tmp/ccJMnw89.s
GNU assembler version 2.38 (x86_64-linux-gnu) using BFD version (GNU Binutils for Ubuntu) 2.38
COMPILER_PATH=/usr/lib/gcc/x86_64-linux-gnu/11/:/usr/lib/gcc/x86_64-linux-gnu/11/:/usr/lib/gcc/x86_64-linux-gnu/:/usr/lib/gcc/x86_64-linux-gnu/11/:/usr/lib/gcc/x86_64-linux-gnu/
LIBRARY_PATH=/usr/lib/gcc/x86_64-linux-gnu/11/:/usr/lib/gcc/x86_64-linux-gnu/11/../../../x86_64-linux-gnu/:/usr/lib/gcc/x86_64-linux-gnu/11/../../../../lib/:/lib/x86_64-linux-gnu/:/lib/../lib/:/usr/lib/x86_64-linux-gnu/:/usr/lib/../lib/:/usr/lib/gcc/x86_64-linux-gnu/11/../../../:/lib/:/usr/lib/
COLLECT_GCC_OPTIONS='-v' '-o' 'CMakeFiles/cmTC_276dd.dir/CMakeCCompilerABI.c.o' '-c' '-mtune=generic' '-march=x86-64' '-dumpdir' 'CMakeFiles/cmTC_276dd.dir/CMakeCCompilerABI.c.'
Linking C executable cmTC_276dd
/usr/bin/cmake -E cmake_link_script CMakeFiles/cmTC_276dd.dir/link.txt --verbose=1
/usr/bin/cc  -v CMakeFiles/cmTC_276dd.dir/CMakeCCompilerABI.c.o -o cmTC_276dd 
Using built-in specs.
COLLECT_GCC=/usr/bin/cc
COLLECT_LTO_WRAPPER=/usr/lib/gcc/x86_64-linux-gnu/11/lto-wrapper
OFFLOAD_TARGET_NAMES=nvptx-none:amdgcn-amdhsa
OFFLOAD_TARGET_DEFAULT=1
Target: x86_64-linux-gnu
Configured with: ../src/configure -v --with-pkgversion='Ubuntu 11.4.0-1ubuntu1~22.04.2' --with-bugurl=file:///usr/share/doc/gcc-11/README.Bugs --enable-languages=c,ada,c++,go,brig,d,fortran,objc,obj-c++,m2 --prefix=/usr --with-gcc-major-version-only --program-suffix=-11 --program-prefix=x86_64-linux-gnu- --enable-shared --enable-linker-build-id --libexecdir=/usr/lib --without-included-gettext --enable-threads=posix --libdir=/usr/lib --enable-nls --enable-bootstrap --enable-clocale=gnu --enable-libstdcxx-debug --enable-libstdcxx-time=yes --with-default-libstdcxx-abi=new --enable-gnu-unique-object --disable-vtable-verify --enable-plugin --enable-default-pie --with-system-zlib --enable-libphobos-checking=release --with-target-system-zlib=auto --enable-objc-gc=auto --enable-multiarch --disable-werror --enable-cet --with-arch-32=i686 --with-abi=m64 --with-multilib-list=m32,m64,mx32 --enable-multilib --with-tune=generic --enable-offload-targets=nvptx-none=/build/gcc-11-2Y5pKs/gcc-11-11.4.0/debian/tmp-nvptx/usr,amdgcn-amdhsa=/build/gcc-11-2Y5pKs/gcc-11-11.4.0/debian/tmp-gcn/usr --without-cuda-driver --enable-checking=release --build=x86_64-linux-gnu --host=x86_64-linux-gnu --target=x86_64-linux-gnu --with-build-config=bootstrap-lto-lean --enable-link-serialization=2
Thread model: posix
Supported LTO compression algorithms: zlib zstd
gcc version 11.4.0 (Ubuntu 11.4.0-1ubuntu1~22.04.2) 
COMPILER_PATH=/usr/lib/gcc/x86_64-linux-gnu/11/:/usr/lib/gcc/x86_64-linux-gnu/11/:/usr/lib/gcc/x86_64-linux-gnu/:/usr/lib/gcc/x86_64-linux-gnu/11/:/usr/lib/gcc/x86_64-linux-gnu/
LIBRARY_PATH=/usr/lib/gcc/x86_64-linux-gnu/11/:/usr/lib/gcc/x86_64-linux-gnu/11/../../../x86_64-linux-gnu/:/usr/lib/gcc/x86_64-linux-gnu/11/../../../../lib/:/lib/x86_64-linux-gnu/:/lib/../lib/:/usr/lib/x86_64-linux-gnu/:/usr/lib/../lib/:/usr/lib/gcc/x86_64-linux-gnu/11/../../../:/lib/:/usr/lib/
COLLECT_GCC_OPTIONS='-v' '-o' 'cmTC_276dd' '-mtune=generic' '-march=x86-64' '-dumpdir' 'cmTC_276dd.'
 /usr/lib/gcc/x86_64-linux-gnu/11/collect2 -plugin /usr/lib/gcc/x86_64-linux-gnu/11/liblto_plugin.so -plugin-opt=/usr/lib/gcc/x86_64-linux-gnu/11/lto-wrapper -plugin-opt=-fresolution=/tmp/cc6zS1PP.res -plugin-opt=-pass-through=-lgcc -plugin-opt=-pass-through=-lgcc_s -plugin-opt=-pass-through=-lc -plugin-opt=-pass-through=-lgcc -plugin-opt=-pass-through=-lgcc_s --build-id --eh-frame-hdr -m elf_x86_64 --hash-style=gnu --as-needed -dynamic-linker /lib64/ld-linux-x86-64.so.2 -pie -z now -z relro -o cmTC_276dd /usr/lib/gcc/x86_64-linux-gnu/11/../../../x86_64-linux-gnu/Scrt1.o /usr/lib/gcc/x86_64-linux-gnu/11/../../../x86_64-linux-gnu/crti.o /usr/lib/gcc/x86_64-linux-gnu/11/crtbeginS.o -L/usr/lib/gcc/x86_64-linux-gnu/11 -L/usr/lib/gcc/x86_64-linux-gnu/11/../../../x86_64-linux-gnu -L/usr/lib/gcc/x86_64-linux-gnu/11/../../../../lib -L/lib/x86_64-linux-gnu -L/lib/../lib -L/usr/lib/x86_64-linux-gnu -L/usr/lib/../lib -L/usr/lib/gcc/x86_64-linux-gnu/11/../../.. CMakeFiles/cmTC_276dd.dir/CMakeCCompilerABI.c.o -lgcc --push-state --as-needed -lgcc_s --pop-state -lc -lgcc --push-state --as-needed -lgcc_s --pop-state /usr/lib/gcc/x86_64-linux-gnu/11/crtendS.o /usr/lib/gcc/x86_64-linux-gnu/11/../../../x86_64-linux-gnu/crtn.o
COLLECT_GCC_OPTIONS='-v' '-o' 'cmTC_276dd' '-mtune=generic' '-march=x86-64' '-dumpdir' 'cmTC_276dd.'
gmake[1]: Leaving directory '/home/randomguy/Desktop/Escuela/Servicio/Renderer/build/CMakeFiles/CMakeTmp'



Parsed C implicit include dir info from above output: rv=done
  found start of include info
  found start of implicit include info
    add: [/usr/lib/gcc/x86_64-linux-gnu/11/include]
    add: [/usr/local/include]
    add: [/usr/include/x86_64-linux-gnu]
    add: [/usr/include]
  end of search list found
  collapse include dir [/usr/lib/gcc/x86_64-linux-gnu/11/include] ==> [/usr/lib/gcc/x86_64-linux-gnu/11/include]
  collapse include dir [/usr/local/include] ==> [/usr/local/include]
  collapse include dir [/usr/include/x86_64-linux-gnu] ==> [/usr/include/x86_64-linux-gnu]
  collapse include dir [/usr/include] ==> [/usr/include]
  implicit include dirs: [/usr/lib/gcc/x86_64-linux-gnu/11/include;/usr/local/include;/usr/include/x86_64-linux-gnu;/usr/include]


Parsed C implicit link information from above output:
  link line regex: [^( *|.*[/\])(ld|CMAKE_LINK_STARTFILE-NOTFOUND|([^/\]+-)?ld|collect2)[^/\]*( |$)]
  ignore line: [Change Dir: /home/randomguy/Desktop/Escuela/Servicio/Renderer/build/CMakeFiles/CMakeTmp]
  ignore line: []
  ignore line: [Run Build Command(s):/usr/bin/gmake -f Makefile cmTC_276dd/fast && /usr/bin/gmake  -f CMakeFiles/cmTC_276dd.dir/build.make CMakeFiles/cmTC_276dd.dir/build]
  ignore line: [gmake[1]: Entering directory '/home/randomguy/Desktop/Escuela/Servicio/Renderer/build/CMakeFiles/CMakeTmp']
  ignore line: [Building C object CMakeFiles/cmTC_276dd.dir/CMakeCCompilerABI.c.o]
  ignore line: [/usr/bin/cc   -v -o CMakeFiles/cmTC_276dd.dir/CMakeCCompilerABI.c.o -c /usr/share/cmake-3.22/Modules/CMakeCCompilerABI.c]
  ignore line: [Using built-in specs.]
  ignore line: [COLLECT_GCC=/usr/bin/cc]
  ignore line: [OFFLOAD_TARGET_NAMES=nvptx-none:amdgcn-amdhsa]
  ignore line: [OFFLOAD_TARGET_DEFAULT=1]
  ignore line: [Target: x86_64-linux-gnu]
  ignore line: [Configured with: ../src/configure -v --with-pkgversion='Ubuntu 11.4.0-1ubuntu1~22.04.2' --with-bugurl=file:///usr/share/doc/gcc-11/README.Bugs --enable-languages=c ada c++ go brig d fortran objc obj-c++ m2 --prefix=/usr --with-gcc-major-version-only --program-suffix=-11 --program-prefix=x86_64-linux-gnu- --enable-shared --enable-linker-build-id --libexecdir=/usr/lib --without-included-gettext --enable-threads=posix --libdir=/usr/lib --enable-nls --enable-bootstrap --enable-clocale=gnu --enable-libstdcxx-debug --enable-libstdcxx-time=yes --with-default-libstdcxx-abi=new --enable-gnu-unique-object --disable-vtable-verify --enable-plugin --enable-default-pie --with-system-zlib --enable-libphobos-checking=release --with-target-system-zlib=auto --enable-objc-gc=auto --enable-multiarch --disable-werror --enable-cet --with-arch-32=i686 --with-abi=m64 --with-multilib-list=m32 m64 mx32 --enable-multilib --with-tune=generic --enable-offload-targets=nvptx-none=/build/gcc-11-2Y5pKs/gcc-11-11.4.0/debian/tmp-nvptx/usr amdgcn-amdhsa=/build/gcc-11-2Y5pKs/gcc-11-11.4.0/debian/tmp-gcn/usr --without-cuda-driver --enable-checking=release --build=x86_64-linux-gnu --host=x86_64-linux-gnu --target=x86_64-linux-gnu --with-build-config=bootstrap-lto-lean --enable-link-serialization=2]
  ignore line: [Thread model: posix]
  ignore line: [Supported LTO compression algorithms: zlib zstd]
  ignore line: [gcc version 11.4.0 (Ubuntu 11.4.0-1ubuntu1~22.04.2) ]
  ignore line: [COLLECT_GCC_OPTIONS='-v' '-o' 'CMakeFiles/cmTC_276dd.dir/CMakeCCompilerABI.c.o' '-c' '-mtune=generic' '-march=x86-64' '-dumpdir' 'CMakeFiles/cmTC_276dd.dir/']
  ignore line: [ /usr/lib/gcc/x86_64-linux-gnu/11/cc1 -quiet -v -imultiarch x86_64-linux-gnu /usr/share/cmake-3.22/Modules/CMakeCCompilerABI.c -quiet -dumpdir CMakeFiles/cmTC_276dd.dir/ -dumpbase CMakeCCompilerABI.c.c -dumpbase-ext .c -mtune=generic -march=x86-64 -version -fasynchronous-unwind-tables -fstack-protector-strong -Wformat -Wformat-security -fstack-clash-protection -fcf-protection -o /tmp/ccJMnw89.s]
  ignore line: [GNU C17 (Ubuntu 11.4.0-1ubuntu1~22.04.2) version 11.4.0 (x86_64-linux-gnu)]
  ignore line: [	compiled by GNU C version 11.4.0  GMP version 6.2.1  MPFR version 4.1.0  MPC version 1.2.1  isl version isl-0.24-GMP]
  ignore line: []
  ignore line: [GGC heuristics: --param ggc-min-expand=100 --param ggc-min-heapsize=131072]
  ignore line: [ignoring nonexistent directory "/usr/local/include/x86_64-linux-gnu"]
  ignore line: [ignoring nonexistent directory "/usr/lib/gcc/x86_64-linux-gnu/11/include-fixed"]
  ignore line: [ignoring nonexistent directory "/usr/lib/gcc/x86_64-linux-gnu/11/../../../../x86_64-linux-gnu/include"]
  ignore line: [#include "..." search starts here:]
  ignore line: [#include <...> search starts here:]
  ignore line: [ /usr/lib/gcc/x86_64-linux-gnu/11/include]
  ignore line: [ /usr/local/include]
  ignore line: [ /usr/include/x86_64-linux-gnu]
  ignore line: [ /usr/include]
  ignore line: [End of search list.]
  ignore line: [GNU C17 (Ubuntu 11.4.0-1ubuntu1~22.04.2) version 11.4.0 (x86_64-linux-gnu)]
  ignore line: [	compiled by GNU C version 11.4.0  GMP version 6.2.1  MPFR version 4.1.0  MPC version 1.2.1  isl version isl-0.24-GMP]
  ignore line: []
  ignore line: [GGC heuristics: --param ggc-min-expand=100 --param ggc-min-heapsize=131072]
  ignore line: [Compiler executable checksum: 4011c2103cba78949d7e02d0f0047a3d]
  ignore line: [COLLECT_GCC_OPTIONS='-v' '-o' 'CMakeFiles/cmTC_276dd.dir/CMakeCCompilerABI.c.o' '-c' '-mtune=generic' '-march=x86-64' '-dumpdir' 'CMakeFiles/cmTC_276dd.dir/']
  ignore line: [ as -v --64 -o CMakeFiles/cmTC_276dd.dir/CMakeCCompilerABI.c.o /tmp/ccJMnw89.s]
  ignore line: [GNU assembler version 2.38 (x86_64-linux-gnu) using BFD version (GNU Binutils for Ubuntu) 2.38]
  ignore line: [COMPILER_PATH=/usr/lib/gcc/x86_64-linux-gnu/11/:/usr/lib/gcc/x86_64-linux-gnu/11/:/usr/lib/gcc/x86_64-linux-gnu/:/usr/lib/gcc/x86_64-linux-gnu/11/:/usr/lib/gcc/x86_64-linux-gnu/]
  ignore line: [LIBRARY_PATH=/usr/lib/gcc/x86_64-linux-gnu/11/:/usr/lib/gcc/x86_64-linux-gnu/11/../../../x86_64-linux-gnu/:/usr/lib/gcc/x86_64-linux-gnu/11/../../../../lib/:/lib/x86_64-linux-gnu/:/lib/../lib/:/usr/lib/x86_64-linux-gnu/:/usr/lib/../lib/:/usr/lib/gcc/x86_64-linux-gnu/11/../../../:/lib/:/usr/lib/]
  ignore line: [COLLECT_GCC_OPTIONS='-v' '-o' 'CMakeFiles/cmTC_276dd.dir/CMakeCCompilerABI.c.o' '-c' '-mtune=generic' '-march=x86-64' '-dumpdir' 'CMakeFiles/cmTC_276dd.dir/CMakeCCompilerABI.c.']
  ignore line: [Linking C executable cmTC_276dd]
  ignore line: [/usr/bin/cmake -E cmake_link_script CMakeFiles/cmTC_276dd.dir/link.txt --verbose=1]
  ignore line: [/usr/bin/cc  -v CMakeFiles/cmTC_276dd.dir/CMakeCCompilerABI.c.o -o cmTC_276dd ]
  ignore line: [Using built-in specs.]
  ignore line: [COLLECT_GCC=/usr/bin/cc]
  ignore line: [COLLECT_LTO_WRAPPER=/usr/lib/gcc/x86_64-linux-gnu/11/lto-wrapper]
  ignore line: [OFFLOAD_TARGET_NAMES=nvptx-none:amdgcn-amdhsa]
  ignore line: [OFFLOAD_TARGET_DEFAULT=1]
  ignore line: [Target: x86_64-linux-gnu]
  ignore line: [Configured with: ../src/configure -v --with-pkgversion='Ubuntu 11.4.0-1ubuntu1~22.04.2' --with-bugurl=file:///usr/share/doc/gcc-11/README.Bugs --enable-languages=c ada c++ go brig d fortran objc obj-c++ m2 --prefix=/usr --with-gcc-major-version-only --program-suffix=-11 --program-prefix=x86_64-linux-gnu- --enable-shared --enable-linker-build-id --libexecdir=/usr/lib --without-included-gettext --enable-threads=posix --libdir=/usr/lib --enable-nls --enable-bootstrap --enable-clocale=gnu --enable-libstdcxx-debug --enable-libstdcxx-time=yes --with-default-libstdcxx-abi=new --enable-gnu-unique-object --disable-vtable-verify --enable-plugin --enable-default-pie --with-system-zlib --enable-libphobos-checking=release --with-target-system-zlib=auto --enable-objc-gc=auto --enable-multiarch --disable-werror --enable-cet --with-arch-32=i686 --with-abi=m64 --with-multilib-list=m32 m64 mx32 --enable-multilib --with-tune=generic --enable-offload-targets=nvptx-none=/build/gcc-11-2Y5pKs/gcc-11-11.4.0/debian/tmp-nvptx/usr amdgcn-amdhsa=/build/gcc-11-2Y5pKs/gcc-11-11.4.0/debian/tmp-gcn/usr --without-cuda-driver --enable-checking=release --build=x86_64-linux-gnu --host=x86_64-linux-gnu --target=x86_64-linux-gnu --with-build-config=bootstrap-lto-lean --enable-link-serialization=2]
  ignore line: [Thread model: posix]
  ignore line: [Supported LTO compression algorithms: zlib zstd]
  ignore line: [gcc version 11.4.0 (Ubuntu 11.4.0-1ubuntu1~22.04.2) ]
  ignore line: [COMPILER_PATH=/usr/lib/gcc/x86_64-linux-gnu/11/:/usr/lib/gcc/x86_64-linux-gnu/11/:/usr/lib/gcc/x86_64-linux-gnu/:/usr/lib/gcc/x86_64-linux-gnu/11/:/usr/lib/gcc/x86_64-linux-gnu/]
  ignore line: [LIBRARY_PATH=/usr/lib/gcc/x86_64-linux-gnu/11/:/usr/lib/gcc/x86_64-linux-gnu/11/../../../x86_64-linux-gnu/:/usr/lib/gcc/x86_64-linux-gnu/11/../../../../lib/:/lib/x86_64-linux-gnu/:/lib/../lib/:/usr/lib/x86_64-linux-gnu/:/usr/lib/../lib/:/usr/lib/gcc/x86_64-linux-gnu/11/../../../:/lib/:/usr/lib/]
  ignore line: [COLLECT_GCC_OPTIONS='-v' '-o' 'cmTC_276dd' '-mtune=generic' '-march=x86-64' '-dumpdir' 'cmTC_276dd.']
  link line: [ /usr/lib/gcc/x86_64-linux-gnu/11/collect2 -plugin /usr/lib/gcc/x86_64-linux-gnu/11/liblto_plugin.so -plugin-opt=/usr/lib/gcc/x86_64-linux-gnu/11/lto-wrapper -plugin-opt=-fresolution=/tmp/cc6zS1PP.res -plugin-opt=-pass-through=-lgcc -plugin-opt=-pass-through=-lgcc_s -plugin-opt=-pass-through=-lc -plugin-opt=-pass-through=-lgcc -plugin-opt=-pass-through=-lgcc_s --build-id --eh-frame-hdr -m elf_x86_64 --hash-style=gnu --as-needed -dynamic-linker /lib64/ld-linux-x86-64.so.2 -pie -z now -z relro -o cmTC_276dd /usr/lib/gcc/x86_64-linux-gnu/11/../../../x86_64-linux-gnu/Scrt1.o /usr/lib/gcc/x86_64-linux-gnu/11/../../../x86_64-linux-gnu/crti.o /usr/lib/gcc/x86_64-linux-gnu/11/crtbeginS.o -L/usr/lib/gcc/x86_64-linux-gnu/11 -L/usr/lib/gcc/x86_64-linux-gnu/11/../../../x86_64-linux-gnu -L/usr/lib/gcc/x86_64-linux-gnu/11/../../../../lib -L/lib/x86_64-linux-gnu -L/lib/../lib -L/usr/lib/x86_64-linux-gnu -L/usr/lib/../lib -L/usr/lib/gcc/x86_64-linux-gnu/11/../../.. CMakeFiles/cmTC_276dd.dir/CMakeCCompilerABI.c.o -lgcc --push-state --as-needed -lgcc_s --pop-state -lc -lgcc --push-state --as-needed -lgcc_s --pop-state /usr/lib/gcc/x86_64-linux-gnu/11/crtendS.o /usr/lib/gcc/x86_64-linux-gnu/11/../../../x86_64-linux-gnu/crtn.o]
    arg [/usr/lib/gcc/x86_64-linux-gnu/11/collect2] ==> ignore
    arg [-plugin] ==> ignore
    arg [/usr/lib/gcc/x86_64-linux-gnu/11/liblto_plugin.so] ==> ignore
    arg [-plugin-opt=/usr/lib/gcc/x86_64-linux-gnu/11/lto-wrapper] ==> ignore
    arg [-plugin-opt=-fresolution=/tmp/cc6zS1PP.res] ==> ignore
    arg [-plugin-opt=-pass-through=-lgcc] ==> ignore
    arg [-plugin-opt=-pass-through=-lgcc_s] ==> ignore
    arg [-plugin-opt=-pass-through=-lc] ==> ignore
    arg [-plugin-opt=-pass-through=-lgcc] ==> ignore
    arg [-plugin-opt=-pass-through=-lgcc_s] ==> ignore
    arg [--build-id] ==> ignore
    arg [--eh-frame-hdr] ==> ignore
    arg [-m] ==> ignore
    arg [elf_x86_64] ==> ignore
    arg [--hash-style=gnu] ==> ignore
    arg [--as-needed] ==> ignore
    arg [-dynamic-linker] ==> ignore
    arg [/lib64/ld-linux-x86-64.so.2] ==> ignore
    arg [-pie] ==> ignore
    arg [-znow] ==> ignore
    arg [-zrelro] ==> ignore
    arg [-o] ==> ignore
    arg [cmTC_276dd] ==> ignore
    arg [/usr/lib/gcc/x86_64-linux-gnu/11/../../../x86_64-linux-gnu/Scrt1.o] ==> obj [/usr/lib/gcc/x86_64-linux-gnu/11/../../../x86_64-linux-gnu/Scrt1.o]
    arg [/usr/lib/gcc/x86_64-linux-gnu/11/../../../x86_64-linux-gnu/crti.o] ==> obj [/usr/lib/gcc/x86_64-linux-gnu/11/../../../x86_64-linux-gnu/crti.o]
    arg [/usr/lib/gcc/x86_64-linux-gnu/11/crtbeginS.o] ==> obj [/usr/lib/gcc/x86_64-linux-gnu/11/crtbeginS.o]
    arg [-L/usr/lib/gcc/x86_64-linux-gnu/11] ==> dir [/usr/lib/gcc/x86_64-linux-gnu/11]
    arg [-L/usr/lib/gcc/x86_64-linux-gnu/11/../../../x86_64-linux-gnu] ==> dir [/usr/lib/gcc/x86_64-linux-gnu/11/../../../x86_64-linux-gnu]
    arg [-L/usr/lib/gcc/x86_64-linux-gnu/11/../../../../lib] ==> dir [/usr/lib/gcc/x86_64-linux-gnu/11/../../../../lib]
    arg [-L/lib/x86_64-linux-gnu] ==> dir [/lib/x86_64-linux-gnu]
    arg [-L/lib/../lib] ==> dir [/lib/../lib]
    arg [-L/usr/lib/x86_64-linux-gnu] ==> dir [/usr/lib/x86_64-linux-gnu]
    arg [-L/usr/lib/../lib] ==> dir [/usr/lib/../lib]
    arg [-L/usr/lib/gcc/x86_64-linux-gnu/11/../../..] ==> dir [/usr/lib/gcc/x86_64-linux-gnu/11/../../..]
    arg [CMakeFiles/cmTC_276dd.dir/CMakeCCompilerABI.c.o] ==> ignore
    arg [-lgcc] ==> lib [gcc]
    arg [--push-state] ==> ignore
    arg [--as-needed] ==> ignore
    arg [-lgcc_s] ==> lib [gcc_s]
    arg [--pop-state] ==> ignore
    arg [-lc] ==> lib [c]
    arg [-lgcc] ==> lib [gcc]
    arg [--push-state] ==> ignore
    arg [--as-needed] ==> ignore
    arg [-lgcc_s] ==> lib [gcc_s]
    arg [--pop-state] ==> ignore
    arg [/usr/lib/gcc/x86_64-linux-gnu/11/crtendS.o] ==> obj [/usr/lib/gcc/x86_64-linux-gnu/11/crtendS.o]
    arg [/usr/lib/gcc/x86_64-linux-gnu/11/../../../x86_64-linux-gnu/crtn.o] ==> obj [/usr/lib/gcc/x86_64-linux-gnu/11/../../../x86_64-linux-gnu/crtn.o]
  collapse obj [/usr/lib/gcc/x86_64-linux-gnu/11/../../../x86_64-linux-gnu/Scrt1.o] ==> [/usr/lib/x86_64-linux-gnu/Scrt1.o]
  collapse obj [/usr/lib/gcc/x86_64-linux-gnu/11/../../../x86_64-linux-gnu/crti.o] ==> [/usr/lib/x86_64-linux-gnu/crti.o]
  collapse obj [/usr/lib/gcc/x86_64-linux-gnu/11/../../../x86_64-linux-gnu/crtn.o] ==> [/usr/lib/x86_64-linux-gnu/crtn.o]
  collapse library dir [/usr/lib/gcc/x86_64-linux-gnu/11] ==> [/usr/lib/gcc/x86_64-linux-gnu/11]
  collapse library dir [/usr/lib/gcc/x86_64-linux-gnu/11/../../../x86_64-linux-gnu] ==> [/usr/lib/x86_64-linux-gnu]
  collapse library dir [/usr/lib/gcc/x86_64-linux-gnu/11/../../../../lib] ==> [/usr/lib]
  collapse library dir [/lib/x86_64-linux-gnu] ==> [/lib/x86_64-linux-gnu]
  collapse library dir [/lib/../lib] ==> [/lib]
  collapse library dir [/usr/lib/x86_64-linux-gnu] ==> [/usr/lib/x86_64-linux-gnu]
  collapse library dir [/usr/lib/../lib] ==> [/usr/lib]
  collapse library dir [/usr/lib/gcc/x86_64-linux-gnu/11/../../..] ==> [/usr/lib]
  implicit libs: [gcc;gcc_s;c;gcc;gcc_s]
  implicit objs: [/usr/lib/x86_64-linux-gnu/Scrt1.o;/usr/lib/x86_64-linux-gnu/crti.o;/usr/lib/gcc/x86_64-linux-gnu/11/crtbeginS.o;/usr/lib/gcc/x86_64-linux-gnu/11/crtendS.o;/usr/lib/x86_64-linux-gnu/crtn.o]
  implicit dirs: [/usr/lib/gcc/x86_64-linux-gnu/11;/usr/lib/x86_64-linux-gnu;/usr/lib;/lib/x86_64-linux-gnu;/lib]
  implicit fwks: []


Detecting CXX compiler ABI info compiled with the following output:
Change Dir: /home/randomguy/Desktop/Escuela/Servicio/Renderer/build/CMakeFiles/CMakeTmp

Run Build Command(s):/usr/bin/gmake -f Makefile cmTC_0a225/fast && /usr/bin/gmake  -f CMakeFiles/cmTC_0a225.dir/build.make CMakeFiles/cmTC_0a225.dir/build
gmake[1]: Entering directory '/home/randomguy/Desktop/Escuela/Servicio/Renderer/build/CMakeFiles/CMakeTmp'
Building CXX object CMakeFiles/cmTC_0a225.dir/CMakeCXXCompilerABI.cpp.o
/usr/bin/c++   -v -o CMakeFiles/cmTC_0a225.dir/CMakeCXXCompilerABI.cpp.o -c /usr/share/cmake-3.22/Modules/CMakeCXXCompilerABI.cpp
Using built-in specs.
COLLECT_GCC=/usr/bin/c++
OFFLOAD_TARGET_NAMES=nvptx-none:amdgcn-amdhsa
OFFLOAD_TARGET_DEFAULT=1
Target: x86_64-linux-gnu
Configured with: ../src/configure -v --with-pkgversion='Ubuntu 11.4.0-1ubuntu1~22.04.2' --with-bugurl=file:///usr/share/doc/gcc-11/README.Bugs --enable-languages=c,ada,c++,go,brig,d,fortran,objc,obj-c++,m2 --prefix=/usr --with-gcc-major-version-only --program-suffix=-11 --program-prefix=x86_64-linux-gnu- --enable-shared --enable-linker-build-id --libexecdir=/usr/lib --without-included-gettext --enable-threads=posix --libdir=/usr/lib --enable-nls --enable-bootstrap --enable-clocale=gnu --enable-libstdcxx-debug --enable-libstdcxx-time=yes --with-default-libstdcxx-abi=new --enable-gnu-unique-object --disable-vtable-verify --enable-plugin --enable-default-pie --with-system-zlib --enable-libphobos-checking=release --with-target-system-zlib=auto --enable-objc-gc=auto --enable-multiarch --disable-werror --enable-cet --with-arch-32=i686 --with-abi=m64 --with-multilib-list=m32,m64,mx32 --enable-multilib --with-tune=generic --enable-offload-targets=nvptx-none=/build/gcc-11-2Y5pKs/gcc-11-11.4.0/debian/tmp-nvptx/usr,amdgcn-amdhsa=/build/gcc-11-2Y5pKs/gcc-11-11.4.0/debian/tmp-gcn/usr --without-cuda-driver --enable-checking=release --build=x86_64-linux-gnu --host=x86_64-linux-gnu --target=x86_64-linux-gnu --with-build-config=bootstrap-lto-lean --enable-link-serialization=2
Thread model: posix
Supported LTO compression algorithms: zlib zstd
gcc version 11.4.0 (Ubuntu 11.4.0-1ubuntu1~22.04.2) 
COLLECT_GCC_OPTIONS='-v' '-o' 'CMakeFiles/cmTC_0a225.dir/CMakeCXXCompilerABI.cpp.o' '-c' '-shared-libgcc' '-mtune=generic' '-march=x86-64' '-dumpdir' 'CMakeFiles/cmTC_0a225.dir/'
 /usr/lib/gcc/x86_64-linux-gnu/11/cc1plus -quiet -v -imultiarch x86_64-linux-gnu -D_GNU_SOURCE /usr/share/cmake-3.22/Modules/CMakeCXXCompilerABI.cpp -quiet -dumpdir CMakeFiles/cmTC_0a225.dir/ -dumpbase CMakeCXXCompilerABI.cpp.cpp -dumpbase-ext .cpp -mtune=generic -march=x86-64 -version -fasynchronous-unwind-tables -fstack-protector-strong -Wformat -Wformat-security -fstack-clash-protection -fcf-protection -o /tmp/ccAd2OWX.s
GNU C++17 (Ubuntu 11.4.0-1ubuntu1~22.04.2) version 11.4.0 (x86_64-linux-gnu)
	compiled by GNU C version 11.4.0, GMP version 6.2.1, MPFR version 4.1.0, MPC version 1.2.1, isl version isl-0.24-GMP

GGC heuristics: --param ggc-min-expand=100 --param ggc-min-heapsize=131072
ignoring duplicate directory "/usr/include/x86_64-linux-gnu/c++/11"
ignoring nonexistent directory "/usr/local/include/x86_64-linux-gnu"
ignoring nonexistent directory "/usr/lib/gcc/x86_64-linux-gnu/11/include-fixed"
ignoring nonexistent directory "/usr/lib/gcc/x86_64-linux-gnu/11/../../../../x86_64-linux-gnu/include"
#include "..." search starts here:
#include <...> search starts here:
 /usr/include/c++/11
 /usr/include/x86_64-linux-gnu/c++/11
 /usr/include/c++/11/backward
 /usr/lib/gcc/x86_64-linux-gnu/11/include
 /usr/local/include
 /usr/include/x86_64-linux-gnu
 /usr/include
End of search list.
GNU C++17 (Ubuntu 11.4.0-1ubuntu1~22.04.2) version 11.4.0 (x86_64-linux-gnu)
	compiled by GNU C version 11.4.0, GMP version 6.2.1, MPFR version 4.1.0, MPC version 1.2.1, isl version isl-0.24-GMP

GGC heuristics: --param ggc-min-expand=100 --param ggc-min-heapsize=131072
Compiler executable checksum: 6c87588fc345655b93b8c25f48f88886
COLLECT_GCC_OPTIONS='-v' '-o' 'CMakeFiles/cmTC_0a225.dir/CMakeCXXCompilerABI.cpp.o' '-c' '-shared-libgcc' '-mtune=generic' '-march=x86-64' '-dumpdir' 'CMakeFiles/cmTC_0a225.dir/'
 as -v --64 -o CMakeFiles/cmTC_0a225.dir/CMakeCXXCompilerABI.cpp.o /tmp/ccAd2OWX.s
GNU assembler version 2.38 (x86_64-linux-gnu) using BFD version (GNU Binutils for Ubuntu) 2.38
COMPILER_PATH=/usr/lib/gcc/x86_64-linux-gnu/11/:/usr/lib/gcc/x86_64-linux-gnu/11/:/usr/lib/gcc/x86_64-linux-gnu/:/usr/lib/gcc/x86_64-linux-gnu/11/:/usr/lib/gcc/x86_64-linux-gnu/
LIBRARY_PATH=/usr/lib/gcc/x86_64-linux-gnu/11/:/usr/lib/gcc/x86_64-linux-gnu/11/../../../x86_64-linux-gnu/:/usr/lib/gcc/x86_64-linux-gnu/11/../../../../lib/:/lib/x86_64-linux-gnu/:/lib/../lib/:/usr/lib/x86_64-linux-gnu/:/usr/lib/../lib/:/usr/lib/gcc/x86_64-linux-gnu/11/../../../:/lib/:/usr/lib/
COLLECT_GCC_OPTIONS='-v' '-o' 'CMakeFiles/cmTC_0a225.dir/CMakeCXXCompilerABI.cpp.o' '-c' '-shared-libgcc' '-mtune=generic' '-march=x86-64' '-dumpdir' 'CMakeFiles/cmTC_0a225.dir/CMakeCXXCompilerABI.cpp.'
Linking CXX executable cmTC_0a225
/usr/bin/cmake -E cmake_link_script CMakeFiles/cmTC_0a225.dir/link.txt --verbose=1
/usr/bin/c++  -v CMakeFiles/cmTC_0a225.dir/CMakeCXXCompilerABI.cpp.o -o cmTC_0a225 
Using built-in specs.
COLLECT_GCC=/usr/bin/c++
COLLECT_LTO_WRAPPER=/usr/lib/gcc/x86_64-linux-gnu/11/lto-wrapper
OFFLOAD_TARGET_NAMES=nvptx-none:amdgcn-amdhsa
OFFLOAD_TARGET_DEFAULT=1
Target: x86_64-linux-gnu
Configured with: ../src/configure -v --with-pkgversion='Ubuntu 11.4.0-1ubuntu1~22.04.2' --with-bugurl=file:///usr/share/doc/gcc-11/README.Bugs --enable-languages=c,ada,c++,go,brig,d,fortran,objc,obj-c++,m2 --prefix=/usr --with-gcc-major-version-only --program-suffix=-11 --program-prefix=x86_64-linux-gnu- --enable-shared --enable-linker-build-id --libexecdir=/usr/lib --without-included-gettext --enable-threads=posix --libdir=/usr/lib --enable-nls --enable-bootstrap --enable-clocale=gnu --enable-libstdcxx-debug --enable-libstdcxx-time=yes --with-default-libstdcxx-abi=new --enable-gnu-unique-object --disable-vtable-verify --enable-plugin --enable-default-pie --with-system-zlib --enable-libphobos-checking=release --with-target-system-zlib=auto --enable-objc-gc=auto --enable-multiarch --disable-werror --enable-cet --with-arch-32=i686 --with-abi=m64 --with-multilib-list=m32,m64,mx32 --enable-multilib --with-tune=generic --enable-offload-targets=nvptx-none=/build/gcc-11-2Y5pKs/gcc-11-11.4.0/debian/tmp-nvptx/usr,amdgcn-amdhsa=/build/gcc-11-2Y5pKs/gcc-11-11.4.0/debian/tmp-gcn/usr --without-cuda-driver --enable-checking=release --build=x86_64-linux-gnu --host=x86_64-linux-gnu --target=x86_64-linux-gnu --with-build-config=bootstrap-lto-lean --enable-link-serialization=2
Thread model: posix
Supported LTO compression algorithms: zlib zstd
gcc version 11.4.0 (Ubuntu 11.4.0-1ubuntu1~22.04.2) 
COMPILER_PATH=/usr/lib/gcc/x86_64-linux-gnu/11/:/usr/lib/gcc/x86_64-linux-gnu/11/:/usr/lib/gcc/x86_64-linux-gnu/:/usr/lib/gcc/x86_64-linux-gnu/11/:/usr/lib/gcc/x86_64-linux-gnu/
LIBRARY_PATH=/usr/lib/gcc/x86_64-linux-gnu/11/:/usr/lib/gcc/x86_64-linux-gnu/11/../../../x86_64-linux-gnu/:/usr/lib/gcc/x86_64-linux-gnu/11/../../../../lib/:/lib/x86_64-linux-gnu/:/lib/../lib/:/usr/lib/x86_64-linux-gnu/:/usr/lib/../lib/:/usr/lib/gcc/x86_64-linux-gnu/11/../../../:/lib/:/usr/lib/
COLLECT_GCC_OPTIONS='-v' '-o' 'cmTC_0a225' '-shared-libgcc' '-mtune=generic' '-march=x86-64' '-dumpdir' 'cmTC_0a225.'
 /usr/lib/gcc/x86_64-linux-gnu/11/collect2 -plugin /usr/lib/gcc/x86_64-linux-gnu/11/liblto_plugin.so -plugin-opt=/usr/lib/gcc/x86_64-linux-gnu/11/lto-wrapper -plugin-opt=-fresolution=/tmp/cc2eeOXb.res -plugin-opt=-pass-through=-lgcc_s -plugin-opt=-pass-through=-lgcc -plugin-opt=-pass-through=-lc -plugin-opt=-pass-through=-lgcc_s -plugin-opt=-pass-through=-lgcc --build-id --eh-frame-hdr -m elf_x86_64 --hash-style=gnu --as-needed -dynamic-linker /lib64/ld-linux-x86-64.so.2 -pie -z now -z relro -o cmTC_0a225 /usr/lib/gcc/x86_64-linux-gnu/11/../../../x86_64-linux-gnu/Scrt1.o /usr/lib/gcc/x86_64-linux-gnu/11/../../../x86_64-linux-gnu/crti.o /usr/lib/gcc/x86_64-linux-gnu/11/crtbeginS.o -L/usr/lib/gcc/x86_64-linux-gnu/11 -L/usr/lib/gcc/x86_64-linux-gnu/11/../../../x86_64-linux-gnu -L/usr/lib/gcc/x86_64-linux-gnu/11/../../../../lib -L/lib/x86_64-linux-gnu -L/lib/../lib -L/usr/lib/x86_64-linux-gnu -L/usr/lib/../lib -L/usr/lib/gcc/x86_64-linux-gnu/11/../../.. CMakeFiles/cmTC_0a225.dir/CMakeCXXCompilerABI.cpp.o -lstdc++ -lm -lgcc_s -lgcc -lc -lgcc_s -lgcc /usr/lib/gcc/x86_64-linux-gnu/11/crtendS.o /usr/lib/gcc/x86_64-linux-gnu/11/../../../x86_64-linux-gnu/crtn.o
COLLECT_GCC_OPTIONS='-v' '-o' 'cmTC_0a225' '-shared-libgcc' '-mtune=generic' '-march=x86-64' '-dumpdir' 'cmTC_0a225.'
gmake[1]: Leaving directory '/home/randomguy/Desktop/Escuela/Servicio/Renderer/build/CMakeFiles/CMakeTmp'



Parsed CXX implicit include dir info from above output: rv=done
  found start of include info
  found start of implicit include info
    add: [/usr/include/c++/11]
    add: [/usr/include/x86_64-linux-gnu/c++/11]
    add: [/usr/include/c++/11/backward]
    add: [/usr/lib/gcc/x86_64-linux-gnu/11/include]
    add: [/usr/local/include]
    add: [/usr/include/x86_64-linux-gnu]
    add: [/usr/include]
  end of search list found
  collapse include dir [/usr/include/c++/11] ==> [/usr/include/c++/11]
  collapse include dir [/usr/include/x86_64-linux-gnu/c++/11] ==> [/usr/include/x86_64-linux-gnu/c++/11]
  collapse include dir [/usr/include/c++/11/backward] ==> [/usr/include/c++/11/backward]
  collapse include dir [/usr/lib/gcc/x86_64-linux-gnu/11/include] ==> [/usr/lib/gcc/x86_64-linux-gnu/11/include]
  collapse include dir [/usr/local/include] ==> [/usr/local/include]
  collapse include dir [/usr/include/x86_64-linux-gnu] ==> [/usr/include/x86_64-linux-gnu]
  collapse include dir [/usr/include] ==> [/usr/include]
  implicit include dirs: [/usr/include/c++/11;/usr/include/x86_64-linux-gnu/c++/11;/usr/include/c++/11/backward;/usr/lib/gcc/x86_64-linux-gnu/11/include;/usr/local/include;/usr/include/x86_64-linux-gnu;/usr/include]


Parsed CXX implicit link information from above output:
  link line regex: [^( *|.*[/\])(ld|CMAKE_LINK_STARTFILE-NOTFOUND|([^/\]+-)?ld|collect2)[^/\]*( |$)]
  ignore line: [Change Dir: /home/randomguy/Desktop/Escuela/Servicio/Renderer/build/CMakeFiles/CMakeTmp]
  ignore line: []
  ignore line: [Run Build Command(s):/usr/bin/gmake -f Makefile cmTC_0a225/fast && /usr/bin/gmake  -f CMakeFiles/cmTC_0a225.dir/build.make CMakeFiles/cmTC_0a225.dir/build]
  ignore line: [gmake[1]: Entering directory '/home/randomguy/Desktop/Escuela/Servicio/Renderer/build/CMakeFiles/CMakeTmp']
  ignore line: [Building CXX object CMakeFiles/cmTC_0a225.dir/CMakeCXXCompilerABI.cpp.o]
  ignore line: [/usr/bin/c++   -v -o CMakeFiles/cmTC_0a225.dir/CMakeCXXCompilerABI.cpp.o -c /usr/share/cmake-3.22/Modules/CMakeCXXCompilerABI.cpp]
  ignore line: [Using built-in specs.]
  ignore line: [COLLECT_GCC=/usr/bin/c++]
  ignore line: [OFFLOAD_TARGET_NAMES=nvptx-none:amdgcn-amdhsa]
  ignore line: [OFFLOAD_TARGET_DEFAULT=1]
  ignore line: [Target: x86_64-linux-gnu]
  ignore line: [Configured with: ../src/configure -v --with-pkgversion='Ubuntu 11.4.0-1ubuntu1~22.04.2' --with-bugurl=file:///usr/share/doc/gcc-11/README.Bugs --enable-languages=c ada c++ go brig d fortran objc obj-c++ m2 --prefix=/usr --with-gcc-major-version-only --program-suffix=-11 --program-prefix=x86_64-linux-gnu- --enable-shared --enable-linker-build-id --libexecdir=/usr/lib --without-included-gettext --enable-threads=posix --libdir=/usr/lib --enable-nls --enable-bootstrap --enable-clocale=gnu --enable-libstdcxx-debug --enable-libstdcxx-time=yes --with-default-libstdcxx-abi=new --enable-gnu-unique-object --disable-vtable-verify --enable-plugin --enable-default-pie --with-system-zlib --enable-libphobos-checking=release --with-target-system-zlib=auto --enable-objc-gc=auto --enable-multiarch --disable-werror --enable-cet --with-arch-32=i686 --with-abi=m64 --with-multilib-list=m32 m64 mx32 --enable-multilib --with-tune=generic --enable-offload-targets=nvptx-none=/build/gcc-11-2Y5pKs/gcc-11-11.4.0/debian/tmp-nvptx/usr amdgcn-amdhsa=/build/gcc-11-2Y5pKs/gcc-11-11.4.0/debian/tmp-gcn/usr --without-cuda-driver --enable-checking=release --build=x86_64-linux-gnu --host=x86_64-linux-gnu --target=x86_64-linux-gnu --with-build-config=bootstrap-lto-lean --enable-link-serialization=2]
  ignore line: [Thread model: posix]
  ignore line: [Supported LTO compression algorithms: zlib zstd]
  ignore line: [gcc version 11.4.0 (Ubuntu 11.4.0-1ubuntu1~22.04.2) ]
  ignore line: [COLLECT_GCC_OPTIONS='-v' '-o' 'CMakeFiles/cmTC_0a225.dir/CMakeCXXCompilerABI.cpp.o' '-c' '-shared-libgcc' '-mtune=generic' '-march=x86-64' '-dumpdir' 'CMakeFiles/cmTC_0a225.dir/']
  ignore line: [ /usr/lib/gcc/x86_64-linux-gnu/11/cc1plus -quiet -v -imultiarch x86_64-linux-gnu -D_GNU_SOURCE /usr/share/cmake-3.22/Modules/CMakeCXXCompilerABI.cpp -quiet -dumpdir CMakeFiles/cmTC_0a225.dir/ -dumpbase CMakeCXXCompilerABI.cpp.cpp -dumpbase-ext .cpp -mtune=generic -march=x86-64 -version -fasynchronous-unwind-tables -fstack-protector-strong -Wformat -Wformat-security -fstack-clash-protection -fcf-protection -o /tmp/ccAd2OWX.s]
  ignore line: [GNU C++17 (Ubuntu 11.4.0-1ubuntu1~22.04.2) version 11.4.0 (x86_64-linux-gnu)]
  ignore line: [	compiled by GNU C version 11.4.0  GMP version 6.2.1  MPFR version 4.1.0  MPC version 1.2.1  isl version isl-0.24-GMP]
  ignore line: []
  ignore line: [GGC heuristics: --param ggc-min-expand=100 --param ggc-min-heapsize=131072]
  ignore line: [ignoring duplicate directory "/usr/include/x86_64-linux-gnu/c++/11"]
  ignore line: [ignoring nonexistent directory "/usr/local/include/x86_64-linux-gnu"]
  ignore line: [ignoring nonexistent directory "/usr/lib/gcc/x86_64-linux-gnu/11/include-fixed"]
  ignore line: [ignoring nonexistent directory "/usr/lib/gcc/x86_64-linux-gnu/11/../../../../x86_64-linux-gnu/include"]
  ignore line: [#include "..." search starts here:]
  ignore line: [#include <...> search starts here:]
  ignore line: [ /usr/include/c++/11]
  ignore line: [ /usr/include/x86_64-linux-gnu/c++/11]
  ignore line: [ /usr/include/c++/11/backward]
  ignore line: [ /usr/lib/gcc/x86_64-linux-gnu/11/include]
  ignore line: [ /usr/local/include]
  ignore line: [ /usr/include/x86_64-linux-gnu]
  ignore line: [ /usr/include]
  ignore line: [End of search list.]
  ignore line: [GNU C++17 (Ubuntu 11.4.0-1ubuntu1~22.04.2) version 11.4.0 (x86_64-linux-gnu)]
  ignore line: [	compiled by GNU C version 11.4.0  GMP version 6.2.1  MPFR version 4.1.0  MPC version 1.2.1  isl version isl-0.24-GMP]
  ignore line: []
  ignore line: [GGC heuristics: --param ggc-min-expand=100 --param ggc-min-heapsize=131072]
  ignore line: [Compiler executable checksum: 6c87588fc345655b93b8c25f48f88886]
  ignore line: [COLLECT_GCC_OPTIONS='-v' '-o' 'CMakeFiles/cmTC_0a225.dir/CMakeCXXCompilerABI.cpp.o' '-c' '-shared-libgcc' '-mtune=generic' '-march=x86-64' '-dumpdir' 'CMakeFiles/cmTC_0a225.dir/']
  ignore line: [ as -v --64 -o CMakeFiles/cmTC_0a225.dir/CMakeCXXCompilerABI.cpp.o /tmp/ccAd2OWX.s]
  ignore line: [GNU assembler version 2.38 (x86_64-linux-gnu) using BFD version (GNU Binutils for Ubuntu) 2.38]
  ignore line: [COMPILER_PATH=/usr/lib/gcc/x86_64-linux-gnu/11/:/usr/lib/gcc/x86_64-linux-gnu/11/:/usr/lib/gcc/x86_64-linux-gnu/:/usr/lib/gcc/x86_64-linux-gnu/11/:/usr/lib/gcc/x86_64-linux-gnu/]
  ignore line: [LIBRARY_PATH=/usr/lib/gcc/x86_64-linux-gnu/11/:/usr/lib/gcc/x86_64-linux-gnu/11/../../../x86_64-linux-gnu/:/usr/lib/gcc/x86_64-linux-gnu/11/../../../../lib/:/lib/x86_64-linux-gnu/:/lib/../lib/:/usr/lib/x86_64-linux-gnu/:/usr/lib/../lib/:/usr/lib/gcc/x86_64-linux-gnu/11/../../../:/lib/:/usr/lib/]
  ignore line: [COLLECT_GCC_OPTIONS='-v' '-o' 'CMakeFiles/cmTC_0a225.dir/CMakeCXXCompilerABI.cpp.o' '-c' '-shared-libgcc' '-mtune=generic' '-march=x86-64' '-dumpdir' 'CMakeFiles/cmTC_0a225.dir/CMakeCXXCompilerABI.cpp.']
  ignore line: [Linking CXX executable cmTC_0a225]
  ignore line: [/usr/bin/cmake -E cmake_link_script CMakeFiles/cmTC_0a225.dir/link.txt --verbose=1]
  ignore line: [/usr/bin/c++  -v CMakeFiles/cmTC_0a225.dir/CMakeCXXCompilerABI.cpp.o -o cmTC_0a225 ]
  ignore line: [Using built-in specs.]
  ignore line: [COLLECT_GCC=/usr/bin/c++]
  ignore line: [COLLECT_LTO_WRAPPER=/usr/lib/gcc/x86_64-linux-gnu/11/lto-wrapper]
  ignore line: [OFFLOAD_TARGET_NAMES=nvptx-none:amdgcn-amdhsa]
  ignore line: [OFFLOAD_TARGET_DEFAULT=1]
  ignore line: [Target: x86_64-linux-gnu]
  ignore line: [Configured with: ../src/configure -v --with-pkgversion='Ubuntu 11.4.0-1ubuntu1~22.04.2' --with-bugurl=file:///usr/share/doc/gcc-11/README.Bugs --enable-languages=c ada c++ go brig d fortran objc obj-c++ m2 --prefix=/usr --with-gcc-major-version-only --program-suffix=-11 --program-prefix=x86_64-linux-gnu- --enable-shared --enable-linker-build-id --libexecdir=/usr/lib --without-included-gettext --enable-threads=posix --libdir=/usr/lib --enable-nls --enable-bootstrap --enable-clocale=gnu --enable-libstdcxx-debug --enable-libstdcxx-time=yes --with-default-libstdcxx-abi=new --enable-gnu-unique-object --disable-vtable-verify --enable-plugin --enable-default-pie --with-system-zlib --enable-libphobos-checking=release --with-target-system-zlib=auto --enable-objc-gc=auto --enable-multiarch --disable-werror --enable-cet --with-arch-32=i686 --with-abi=m64 --with-multilib-list=m32 m64 mx32 --enable-multilib --with-tune=generic --enable-offload-targets=nvptx-none=/build/gcc-11-2Y5pKs/gcc-11-11.4.0/debian/tmp-nvptx/usr amdgcn-amdhsa=/build/gcc-11-2Y5pKs/gcc-11-11.4.0/debian/tmp-gcn/usr --without-cuda-driver --enable-checking=release --build=x86_64-linux-gnu --host=x86_64-linux-gnu --target=x86_64-linux-gnu --with-build-config=bootstrap-lto-lean --enable-link-serialization=2]
  ignore line: [Thread model: posix]
  ignore line: [Supported LTO compression algorithms: zlib zstd]
  ignore line: [gcc version 11.4.0 (Ubuntu 11.4.0-1ubuntu1~22.04.2) ]
  ignore line: [COMPILER_PATH=/usr/lib/gcc/x86_64-linux-gnu/11/:/usr/lib/gcc/x86_64-linux-gnu/11/:/usr/lib/gcc/x86_64-linux-gnu/:/usr/lib/gcc/x86_64-linux-gnu/11/:/usr/lib/gcc/x86_64-linux-gnu/]
  ignore line: [LIBRARY_PATH=/usr/lib/gcc/x86_64-linux-gnu/11/:/usr/lib/gcc/x86_64-linux-gnu/11/../../../x86_64-linux-gnu/:/usr/lib/gcc/x86_64-linux-gnu/11/../../../../lib/:/lib/x86_64-linux-gnu/:/lib/../lib/:/usr/lib/x86_64-linux-gnu/:/usr/lib/../lib/:/usr/lib/gcc/x86_64-linux-gnu/11/../../../:/lib/:/usr/lib/]
  ignore line: [COLLECT_GCC_OPTIONS='-v' '-o' 'cmTC_0a225' '-shared-libgcc' '-mtune=generic' '-march=x86-64' '-dumpdir' 'cmTC_0a225.']
  link line: [ /usr/lib/gcc/x86_64-linux-gnu/11/collect2 -plugin /usr/lib/gcc/x86_64-linux-gnu/11/liblto_plugin.so -plugin-opt=/usr/lib/gcc/x86_64-linux-gnu/11/lto-wrapper -plugin-opt=-fresolution=/tmp/cc2eeOXb.res -plugin-opt=-pass-through=-lgcc_s -plugin-opt=-pass-through=-lgcc -plugin-opt=-pass-through=-lc -plugin-opt=-pass-through=-lgcc_s -plugin-opt=-pass-through=-lgcc --build-id --eh-frame-hdr -m elf_x86_64 --hash-style=gnu --as-needed -dynamic-linker /lib64/ld-linux-x86-64.so.2 -pie -z now -z relro -o cmTC_0a225 /usr/lib/gcc/x86_64-linux-gnu/11/../../../x86_64-linux-gnu/Scrt1.o /usr/lib/gcc/x86_64-linux-gnu/11/../../../x86_64-linux-gnu/crti.o /usr/lib/gcc/x86_64-linux-gnu/11/crtbeginS.o -L/usr/lib/gcc/x86_64-linux-gnu/11 -L/usr/lib/gcc/x86_64-linux-gnu/11/../../../x86_64-linux-gnu -L/usr/lib/gcc/x86_64-linux-gnu/11/../../../../lib -L/lib/x86_64-linux-gnu -L/lib/../lib -L/usr/lib/x86_64-linux-gnu -L/usr/lib/../lib -L/usr/lib/gcc/x86_64-linux-gnu/11/../../.. CMakeFiles/cmTC_0a225.dir/CMakeCXXCompilerABI.cpp.o -lstdc++ -lm -lgcc_s -lgcc -lc -lgcc_s -lgcc /usr/lib/gcc/x86_64-linux-gnu/11/crtendS.o /usr/lib/gcc/x86_64-linux-gnu/11/../../../x86_64-linux-gnu/crtn.o]
    arg [/usr/lib/gcc/x86_64-linux-gnu/11/collect2] ==> ignore
    arg [-plugin] ==> ignore
    arg [/usr/lib/gcc/x86_64-linux-gnu/11/liblto_plugin.so] ==> ignore
    arg [-plugin-opt=/usr/lib/gcc/x86_64-linux-gnu/11/lto-wrapper] ==> ignore
    arg [-plugin-opt=-fresolution=/tmp/cc2eeOXb.res] ==> ignore
    arg [-plugin-opt=-pass-through=-lgcc_s] ==> ignore
    arg [-plugin-opt=-pass-through=-lgcc] ==> ignore
    arg [-plugin-opt=-pass-through=-lc] ==> ignore
    arg [-plugin-opt=-pass-through=-lgcc_s] ==> ignore
    arg [-plugin-opt=-pass-through=-lgcc] ==> ignore
    arg [--build-id] ==> ignore
    arg [--eh-frame-hdr] ==> ignore
    arg [-m] ==> ignore
    arg [elf_x86_64] ==> ignore
    arg [--hash-style=gnu] ==> ignore
    arg [--as-needed] ==> ignore
    arg [-dynamic-linker] ==> ignore
    arg [/lib64/ld-linux-x86-64.so.2] ==> ignore
    arg [-pie] ==> ignore
    arg [-znow] ==> ignore
    arg [-zrelro] ==> ignore
    arg [-o] ==> ignore
    arg [cmTC_0a225] ==> ignore
    arg [/usr/lib/gcc/x86_64-linux-gnu/11/../../../x86_64-linux-gnu/Scrt1.o] ==> obj [/usr/lib/gcc/x86_64-linux-gnu/11/../../../x86_64-linux-gnu/Scrt1.o]
    arg [/usr/lib/gcc/x86_64-linux-gnu/11/../../../x86_64-linux-gnu/crti.o] ==> obj [/usr/lib/gcc/x86_64-linux-gnu/11/../../../x86_64-linux-gnu/crti.o]
    arg [/usr/lib/gcc/x86_64-linux-gnu/11/crtbeginS.o] ==> obj [/usr/lib/gcc/x86_64-linux-gnu/11/crtbeginS.o]
    arg [-L/usr/lib/gcc/x86_64-linux-gnu/11] ==> dir [/usr/lib/gcc/x86_64-linux-gnu/11]
    arg [-L/usr/lib/gcc/x86_64-linux-gnu/11/../../../x86_64-linux-gnu] ==> dir [/usr/lib/gcc/x86_64-linux-gnu/11/../../../x86_64-linux-gnu]
    arg [-L/usr/lib/gcc/x86_64-linux-gnu/11/../../../../lib] ==> dir [/usr/lib/gcc/x86_64-linux-gnu/11/../../../../lib]
    arg [-L/lib/x86_64-linux-gnu] ==> dir [/lib/x86_64-linux-gnu]
    arg [-L/lib/../lib] ==> dir [/lib/../lib]
    arg [-L/usr/lib/x86_64-linux-gnu] ==> dir [/usr/lib/x86_64-linux-gnu]
    arg [-L/usr/lib/../lib] ==> dir [/usr/lib/../lib]
    arg [-L/usr/lib/gcc/x86_64-linux-gnu/11/../../..] ==> dir [/usr/lib/gcc/x86_64-linux-gnu/11/../../..]
    arg [CMakeFiles/cmTC_0a225.dir/CMakeCXXCompilerABI.cpp.o] ==> ignore
    arg [-lstdc++] ==> lib [stdc++]
    arg [-lm] ==> lib [m]
    arg [-lgcc_s] ==> lib [gcc_s]
    arg [-lgcc] ==> lib [gcc]
    arg [-lc] ==> lib [c]
    arg [-lgcc_s] ==> lib [gcc_s]
    arg [-lgcc] ==> lib [gcc]
    arg [/usr/lib/gcc/x86_64-linux-gnu/11/crtendS.o] ==> obj [/usr/lib/gcc/x86_64-linux-gnu/11/crtendS.o]
    arg [/usr/lib/gcc/x86_64-linux-gnu/11/../../../x86_64-linux-gnu/crtn.o] ==> obj [/usr/lib/gcc/x86_64-linux-gnu/11/../../../x86_64-linux-gnu/crtn.o]
  collapse obj [/usr/lib/gcc/x86_64-linux-gnu/11/../../../x86_64-linux-gnu/Scrt1.o] ==> [/usr/lib/x86_64-linux-gnu/Scrt1.o]
  collapse obj [/usr/lib/gcc/x86_64-linux-gnu/11/../../../x86_64-linux-gnu/crti.o] ==> [/usr/lib/x86_64-linux-gnu/crti.o]
  collapse obj [/usr/lib/gcc/x86_64-linux-gnu/11/../../../x86_64-linux-gnu/crtn.o] ==> [/usr/lib/x86_64-linux-gnu/crtn.o]
  collapse library dir [/usr/lib/gcc/x86_64-linux-gnu/11] ==> [/usr/lib/gcc/x86_64-linux-gnu/11]
  collapse library dir [/usr/lib/gcc/x86_64-linux-gnu/11/../../../x86_64-linux-gnu] ==> [/usr/lib/x86_64-linux-gnu]
  collapse library dir [/usr/lib/gcc/x86_64-linux-gnu/11/../../../../lib] ==> [/usr/lib]
  collapse library dir [/lib/x86_64-linux-gnu] ==> [/lib/x86_64-linux-gnu]
  collapse library dir [/lib/../lib] ==> [/lib]
  collapse library dir [/usr/lib/x86_64-linux-gnu] ==> [/usr/lib/x86_64-linux-gnu]
  collapse library dir [/usr/lib/../lib] ==> [/usr/lib]
  collapse library dir [/usr/lib/gcc/x86_64-linux-gnu/11/../../..] ==> [/usr/lib]
  implicit libs: [stdc++;m;gcc_s;gcc;c;gcc_s;gcc]
  implicit objs: [/usr/lib/x86_64-linux-gnu/Scrt1.o;/usr/lib/x86_64-linux-gnu/crti.o;/usr/lib/gcc/x86_64-linux-gnu/11/crtbeginS.o;/usr/lib/gcc/x86_64-linux-gnu/11/crtendS.o;/usr/lib/x86_64-linux-gnu/crtn.o]
  implicit dirs: [/usr/lib/gcc/x86_64-linux-gnu/11;/usr/lib/x86_64-linux-gnu;/usr/lib;/lib/x86_64-linux-gnu;/lib]
  implicit fwks: []


Performing C SOURCE FILE Test HAVE_GCC_WALL succeeded with the following output:
Change Dir: /home/randomguy/Desktop/Escuela/Servicio/Renderer/build/CMakeFiles/CMakeTmp

Run Build Command(s):/usr/bin/gmake -f Makefile cmTC_b159e/fast && /usr/bin/gmake  -f CMakeFiles/cmTC_b159e.dir/build.make CMakeFiles/cmTC_b159e.dir/build
gmake[1]: Entering directory '/home/randomguy/Desktop/Escuela/Servicio/Renderer/build/CMakeFiles/CMakeTmp'
Building C object CMakeFiles/cmTC_b159e.dir/src.c.o
/usr/bin/cc -DHAVE_GCC_WALL  -D_GNU_SOURCE=1   -Wall -o CMakeFiles/cmTC_b159e.dir/src.c.o -c /home/randomguy/Desktop/Escuela/Servicio/Renderer/build/CMakeFiles/CMakeTmp/src.c
Linking C executable cmTC_b159e
/usr/bin/cmake -E cmake_link_script CMakeFiles/cmTC_b159e.dir/link.txt --verbose=1
/usr/bin/cc   -D_GNU_SOURCE=1 CMakeFiles/cmTC_b159e.dir/src.c.o -o cmTC_b159e 
gmake[1]: Leaving directory '/home/randomguy/Desktop/Escuela/Servicio/Renderer/build/CMakeFiles/CMakeTmp'


Source file was:
int main(void) { return 0; }
Performing C SOURCE FILE Test HAVE_GCC_WUNDEF succeeded with the following output:
Change Dir: /home/randomguy/Desktop/Escuela/Servicio/Renderer/build/CMakeFiles/CMakeTmp

Run Build Command(s):/usr/bin/gmake -f Makefile cmTC_3d5f4/fast && /usr/bin/gmake  -f CMakeFiles/cmTC_3d5f4.dir/build.make CMakeFiles/cmTC_3d5f4.dir/build
gmake[1]: Entering directory '/home/randomguy/Desktop/Escuela/Servicio/Renderer/build/CMakeFiles/CMakeTmp'
Building C object CMakeFiles/cmTC_3d5f4.dir/src.c.o
/usr/bin/cc -DHAVE_GCC_WUNDEF  -D_GNU_SOURCE=1   -Wundef -o CMakeFiles/cmTC_3d5f4.dir/src.c.o -c /home/randomguy/Desktop/Escuela/Servicio/Renderer/build/CMakeFiles/CMakeTmp/src.c
Linking C executable cmTC_3d5f4
/usr/bin/cmake -E cmake_link_script CMakeFiles/cmTC_3d5f4.dir/link.txt --verbose=1
/usr/bin/cc   -D_GNU_SOURCE=1 CMakeFiles/cmTC_3d5f4.dir/src.c.o -o cmTC_3d5f4 
gmake[1]: Leaving directory '/home/randomguy/Desktop/Escuela/Servicio/Renderer/build/CMakeFiles/CMakeTmp'


Source file was:
int main(void) { return 0; }
Performing C SOURCE FILE Test HAVE_GCC_WFLOAT_CONVERSION succeeded with the following output:
Change Dir: /home/randomguy/Desktop/Escuela/Servicio/Renderer/build/CMakeFiles/CMakeTmp

Run Build Command(s):/usr/bin/gmake -f Makefile cmTC_4410f/fast && /usr/bin/gmake  -f CMakeFiles/cmTC_4410f.dir/build.make CMakeFiles/cmTC_4410f.dir/build
gmake[1]: Entering directory '/home/randomguy/Desktop/Escuela/Servicio/Renderer/build/CMakeFiles/CMakeTmp'
Building C object CMakeFiles/cmTC_4410f.dir/src.c.o
/usr/bin/cc -DHAVE_GCC_WFLOAT_CONVERSION  -D_GNU_SOURCE=1   -Wfloat-conversion -o CMakeFiles/cmTC_4410f.dir/src.c.o -c /home/randomguy/Desktop/Escuela/Servicio/Renderer/build/CMakeFiles/CMakeTmp/src.c
Linking C executable cmTC_4410f
/usr/bin/cmake -E cmake_link_script CMakeFiles/cmTC_4410f.dir/link.txt --verbose=1
/usr/bin/cc   -D_GNU_SOURCE=1 CMakeFiles/cmTC_4410f.dir/src.c.o -o cmTC_4410f 
gmake[1]: Leaving directory '/home/randomguy/Desktop/Escuela/Servicio/Renderer/build/CMakeFiles/CMakeTmp'


Source file was:
int main(void) { return 0; }
Performing C SOURCE FILE Test HAVE_GCC_NO_STRICT_ALIASING succeeded with the following output:
Change Dir: /home/randomguy/Desktop/Escuela/Servicio/Renderer/build/CMakeFiles/CMakeTmp

Run Build Command(s):/usr/bin/gmake -f Makefile cmTC_827c5/fast && /usr/bin/gmake  -f CMakeFiles/cmTC_827c5.dir/build.make CMakeFiles/cmTC_827c5.dir/build
gmake[1]: Entering directory '/home/randomguy/Desktop/Escuela/Servicio/Renderer/build/CMakeFiles/CMakeTmp'
Building C object CMakeFiles/cmTC_827c5.dir/src.c.o
/usr/bin/cc -DHAVE_GCC_NO_STRICT_ALIASING  -D_GNU_SOURCE=1   -fno-strict-aliasing -o CMakeFiles/cmTC_827c5.dir/src.c.o -c /home/randomguy/Desktop/Escuela/Servicio/Renderer/build/CMakeFiles/CMakeTmp/src.c
Linking C executable cmTC_827c5
/usr/bin/cmake -E cmake_link_script CMakeFiles/cmTC_827c5.dir/link.txt --verbose=1
/usr/bin/cc   -D_GNU_SOURCE=1 CMakeFiles/cmTC_827c5.dir/src.c.o -o cmTC_827c5 
gmake[1]: Leaving directory '/home/randomguy/Desktop/Escuela/Servicio/Renderer/build/CMakeFiles/CMakeTmp'


Source file was:
int main(void) { return 0; }
Performing C SOURCE FILE Test HAVE_GCC_WSHADOW succeeded with the following output:
Change Dir: /home/randomguy/Desktop/Escuela/Servicio/Renderer/build/CMakeFiles/CMakeTmp

Run Build Command(s):/usr/bin/gmake -f Makefile cmTC_1f5cd/fast && /usr/bin/gmake  -f CMakeFiles/cmTC_1f5cd.dir/build.make CMakeFiles/cmTC_1f5cd.dir/build
gmake[1]: Entering directory '/home/randomguy/Desktop/Escuela/Servicio/Renderer/build/CMakeFiles/CMakeTmp'
Building C object CMakeFiles/cmTC_1f5cd.dir/src.c.o
/usr/bin/cc -DHAVE_GCC_WSHADOW  -D_GNU_SOURCE=1   -Wshadow -o CMakeFiles/cmTC_1f5cd.dir/src.c.o -c /home/randomguy/Desktop/Escuela/Servicio/Renderer/build/CMakeFiles/CMakeTmp/src.c
Linking C executable cmTC_1f5cd
/usr/bin/cmake -E cmake_link_script CMakeFiles/cmTC_1f5cd.dir/link.txt --verbose=1
/usr/bin/cc   -D_GNU_SOURCE=1 CMakeFiles/cmTC_1f5cd.dir/src.c.o -o cmTC_1f5cd 
gmake[1]: Leaving directory '/home/randomguy/Desktop/Escuela/Servicio/Renderer/build/CMakeFiles/CMakeTmp'


Source file was:
int main(void) { return 0; }
Performing C SOURCE FILE Test HAVE_GCC_WUNUSED_LOCAL_TYPEDEFS succeeded with the following output:
Change Dir: /home/randomguy/Desktop/Escuela/Servicio/Renderer/build/CMakeFiles/CMakeTmp

Run Build Command(s):/usr/bin/gmake -f Makefile cmTC_77366/fast && /usr/bin/gmake  -f CMakeFiles/cmTC_77366.dir/build.make CMakeFiles/cmTC_77366.dir/build
gmake[1]: Entering directory '/home/randomguy/Desktop/Escuela/Servicio/Renderer/build/CMakeFiles/CMakeTmp'
Building C object CMakeFiles/cmTC_77366.dir/src.c.o
/usr/bin/cc -DHAVE_GCC_WUNUSED_LOCAL_TYPEDEFS  -D_GNU_SOURCE=1   -Wunused-local-typedefs -o CMakeFiles/cmTC_77366.dir/src.c.o -c /home/randomguy/Desktop/Escuela/Servicio/Renderer/build/CMakeFiles/CMakeTmp/src.c
Linking C executable cmTC_77366
/usr/bin/cmake -E cmake_link_script CMakeFiles/cmTC_77366.dir/link.txt --verbose=1
/usr/bin/cc   -D_GNU_SOURCE=1 CMakeFiles/cmTC_77366.dir/src.c.o -o cmTC_77366 
gmake[1]: Leaving directory '/home/randomguy/Desktop/Escuela/Servicio/Renderer/build/CMakeFiles/CMakeTmp'


Source file was:
int main(void) { return 0; }
Performing C SOURCE FILE Test HAVE_GCC_WIMPLICIT_FALLTHROUGH succeeded with the following output:
Change Dir: /home/randomguy/Desktop/Escuela/Servicio/Renderer/build/CMakeFiles/CMakeTmp

Run Build Command(s):/usr/bin/gmake -f Makefile cmTC_90c01/fast && /usr/bin/gmake  -f CMakeFiles/cmTC_90c01.dir/build.make CMakeFiles/cmTC_90c01.dir/build
gmake[1]: Entering directory '/home/randomguy/Desktop/Escuela/Servicio/Renderer/build/CMakeFiles/CMakeTmp'
Building C object CMakeFiles/cmTC_90c01.dir/src.c.o
/usr/bin/cc -DHAVE_GCC_WIMPLICIT_FALLTHROUGH  -D_GNU_SOURCE=1   -Wimplicit-fallthrough -o CMakeFiles/cmTC_90c01.dir/src.c.o -c /home/randomguy/Desktop/Escuela/Servicio/Renderer/build/CMakeFiles/CMakeTmp/src.c
Linking C executable cmTC_90c01
/usr/bin/cmake -E cmake_link_script CMakeFiles/cmTC_90c01.dir/link.txt --verbose=1
/usr/bin/cc   -D_GNU_SOURCE=1 CMakeFiles/cmTC_90c01.dir/src.c.o -o cmTC_90c01 
gmake[1]: Leaving directory '/home/randomguy/Desktop/Escuela/Servicio/Renderer/build/CMakeFiles/CMakeTmp'


Source file was:
int main(void) { return 0; }
Performing C SOURCE FILE Test COMPILER_SUPPORTS_FDIAGNOSTICS_COLOR_ALWAYS succeeded with the following output:
Change Dir: /home/randomguy/Desktop/Escuela/Servicio/Renderer/build/CMakeFiles/CMakeTmp

Run Build Command(s):/usr/bin/gmake -f Makefile cmTC_1d8f3/fast && /usr/bin/gmake  -f CMakeFiles/cmTC_1d8f3.dir/build.make CMakeFiles/cmTC_1d8f3.dir/build
gmake[1]: Entering directory '/home/randomguy/Desktop/Escuela/Servicio/Renderer/build/CMakeFiles/CMakeTmp'
Building C object CMakeFiles/cmTC_1d8f3.dir/src.c.o
/usr/bin/cc -DCOMPILER_SUPPORTS_FDIAGNOSTICS_COLOR_ALWAYS  -D_GNU_SOURCE=1   -fdiagnostics-color=always -o CMakeFiles/cmTC_1d8f3.dir/src.c.o -c /home/randomguy/Desktop/Escuela/Servicio/Renderer/build/CMakeFiles/CMakeTmp/src.c
Linking C executable cmTC_1d8f3
/usr/bin/cmake -E cmake_link_script CMakeFiles/cmTC_1d8f3.dir/link.txt --verbose=1
/usr/bin/cc   -D_GNU_SOURCE=1 CMakeFiles/cmTC_1d8f3.dir/src.c.o -o cmTC_1d8f3 
gmake[1]: Leaving directory '/home/randomguy/Desktop/Escuela/Servicio/Renderer/build/CMakeFiles/CMakeTmp'


Source file was:
int main(void) { return 0; }
Determining if the __GLIBC__ exist passed with the following output:
Change Dir: /home/randomguy/Desktop/Escuela/Servicio/Renderer/build/CMakeFiles/CMakeTmp

Run Build Command(s):/usr/bin/gmake -f Makefile cmTC_e6ab1/fast && /usr/bin/gmake  -f CMakeFiles/cmTC_e6ab1.dir/build.make CMakeFiles/cmTC_e6ab1.dir/build
gmake[1]: Entering directory '/home/randomguy/Desktop/Escuela/Servicio/Renderer/build/CMakeFiles/CMakeTmp'
Building C object CMakeFiles/cmTC_e6ab1.dir/CheckSymbolExists.c.o
/usr/bin/cc   -D_GNU_SOURCE=1 -o CMakeFiles/cmTC_e6ab1.dir/CheckSymbolExists.c.o -c /home/randomguy/Desktop/Escuela/Servicio/Renderer/build/CMakeFiles/CMakeTmp/CheckSymbolExists.c
Linking C executable cmTC_e6ab1
/usr/bin/cmake -E cmake_link_script CMakeFiles/cmTC_e6ab1.dir/link.txt --verbose=1
/usr/bin/cc   -D_GNU_SOURCE=1 CMakeFiles/cmTC_e6ab1.dir/CheckSymbolExists.c.o -o cmTC_e6ab1 
gmake[1]: Leaving directory '/home/randomguy/Desktop/Escuela/Servicio/Renderer/build/CMakeFiles/CMakeTmp'


File /home/randomguy/Desktop/Escuela/Servicio/Renderer/build/CMakeFiles/CMakeTmp/CheckSymbolExists.c:
/* */
#include <stdlib.h>

int main(int argc, char** argv)
{
  (void)argv;
#ifndef __GLIBC__
  return ((int*)(&__GLIBC__))[argc];
#else
  (void)argc;
  return 0;
#endif
}
Performing C SOURCE FILE Test LINKER_SUPPORTS_VERSION_SCRIPT succeeded with the following output:
Change Dir: /home/randomguy/Desktop/Escuela/Servicio/Renderer/build/CMakeFiles/CMakeTmp

Run Build Command(s):/usr/bin/gmake -f Makefile cmTC_e3041/fast && /usr/bin/gmake  -f CMakeFiles/cmTC_e3041.dir/build.make CMakeFiles/cmTC_e3041.dir/build
gmake[1]: Entering directory '/home/randomguy/Desktop/Escuela/Servicio/Renderer/build/CMakeFiles/CMakeTmp'
Building C object CMakeFiles/cmTC_e3041.dir/src.c.o
/usr/bin/cc -DLINKER_SUPPORTS_VERSION_SCRIPT   -o CMakeFiles/cmTC_e3041.dir/src.c.o -c /home/randomguy/Desktop/Escuela/Servicio/Renderer/build/CMakeFiles/CMakeTmp/src.c
Linking C executable cmTC_e3041
/usr/bin/cmake -E cmake_link_script CMakeFiles/cmTC_e3041.dir/link.txt --verbose=1
/usr/bin/cc -Wl,--version-script=/home/randomguy/Desktop/Escuela/Servicio/Renderer/build/sdl3/vendored/SDL/CMakeFiles/dummy.sym CMakeFiles/cmTC_e3041.dir/src.c.o -o cmTC_e3041 
gmake[1]: Leaving directory '/home/randomguy/Desktop/Escuela/Servicio/Renderer/build/CMakeFiles/CMakeTmp'


Source file was:
int func(void) {return 0;} int main(int argc,char*argv[]){(void)argc;(void)argv;return func();}
Performing C SOURCE FILE Test COMPILER_SUPPORTS_GCC_ATOMICS succeeded with the following output:
Change Dir: /home/randomguy/Desktop/Escuela/Servicio/Renderer/build/CMakeFiles/CMakeTmp

Run Build Command(s):/usr/bin/gmake -f Makefile cmTC_43704/fast && /usr/bin/gmake  -f CMakeFiles/cmTC_43704.dir/build.make CMakeFiles/cmTC_43704.dir/build
gmake[1]: Entering directory '/home/randomguy/Desktop/Escuela/Servicio/Renderer/build/CMakeFiles/CMakeTmp'
Building C object CMakeFiles/cmTC_43704.dir/src.c.o
/usr/bin/cc -DCOMPILER_SUPPORTS_GCC_ATOMICS  -D_GNU_SOURCE=1 -o CMakeFiles/cmTC_43704.dir/src.c.o -c /home/randomguy/Desktop/Escuela/Servicio/Renderer/build/CMakeFiles/CMakeTmp/src.c
Linking C executable cmTC_43704
/usr/bin/cmake -E cmake_link_script CMakeFiles/cmTC_43704.dir/link.txt --verbose=1
/usr/bin/cc   -D_GNU_SOURCE=1 CMakeFiles/cmTC_43704.dir/src.c.o -o cmTC_43704 
gmake[1]: Leaving directory '/home/randomguy/Desktop/Escuela/Servicio/Renderer/build/CMakeFiles/CMakeTmp'


Source file was:
int main(int argc, char **argv) {
        int a;
        void *x, *y, *z;
        __sync_lock_test_and_set(&a, 4);
        __sync_lock_test_and_set(&x, y);
        __sync_fetch_and_add(&a, 1);
        __sync_bool_compare_and_swap(&a, 5, 10);
        __sync_bool_compare_and_swap(&x, y, z);
        return 0; }
Performing C SOURCE FILE Test HAVE_GCC_FVISIBILITY succeeded with the following output:
Change Dir: /home/randomguy/Desktop/Escuela/Servicio/Renderer/build/CMakeFiles/CMakeTmp

Run Build Command(s):/usr/bin/gmake -f Makefile cmTC_b46c0/fast && /usr/bin/gmake  -f CMakeFiles/cmTC_b46c0.dir/build.make CMakeFiles/cmTC_b46c0.dir/build
gmake[1]: Entering directory '/home/randomguy/Desktop/Escuela/Servicio/Renderer/build/CMakeFiles/CMakeTmp'
Building C object CMakeFiles/cmTC_b46c0.dir/src.c.o
/usr/bin/cc -DHAVE_GCC_FVISIBILITY  -D_GNU_SOURCE=1 -fvisibility=hidden -Werror -o CMakeFiles/cmTC_b46c0.dir/src.c.o -c /home/randomguy/Desktop/Escuela/Servicio/Renderer/build/CMakeFiles/CMakeTmp/src.c
Linking C executable cmTC_b46c0
/usr/bin/cmake -E cmake_link_script CMakeFiles/cmTC_b46c0.dir/link.txt --verbose=1
/usr/bin/cc   -D_GNU_SOURCE=1 -fvisibility=hidden -Werror CMakeFiles/cmTC_b46c0.dir/src.c.o -o cmTC_b46c0 
gmake[1]: Leaving directory '/home/randomguy/Desktop/Escuela/Servicio/Renderer/build/CMakeFiles/CMakeTmp'


Source file was:

      #if !defined(__GNUC__) || __GNUC__ < 4
      #error SDL only uses visibility attributes in GCC 4 or newer
      #endif
      __attribute__((visibility("default"))) int foo(void);
      __attribute__((visibility("hidden")))  int bar(void);
      int foo(void) { return 0; }
      int bar(void) { return 1; }
      int main(void) { return 0; }
Performing C SOURCE FILE Test LINKER_SUPPORTS_WL_NO_UNDEFINED succeeded with the following output:
Change Dir: /home/randomguy/Desktop/Escuela/Servicio/Renderer/build/CMakeFiles/CMakeTmp

Run Build Command(s):/usr/bin/gmake -f Makefile cmTC_e9e04/fast && /usr/bin/gmake  -f CMakeFiles/cmTC_e9e04.dir/build.make CMakeFiles/cmTC_e9e04.dir/build
gmake[1]: Entering directory '/home/randomguy/Desktop/Escuela/Servicio/Renderer/build/CMakeFiles/CMakeTmp'
Building C object CMakeFiles/cmTC_e9e04.dir/src.c.o
/usr/bin/cc -DLINKER_SUPPORTS_WL_NO_UNDEFINED  -D_GNU_SOURCE=1 -o CMakeFiles/cmTC_e9e04.dir/src.c.o -c /home/randomguy/Desktop/Escuela/Servicio/Renderer/build/CMakeFiles/CMakeTmp/src.c
Linking C executable cmTC_e9e04
/usr/bin/cmake -E cmake_link_script CMakeFiles/cmTC_e9e04.dir/link.txt --verbose=1
/usr/bin/cc   -D_GNU_SOURCE=1 -Wl,--no-undefined CMakeFiles/cmTC_e9e04.dir/src.c.o -o cmTC_e9e04 
gmake[1]: Leaving directory '/home/randomguy/Desktop/Escuela/Servicio/Renderer/build/CMakeFiles/CMakeTmp'


Source file was:
int main() { return 0; }
Performing C SOURCE FILE Test COMPILER_SUPPORTS_MMX succeeded with the following output:
Change Dir: /home/randomguy/Desktop/Escuela/Servicio/Renderer/build/CMakeFiles/CMakeTmp

Run Build Command(s):/usr/bin/gmake -f Makefile cmTC_00bff/fast && /usr/bin/gmake  -f CMakeFiles/cmTC_00bff.dir/build.make CMakeFiles/cmTC_00bff.dir/build
gmake[1]: Entering directory '/home/randomguy/Desktop/Escuela/Servicio/Renderer/build/CMakeFiles/CMakeTmp'
Building C object CMakeFiles/cmTC_00bff.dir/src.c.o
/usr/bin/cc -DCOMPILER_SUPPORTS_MMX  -D_GNU_SOURCE=1 -mmmx -o CMakeFiles/cmTC_00bff.dir/src.c.o -c /home/randomguy/Desktop/Escuela/Servicio/Renderer/build/CMakeFiles/CMakeTmp/src.c
Linking C executable cmTC_00bff
/usr/bin/cmake -E cmake_link_script CMakeFiles/cmTC_00bff.dir/link.txt --verbose=1
/usr/bin/cc   -D_GNU_SOURCE=1 -mmmx CMakeFiles/cmTC_00bff.dir/src.c.o -o cmTC_00bff 
gmake[1]: Leaving directory '/home/randomguy/Desktop/Escuela/Servicio/Renderer/build/CMakeFiles/CMakeTmp'


Source file was:

    #if 0
    # if defined(__i386__) || defined(__x86_64__)
    #  define test_enabled 1
    # else
    #  define test_enabled 0 /* feign success in Apple multi-arch configs */
    # endif
    #else                    /* test normally */
    # define test_enabled 1
    #endif
    #if test_enabled
          #include <mmintrin.h>
      void ints_add(int *dest, int *a, int *b, unsigned size) {
        for (; size >= 2; size -= 2, dest += 2, a += 2, b += 2) {
          *(__m64*)dest = _mm_add_pi32(*(__m64*)a, *(__m64*)b);
        }
      }
      int main(int argc, char *argv[]) {
        ints_add((int*)0, (int*)0, (int*)0, 0);
        return 0;
      }
    #else
    int main(int argc, char *argv[]) {
      (void)argc;
      (void)argv;
      return 0;
    }
    #endif
Performing C SOURCE FILE Test COMPILER_SUPPORTS_SSE succeeded with the following output:
Change Dir: /home/randomguy/Desktop/Escuela/Servicio/Renderer/build/CMakeFiles/CMakeTmp

Run Build Command(s):/usr/bin/gmake -f Makefile cmTC_0699e/fast && /usr/bin/gmake  -f CMakeFiles/cmTC_0699e.dir/build.make CMakeFiles/cmTC_0699e.dir/build
gmake[1]: Entering directory '/home/randomguy/Desktop/Escuela/Servicio/Renderer/build/CMakeFiles/CMakeTmp'
Building C object CMakeFiles/cmTC_0699e.dir/src.c.o
/usr/bin/cc -DCOMPILER_SUPPORTS_SSE  -D_GNU_SOURCE=1 -msse -o CMakeFiles/cmTC_0699e.dir/src.c.o -c /home/randomguy/Desktop/Escuela/Servicio/Renderer/build/CMakeFiles/CMakeTmp/src.c
Linking C executable cmTC_0699e
/usr/bin/cmake -E cmake_link_script CMakeFiles/cmTC_0699e.dir/link.txt --verbose=1
/usr/bin/cc   -D_GNU_SOURCE=1 -msse CMakeFiles/cmTC_0699e.dir/src.c.o -o cmTC_0699e 
gmake[1]: Leaving directory '/home/randomguy/Desktop/Escuela/Servicio/Renderer/build/CMakeFiles/CMakeTmp'


Source file was:

    #if 0
    # if defined(__i386__) || defined(__x86_64__)
    #  define test_enabled 1
    # else
    #  define test_enabled 0 /* feign success in Apple multi-arch configs */
    # endif
    #else                    /* test normally */
    # define test_enabled 1
    #endif
    #if test_enabled
          #include <xmmintrin.h>
      void floats_add(float *dest, float *a, float *b, unsigned size) {
        for (; size >= 4; size -= 4, dest += 4, a += 4, b += 4) {
          _mm_storeu_ps(dest, _mm_add_ps(_mm_loadu_ps(a), _mm_loadu_ps (b)));
        }
      }
      int main(int argc, char **argv) {
        floats_add((float*)0, (float*)0, (float*)0, 0);
        return 0;
      }
    #else
    int main(int argc, char *argv[]) {
      (void)argc;
      (void)argv;
      return 0;
    }
    #endif
Performing C SOURCE FILE Test COMPILER_SUPPORTS_SSE2 succeeded with the following output:
Change Dir: /home/randomguy/Desktop/Escuela/Servicio/Renderer/build/CMakeFiles/CMakeTmp

Run Build Command(s):/usr/bin/gmake -f Makefile cmTC_f5032/fast && /usr/bin/gmake  -f CMakeFiles/cmTC_f5032.dir/build.make CMakeFiles/cmTC_f5032.dir/build
gmake[1]: Entering directory '/home/randomguy/Desktop/Escuela/Servicio/Renderer/build/CMakeFiles/CMakeTmp'
Building C object CMakeFiles/cmTC_f5032.dir/src.c.o
/usr/bin/cc -DCOMPILER_SUPPORTS_SSE2  -D_GNU_SOURCE=1 -msse2 -o CMakeFiles/cmTC_f5032.dir/src.c.o -c /home/randomguy/Desktop/Escuela/Servicio/Renderer/build/CMakeFiles/CMakeTmp/src.c
Linking C executable cmTC_f5032
/usr/bin/cmake -E cmake_link_script CMakeFiles/cmTC_f5032.dir/link.txt --verbose=1
/usr/bin/cc   -D_GNU_SOURCE=1 -msse2 CMakeFiles/cmTC_f5032.dir/src.c.o -o cmTC_f5032 
gmake[1]: Leaving directory '/home/randomguy/Desktop/Escuela/Servicio/Renderer/build/CMakeFiles/CMakeTmp'


Source file was:

    #if 0
    # if defined(__i386__) || defined(__x86_64__)
    #  define test_enabled 1
    # else
    #  define test_enabled 0 /* feign success in Apple multi-arch configs */
    # endif
    #else                    /* test normally */
    # define test_enabled 1
    #endif
    #if test_enabled
          #include <emmintrin.h>
      void doubles_add(double *dest, double *a, double *b, unsigned size) {
        for (; size >= 4; size -= 4, dest += 4, a += 4, b += 4) {
          _mm_store_pd(dest, _mm_add_pd(_mm_loadu_pd(a), _mm_loadu_pd(b)));
        }
      }
      int main(int argc, char **argv) {
        doubles_add((double*)0, (double*)0, (double*)0, 0);
        return 0;
      }
    #else
    int main(int argc, char *argv[]) {
      (void)argc;
      (void)argv;
      return 0;
    }
    #endif
Performing C SOURCE FILE Test COMPILER_SUPPORTS_SSE3 succeeded with the following output:
Change Dir: /home/randomguy/Desktop/Escuela/Servicio/Renderer/build/CMakeFiles/CMakeTmp

Run Build Command(s):/usr/bin/gmake -f Makefile cmTC_63d81/fast && /usr/bin/gmake  -f CMakeFiles/cmTC_63d81.dir/build.make CMakeFiles/cmTC_63d81.dir/build
gmake[1]: Entering directory '/home/randomguy/Desktop/Escuela/Servicio/Renderer/build/CMakeFiles/CMakeTmp'
Building C object CMakeFiles/cmTC_63d81.dir/src.c.o
/usr/bin/cc -DCOMPILER_SUPPORTS_SSE3  -D_GNU_SOURCE=1 -msse3 -o CMakeFiles/cmTC_63d81.dir/src.c.o -c /home/randomguy/Desktop/Escuela/Servicio/Renderer/build/CMakeFiles/CMakeTmp/src.c
Linking C executable cmTC_63d81
/usr/bin/cmake -E cmake_link_script CMakeFiles/cmTC_63d81.dir/link.txt --verbose=1
/usr/bin/cc   -D_GNU_SOURCE=1 -msse3 CMakeFiles/cmTC_63d81.dir/src.c.o -o cmTC_63d81 
gmake[1]: Leaving directory '/home/randomguy/Desktop/Escuela/Servicio/Renderer/build/CMakeFiles/CMakeTmp'


Source file was:

    #if 0
    # if defined(__i386__) || defined(__x86_64__)
    #  define test_enabled 1
    # else
    #  define test_enabled 0 /* feign success in Apple multi-arch configs */
    # endif
    #else                    /* test normally */
    # define test_enabled 1
    #endif
    #if test_enabled
          #include <pmmintrin.h>
      void ints_add(int *dest, int *a, int *b, unsigned size) {
        for (; size >= 4; size -= 4, dest += 4, a += 4, b += 4) {
          _mm_storeu_si128((__m128i*)dest, _mm_add_epi32(_mm_lddqu_si128((__m128i*)a), _mm_lddqu_si128((__m128i*)b)));
        }
      }
      int main(int argc, char **argv) {
        ints_add((int*)0, (int*)0, (int*)0, 0);
        return 0;
      }
    #else
    int main(int argc, char *argv[]) {
      (void)argc;
      (void)argv;
      return 0;
    }
    #endif
Performing C SOURCE FILE Test COMPILER_SUPPORTS_SSE4_1 succeeded with the following output:
Change Dir: /home/randomguy/Desktop/Escuela/Servicio/Renderer/build/CMakeFiles/CMakeTmp

Run Build Command(s):/usr/bin/gmake -f Makefile cmTC_43fbd/fast && /usr/bin/gmake  -f CMakeFiles/cmTC_43fbd.dir/build.make CMakeFiles/cmTC_43fbd.dir/build
gmake[1]: Entering directory '/home/randomguy/Desktop/Escuela/Servicio/Renderer/build/CMakeFiles/CMakeTmp'
Building C object CMakeFiles/cmTC_43fbd.dir/src.c.o
/usr/bin/cc -DCOMPILER_SUPPORTS_SSE4_1  -D_GNU_SOURCE=1 -msse4.1 -o CMakeFiles/cmTC_43fbd.dir/src.c.o -c /home/randomguy/Desktop/Escuela/Servicio/Renderer/build/CMakeFiles/CMakeTmp/src.c
Linking C executable cmTC_43fbd
/usr/bin/cmake -E cmake_link_script CMakeFiles/cmTC_43fbd.dir/link.txt --verbose=1
/usr/bin/cc   -D_GNU_SOURCE=1 -msse4.1 CMakeFiles/cmTC_43fbd.dir/src.c.o -o cmTC_43fbd 
gmake[1]: Leaving directory '/home/randomguy/Desktop/Escuela/Servicio/Renderer/build/CMakeFiles/CMakeTmp'


Source file was:

    #if 0
    # if defined(__i386__) || defined(__x86_64__)
    #  define test_enabled 1
    # else
    #  define test_enabled 0 /* feign success in Apple multi-arch configs */
    # endif
    #else                    /* test normally */
    # define test_enabled 1
    #endif
    #if test_enabled
          #include <smmintrin.h>
      void ints_mul(int *dest, int *a, int *b, unsigned size) {
        for (; size >= 4; size -= 4, dest += 4, a += 4, b += 4) {
          _mm_storeu_si128((__m128i*)dest, _mm_mullo_epi32(_mm_lddqu_si128((__m128i*)a), _mm_lddqu_si128((__m128i*)b)));
        }
      }
      int main(int argc, char **argv) {
        ints_mul((int*)0, (int*)0, (int*)0, 0);
        return 0;
      }
    #else
    int main(int argc, char *argv[]) {
      (void)argc;
      (void)argv;
      return 0;
    }
    #endif
Performing C SOURCE FILE Test COMPILER_SUPPORTS_SSE4_2 succeeded with the following output:
Change Dir: /home/randomguy/Desktop/Escuela/Servicio/Renderer/build/CMakeFiles/CMakeTmp

Run Build Command(s):/usr/bin/gmake -f Makefile cmTC_ffff4/fast && /usr/bin/gmake  -f CMakeFiles/cmTC_ffff4.dir/build.make CMakeFiles/cmTC_ffff4.dir/build
gmake[1]: Entering directory '/home/randomguy/Desktop/Escuela/Servicio/Renderer/build/CMakeFiles/CMakeTmp'
Building C object CMakeFiles/cmTC_ffff4.dir/src.c.o
/usr/bin/cc -DCOMPILER_SUPPORTS_SSE4_2  -D_GNU_SOURCE=1 -msse4.2 -o CMakeFiles/cmTC_ffff4.dir/src.c.o -c /home/randomguy/Desktop/Escuela/Servicio/Renderer/build/CMakeFiles/CMakeTmp/src.c
Linking C executable cmTC_ffff4
/usr/bin/cmake -E cmake_link_script CMakeFiles/cmTC_ffff4.dir/link.txt --verbose=1
/usr/bin/cc   -D_GNU_SOURCE=1 -msse4.2 CMakeFiles/cmTC_ffff4.dir/src.c.o -o cmTC_ffff4 
gmake[1]: Leaving directory '/home/randomguy/Desktop/Escuela/Servicio/Renderer/build/CMakeFiles/CMakeTmp'


Source file was:

    #if 0
    # if defined(__i386__) || defined(__x86_64__)
    #  define test_enabled 1
    # else
    #  define test_enabled 0 /* feign success in Apple multi-arch configs */
    # endif
    #else                    /* test normally */
    # define test_enabled 1
    #endif
    #if test_enabled
          #include <nmmintrin.h>
      __m128i bitmask;
      char data[16];
      int main(int argc, char **argv) {
        bitmask = _mm_cmpgt_epi64(_mm_set1_epi64x(0), _mm_loadu_si128((void*)data));
        return 0;
      }
    #else
    int main(int argc, char *argv[]) {
      (void)argc;
      (void)argv;
      return 0;
    }
    #endif
Performing C SOURCE FILE Test COMPILER_SUPPORTS_AVX succeeded with the following output:
Change Dir: /home/randomguy/Desktop/Escuela/Servicio/Renderer/build/CMakeFiles/CMakeTmp

Run Build Command(s):/usr/bin/gmake -f Makefile cmTC_670d3/fast && /usr/bin/gmake  -f CMakeFiles/cmTC_670d3.dir/build.make CMakeFiles/cmTC_670d3.dir/build
gmake[1]: Entering directory '/home/randomguy/Desktop/Escuela/Servicio/Renderer/build/CMakeFiles/CMakeTmp'
Building C object CMakeFiles/cmTC_670d3.dir/src.c.o
/usr/bin/cc -DCOMPILER_SUPPORTS_AVX  -D_GNU_SOURCE=1 -mavx -o CMakeFiles/cmTC_670d3.dir/src.c.o -c /home/randomguy/Desktop/Escuela/Servicio/Renderer/build/CMakeFiles/CMakeTmp/src.c
Linking C executable cmTC_670d3
/usr/bin/cmake -E cmake_link_script CMakeFiles/cmTC_670d3.dir/link.txt --verbose=1
/usr/bin/cc   -D_GNU_SOURCE=1 -mavx CMakeFiles/cmTC_670d3.dir/src.c.o -o cmTC_670d3 
gmake[1]: Leaving directory '/home/randomguy/Desktop/Escuela/Servicio/Renderer/build/CMakeFiles/CMakeTmp'


Source file was:

    #if 0
    # if defined(__i386__) || defined(__x86_64__)
    #  define test_enabled 1
    # else
    #  define test_enabled 0 /* feign success in Apple multi-arch configs */
    # endif
    #else                    /* test normally */
    # define test_enabled 1
    #endif
    #if test_enabled
          #include <immintrin.h>
      void floats_add(float *dest, float *a, float *b, unsigned size) {
        for (; size >= 8; size -= 8, dest += 8, a += 8, b += 8) {
          _mm256_storeu_ps(dest, _mm256_add_ps(_mm256_loadu_ps(a), _mm256_loadu_ps(b)));
        }
      }
      int main(int argc, char **argv) {
        floats_add((float*)0, (float*)0, (float*)0, 0);
        return 0;
      }
    #else
    int main(int argc, char *argv[]) {
      (void)argc;
      (void)argv;
      return 0;
    }
    #endif
Performing C SOURCE FILE Test COMPILER_SUPPORTS_AVX2 succeeded with the following output:
Change Dir: /home/randomguy/Desktop/Escuela/Servicio/Renderer/build/CMakeFiles/CMakeTmp

Run Build Command(s):/usr/bin/gmake -f Makefile cmTC_a067d/fast && /usr/bin/gmake  -f CMakeFiles/cmTC_a067d.dir/build.make CMakeFiles/cmTC_a067d.dir/build
gmake[1]: Entering directory '/home/randomguy/Desktop/Escuela/Servicio/Renderer/build/CMakeFiles/CMakeTmp'
Building C object CMakeFiles/cmTC_a067d.dir/src.c.o
/usr/bin/cc -DCOMPILER_SUPPORTS_AVX2  -D_GNU_SOURCE=1 -mavx2 -o CMakeFiles/cmTC_a067d.dir/src.c.o -c /home/randomguy/Desktop/Escuela/Servicio/Renderer/build/CMakeFiles/CMakeTmp/src.c
Linking C executable cmTC_a067d
/usr/bin/cmake -E cmake_link_script CMakeFiles/cmTC_a067d.dir/link.txt --verbose=1
/usr/bin/cc   -D_GNU_SOURCE=1 -mavx2 CMakeFiles/cmTC_a067d.dir/src.c.o -o cmTC_a067d 
gmake[1]: Leaving directory '/home/randomguy/Desktop/Escuela/Servicio/Renderer/build/CMakeFiles/CMakeTmp'


Source file was:

    #if 0
    # if defined(__i386__) || defined(__x86_64__)
    #  define test_enabled 1
    # else
    #  define test_enabled 0 /* feign success in Apple multi-arch configs */
    # endif
    #else                    /* test normally */
    # define test_enabled 1
    #endif
    #if test_enabled
          #include <immintrin.h>
      void ints_add(int *dest, int *a, int *b, unsigned size) {
        for (; size >= 8; size -= 8, dest += 8, a += 8, b += 8) {
          _mm256_storeu_si256((__m256i*)dest, _mm256_add_epi32(_mm256_loadu_si256((__m256i*)a), _mm256_loadu_si256((__m256i*)b)));
        }
      }
      int main(int argc, char **argv) {
        ints_add((int*)0, (int*)0, (int*)0, 0);
        return 0;
      }
    #else
    int main(int argc, char *argv[]) {
      (void)argc;
      (void)argv;
      return 0;
    }
    #endif
Performing C SOURCE FILE Test COMPILER_SUPPORTS_AVX512F succeeded with the following output:
Change Dir: /home/randomguy/Desktop/Escuela/Servicio/Renderer/build/CMakeFiles/CMakeTmp

Run Build Command(s):/usr/bin/gmake -f Makefile cmTC_52c27/fast && /usr/bin/gmake  -f CMakeFiles/cmTC_52c27.dir/build.make CMakeFiles/cmTC_52c27.dir/build
gmake[1]: Entering directory '/home/randomguy/Desktop/Escuela/Servicio/Renderer/build/CMakeFiles/CMakeTmp'
Building C object CMakeFiles/cmTC_52c27.dir/src.c.o
/usr/bin/cc -DCOMPILER_SUPPORTS_AVX512F  -D_GNU_SOURCE=1 -mavx512f -o CMakeFiles/cmTC_52c27.dir/src.c.o -c /home/randomguy/Desktop/Escuela/Servicio/Renderer/build/CMakeFiles/CMakeTmp/src.c
Linking C executable cmTC_52c27
/usr/bin/cmake -E cmake_link_script CMakeFiles/cmTC_52c27.dir/link.txt --verbose=1
/usr/bin/cc   -D_GNU_SOURCE=1 -mavx512f CMakeFiles/cmTC_52c27.dir/src.c.o -o cmTC_52c27 
gmake[1]: Leaving directory '/home/randomguy/Desktop/Escuela/Servicio/Renderer/build/CMakeFiles/CMakeTmp'


Source file was:

    #if 0
    # if defined(__i386__) || defined(__x86_64__)
    #  define test_enabled 1
    # else
    #  define test_enabled 0 /* feign success in Apple multi-arch configs */
    # endif
    #else                    /* test normally */
    # define test_enabled 1
    #endif
    #if test_enabled
          #include <immintrin.h>
      void floats_add(float *dest, float *a, float *b, unsigned size) {
        for (; size >= 16; size -= 16, dest += 16, a += 16, b += 16) {
          _mm512_storeu_ps(dest, _mm512_add_ps(_mm512_loadu_ps(a), _mm512_loadu_ps(b)));
        }
      }
      int main(int argc, char **argv) {
        floats_add((float*)0, (float*)0, (float*)0, 0);
        return 0;
      }
    #else
    int main(int argc, char *argv[]) {
      (void)argc;
      (void)argv;
      return 0;
    }
    #endif
Determining if the include file alloca.h exists passed with the following output:
Change Dir: /home/randomguy/Desktop/Escuela/Servicio/Renderer/build/CMakeFiles/CMakeTmp

Run Build Command(s):/usr/bin/gmake -f Makefile cmTC_f6d4a/fast && /usr/bin/gmake  -f CMakeFiles/cmTC_f6d4a.dir/build.make CMakeFiles/cmTC_f6d4a.dir/build
gmake[1]: Entering directory '/home/randomguy/Desktop/Escuela/Servicio/Renderer/build/CMakeFiles/CMakeTmp'
Building C object CMakeFiles/cmTC_f6d4a.dir/CheckIncludeFile.c.o
/usr/bin/cc   -D_GNU_SOURCE=1 -o CMakeFiles/cmTC_f6d4a.dir/CheckIncludeFile.c.o -c /home/randomguy/Desktop/Escuela/Servicio/Renderer/build/CMakeFiles/CMakeTmp/CheckIncludeFile.c
Linking C executable cmTC_f6d4a
/usr/bin/cmake -E cmake_link_script CMakeFiles/cmTC_f6d4a.dir/link.txt --verbose=1
/usr/bin/cc   -D_GNU_SOURCE=1 CMakeFiles/cmTC_f6d4a.dir/CheckIncludeFile.c.o -o cmTC_f6d4a 
gmake[1]: Leaving directory '/home/randomguy/Desktop/Escuela/Servicio/Renderer/build/CMakeFiles/CMakeTmp'



Determining if the include file float.h exists passed with the following output:
Change Dir: /home/randomguy/Desktop/Escuela/Servicio/Renderer/build/CMakeFiles/CMakeTmp

Run Build Command(s):/usr/bin/gmake -f Makefile cmTC_fd819/fast && /usr/bin/gmake  -f CMakeFiles/cmTC_fd819.dir/build.make CMakeFiles/cmTC_fd819.dir/build
gmake[1]: Entering directory '/home/randomguy/Desktop/Escuela/Servicio/Renderer/build/CMakeFiles/CMakeTmp'
Building C object CMakeFiles/cmTC_fd819.dir/CheckIncludeFile.c.o
/usr/bin/cc   -D_GNU_SOURCE=1 -o CMakeFiles/cmTC_fd819.dir/CheckIncludeFile.c.o -c /home/randomguy/Desktop/Escuela/Servicio/Renderer/build/CMakeFiles/CMakeTmp/CheckIncludeFile.c
Linking C executable cmTC_fd819
/usr/bin/cmake -E cmake_link_script CMakeFiles/cmTC_fd819.dir/link.txt --verbose=1
/usr/bin/cc   -D_GNU_SOURCE=1 CMakeFiles/cmTC_fd819.dir/CheckIncludeFile.c.o -o cmTC_fd819 
gmake[1]: Leaving directory '/home/randomguy/Desktop/Escuela/Servicio/Renderer/build/CMakeFiles/CMakeTmp'



Determining if the include file iconv.h exists passed with the following output:
Change Dir: /home/randomguy/Desktop/Escuela/Servicio/Renderer/build/CMakeFiles/CMakeTmp

Run Build Command(s):/usr/bin/gmake -f Makefile cmTC_a619a/fast && /usr/bin/gmake  -f CMakeFiles/cmTC_a619a.dir/build.make CMakeFiles/cmTC_a619a.dir/build
gmake[1]: Entering directory '/home/randomguy/Desktop/Escuela/Servicio/Renderer/build/CMakeFiles/CMakeTmp'
Building C object CMakeFiles/cmTC_a619a.dir/CheckIncludeFile.c.o
/usr/bin/cc   -D_GNU_SOURCE=1 -o CMakeFiles/cmTC_a619a.dir/CheckIncludeFile.c.o -c /home/randomguy/Desktop/Escuela/Servicio/Renderer/build/CMakeFiles/CMakeTmp/CheckIncludeFile.c
Linking C executable cmTC_a619a
/usr/bin/cmake -E cmake_link_script CMakeFiles/cmTC_a619a.dir/link.txt --verbose=1
/usr/bin/cc   -D_GNU_SOURCE=1 CMakeFiles/cmTC_a619a.dir/CheckIncludeFile.c.o -o cmTC_a619a 
gmake[1]: Leaving directory '/home/randomguy/Desktop/Escuela/Servicio/Renderer/build/CMakeFiles/CMakeTmp'



Determining if the include file inttypes.h exists passed with the following output:
Change Dir: /home/randomguy/Desktop/Escuela/Servicio/Renderer/build/CMakeFiles/CMakeTmp

Run Build Command(s):/usr/bin/gmake -f Makefile cmTC_da1a5/fast && /usr/bin/gmake  -f CMakeFiles/cmTC_da1a5.dir/build.make CMakeFiles/cmTC_da1a5.dir/build
gmake[1]: Entering directory '/home/randomguy/Desktop/Escuela/Servicio/Renderer/build/CMakeFiles/CMakeTmp'
Building C object CMakeFiles/cmTC_da1a5.dir/CheckIncludeFile.c.o
/usr/bin/cc   -D_GNU_SOURCE=1 -o CMakeFiles/cmTC_da1a5.dir/CheckIncludeFile.c.o -c /home/randomguy/Desktop/Escuela/Servicio/Renderer/build/CMakeFiles/CMakeTmp/CheckIncludeFile.c
Linking C executable cmTC_da1a5
/usr/bin/cmake -E cmake_link_script CMakeFiles/cmTC_da1a5.dir/link.txt --verbose=1
/usr/bin/cc   -D_GNU_SOURCE=1 CMakeFiles/cmTC_da1a5.dir/CheckIncludeFile.c.o -o cmTC_da1a5 
gmake[1]: Leaving directory '/home/randomguy/Desktop/Escuela/Servicio/Renderer/build/CMakeFiles/CMakeTmp'



Determining if the include file limits.h exists passed with the following output:
Change Dir: /home/randomguy/Desktop/Escuela/Servicio/Renderer/build/CMakeFiles/CMakeTmp

Run Build Command(s):/usr/bin/gmake -f Makefile cmTC_8e92c/fast && /usr/bin/gmake  -f CMakeFiles/cmTC_8e92c.dir/build.make CMakeFiles/cmTC_8e92c.dir/build
gmake[1]: Entering directory '/home/randomguy/Desktop/Escuela/Servicio/Renderer/build/CMakeFiles/CMakeTmp'
Building C object CMakeFiles/cmTC_8e92c.dir/CheckIncludeFile.c.o
/usr/bin/cc   -D_GNU_SOURCE=1 -o CMakeFiles/cmTC_8e92c.dir/CheckIncludeFile.c.o -c /home/randomguy/Desktop/Escuela/Servicio/Renderer/build/CMakeFiles/CMakeTmp/CheckIncludeFile.c
Linking C executable cmTC_8e92c
/usr/bin/cmake -E cmake_link_script CMakeFiles/cmTC_8e92c.dir/link.txt --verbose=1
/usr/bin/cc   -D_GNU_SOURCE=1 CMakeFiles/cmTC_8e92c.dir/CheckIncludeFile.c.o -o cmTC_8e92c 
gmake[1]: Leaving directory '/home/randomguy/Desktop/Escuela/Servicio/Renderer/build/CMakeFiles/CMakeTmp'



Determining if the include file malloc.h exists passed with the following output:
Change Dir: /home/randomguy/Desktop/Escuela/Servicio/Renderer/build/CMakeFiles/CMakeTmp

Run Build Command(s):/usr/bin/gmake -f Makefile cmTC_7c721/fast && /usr/bin/gmake  -f CMakeFiles/cmTC_7c721.dir/build.make CMakeFiles/cmTC_7c721.dir/build
gmake[1]: Entering directory '/home/randomguy/Desktop/Escuela/Servicio/Renderer/build/CMakeFiles/CMakeTmp'
Building C object CMakeFiles/cmTC_7c721.dir/CheckIncludeFile.c.o
/usr/bin/cc   -D_GNU_SOURCE=1 -o CMakeFiles/cmTC_7c721.dir/CheckIncludeFile.c.o -c /home/randomguy/Desktop/Escuela/Servicio/Renderer/build/CMakeFiles/CMakeTmp/CheckIncludeFile.c
Linking C executable cmTC_7c721
/usr/bin/cmake -E cmake_link_script CMakeFiles/cmTC_7c721.dir/link.txt --verbose=1
/usr/bin/cc   -D_GNU_SOURCE=1 CMakeFiles/cmTC_7c721.dir/CheckIncludeFile.c.o -o cmTC_7c721 
gmake[1]: Leaving directory '/home/randomguy/Desktop/Escuela/Servicio/Renderer/build/CMakeFiles/CMakeTmp'



Determining if the include file math.h exists passed with the following output:
Change Dir: /home/randomguy/Desktop/Escuela/Servicio/Renderer/build/CMakeFiles/CMakeTmp

Run Build Command(s):/usr/bin/gmake -f Makefile cmTC_02dec/fast && /usr/bin/gmake  -f CMakeFiles/cmTC_02dec.dir/build.make CMakeFiles/cmTC_02dec.dir/build
gmake[1]: Entering directory '/home/randomguy/Desktop/Escuela/Servicio/Renderer/build/CMakeFiles/CMakeTmp'
Building C object CMakeFiles/cmTC_02dec.dir/CheckIncludeFile.c.o
/usr/bin/cc   -D_GNU_SOURCE=1 -o CMakeFiles/cmTC_02dec.dir/CheckIncludeFile.c.o -c /home/randomguy/Desktop/Escuela/Servicio/Renderer/build/CMakeFiles/CMakeTmp/CheckIncludeFile.c
Linking C executable cmTC_02dec
/usr/bin/cmake -E cmake_link_script CMakeFiles/cmTC_02dec.dir/link.txt --verbose=1
/usr/bin/cc   -D_GNU_SOURCE=1 CMakeFiles/cmTC_02dec.dir/CheckIncludeFile.c.o -o cmTC_02dec 
gmake[1]: Leaving directory '/home/randomguy/Desktop/Escuela/Servicio/Renderer/build/CMakeFiles/CMakeTmp'



Determining if the include file memory.h exists passed with the following output:
Change Dir: /home/randomguy/Desktop/Escuela/Servicio/Renderer/build/CMakeFiles/CMakeTmp

Run Build Command(s):/usr/bin/gmake -f Makefile cmTC_f2846/fast && /usr/bin/gmake  -f CMakeFiles/cmTC_f2846.dir/build.make CMakeFiles/cmTC_f2846.dir/build
gmake[1]: Entering directory '/home/randomguy/Desktop/Escuela/Servicio/Renderer/build/CMakeFiles/CMakeTmp'
Building C object CMakeFiles/cmTC_f2846.dir/CheckIncludeFile.c.o
/usr/bin/cc   -D_GNU_SOURCE=1 -o CMakeFiles/cmTC_f2846.dir/CheckIncludeFile.c.o -c /home/randomguy/Desktop/Escuela/Servicio/Renderer/build/CMakeFiles/CMakeTmp/CheckIncludeFile.c
Linking C executable cmTC_f2846
/usr/bin/cmake -E cmake_link_script CMakeFiles/cmTC_f2846.dir/link.txt --verbose=1
/usr/bin/cc   -D_GNU_SOURCE=1 CMakeFiles/cmTC_f2846.dir/CheckIncludeFile.c.o -o cmTC_f2846 
gmake[1]: Leaving directory '/home/randomguy/Desktop/Escuela/Servicio/Renderer/build/CMakeFiles/CMakeTmp'



Determining if the include file signal.h exists passed with the following output:
Change Dir: /home/randomguy/Desktop/Escuela/Servicio/Renderer/build/CMakeFiles/CMakeTmp

Run Build Command(s):/usr/bin/gmake -f Makefile cmTC_71fd0/fast && /usr/bin/gmake  -f CMakeFiles/cmTC_71fd0.dir/build.make CMakeFiles/cmTC_71fd0.dir/build
gmake[1]: Entering directory '/home/randomguy/Desktop/Escuela/Servicio/Renderer/build/CMakeFiles/CMakeTmp'
Building C object CMakeFiles/cmTC_71fd0.dir/CheckIncludeFile.c.o
/usr/bin/cc   -D_GNU_SOURCE=1 -o CMakeFiles/cmTC_71fd0.dir/CheckIncludeFile.c.o -c /home/randomguy/Desktop/Escuela/Servicio/Renderer/build/CMakeFiles/CMakeTmp/CheckIncludeFile.c
Linking C executable cmTC_71fd0
/usr/bin/cmake -E cmake_link_script CMakeFiles/cmTC_71fd0.dir/link.txt --verbose=1
/usr/bin/cc   -D_GNU_SOURCE=1 CMakeFiles/cmTC_71fd0.dir/CheckIncludeFile.c.o -o cmTC_71fd0 
gmake[1]: Leaving directory '/home/randomguy/Desktop/Escuela/Servicio/Renderer/build/CMakeFiles/CMakeTmp'



Determining if the include file stdarg.h exists passed with the following output:
Change Dir: /home/randomguy/Desktop/Escuela/Servicio/Renderer/build/CMakeFiles/CMakeTmp

Run Build Command(s):/usr/bin/gmake -f Makefile cmTC_3e7bb/fast && /usr/bin/gmake  -f CMakeFiles/cmTC_3e7bb.dir/build.make CMakeFiles/cmTC_3e7bb.dir/build
gmake[1]: Entering directory '/home/randomguy/Desktop/Escuela/Servicio/Renderer/build/CMakeFiles/CMakeTmp'
Building C object CMakeFiles/cmTC_3e7bb.dir/CheckIncludeFile.c.o
/usr/bin/cc   -D_GNU_SOURCE=1 -o CMakeFiles/cmTC_3e7bb.dir/CheckIncludeFile.c.o -c /home/randomguy/Desktop/Escuela/Servicio/Renderer/build/CMakeFiles/CMakeTmp/CheckIncludeFile.c
Linking C executable cmTC_3e7bb
/usr/bin/cmake -E cmake_link_script CMakeFiles/cmTC_3e7bb.dir/link.txt --verbose=1
/usr/bin/cc   -D_GNU_SOURCE=1 CMakeFiles/cmTC_3e7bb.dir/CheckIncludeFile.c.o -o cmTC_3e7bb 
gmake[1]: Leaving directory '/home/randomguy/Desktop/Escuela/Servicio/Renderer/build/CMakeFiles/CMakeTmp'



Determining if the include file stdbool.h exists passed with the following output:
Change Dir: /home/randomguy/Desktop/Escuela/Servicio/Renderer/build/CMakeFiles/CMakeTmp

Run Build Command(s):/usr/bin/gmake -f Makefile cmTC_c98b1/fast && /usr/bin/gmake  -f CMakeFiles/cmTC_c98b1.dir/build.make CMakeFiles/cmTC_c98b1.dir/build
gmake[1]: Entering directory '/home/randomguy/Desktop/Escuela/Servicio/Renderer/build/CMakeFiles/CMakeTmp'
Building C object CMakeFiles/cmTC_c98b1.dir/CheckIncludeFile.c.o
/usr/bin/cc   -D_GNU_SOURCE=1 -o CMakeFiles/cmTC_c98b1.dir/CheckIncludeFile.c.o -c /home/randomguy/Desktop/Escuela/Servicio/Renderer/build/CMakeFiles/CMakeTmp/CheckIncludeFile.c
Linking C executable cmTC_c98b1
/usr/bin/cmake -E cmake_link_script CMakeFiles/cmTC_c98b1.dir/link.txt --verbose=1
/usr/bin/cc   -D_GNU_SOURCE=1 CMakeFiles/cmTC_c98b1.dir/CheckIncludeFile.c.o -o cmTC_c98b1 
gmake[1]: Leaving directory '/home/randomguy/Desktop/Escuela/Servicio/Renderer/build/CMakeFiles/CMakeTmp'



Determining if the include file stddef.h exists passed with the following output:
Change Dir: /home/randomguy/Desktop/Escuela/Servicio/Renderer/build/CMakeFiles/CMakeTmp

Run Build Command(s):/usr/bin/gmake -f Makefile cmTC_fa224/fast && /usr/bin/gmake  -f CMakeFiles/cmTC_fa224.dir/build.make CMakeFiles/cmTC_fa224.dir/build
gmake[1]: Entering directory '/home/randomguy/Desktop/Escuela/Servicio/Renderer/build/CMakeFiles/CMakeTmp'
Building C object CMakeFiles/cmTC_fa224.dir/CheckIncludeFile.c.o
/usr/bin/cc   -D_GNU_SOURCE=1 -o CMakeFiles/cmTC_fa224.dir/CheckIncludeFile.c.o -c /home/randomguy/Desktop/Escuela/Servicio/Renderer/build/CMakeFiles/CMakeTmp/CheckIncludeFile.c
Linking C executable cmTC_fa224
/usr/bin/cmake -E cmake_link_script CMakeFiles/cmTC_fa224.dir/link.txt --verbose=1
/usr/bin/cc   -D_GNU_SOURCE=1 CMakeFiles/cmTC_fa224.dir/CheckIncludeFile.c.o -o cmTC_fa224 
gmake[1]: Leaving directory '/home/randomguy/Desktop/Escuela/Servicio/Renderer/build/CMakeFiles/CMakeTmp'



Determining if the include file stdint.h exists passed with the following output:
Change Dir: /home/randomguy/Desktop/Escuela/Servicio/Renderer/build/CMakeFiles/CMakeTmp

Run Build Command(s):/usr/bin/gmake -f Makefile cmTC_8058c/fast && /usr/bin/gmake  -f CMakeFiles/cmTC_8058c.dir/build.make CMakeFiles/cmTC_8058c.dir/build
gmake[1]: Entering directory '/home/randomguy/Desktop/Escuela/Servicio/Renderer/build/CMakeFiles/CMakeTmp'
Building C object CMakeFiles/cmTC_8058c.dir/CheckIncludeFile.c.o
/usr/bin/cc   -D_GNU_SOURCE=1 -o CMakeFiles/cmTC_8058c.dir/CheckIncludeFile.c.o -c /home/randomguy/Desktop/Escuela/Servicio/Renderer/build/CMakeFiles/CMakeTmp/CheckIncludeFile.c
Linking C executable cmTC_8058c
/usr/bin/cmake -E cmake_link_script CMakeFiles/cmTC_8058c.dir/link.txt --verbose=1
/usr/bin/cc   -D_GNU_SOURCE=1 CMakeFiles/cmTC_8058c.dir/CheckIncludeFile.c.o -o cmTC_8058c 
gmake[1]: Leaving directory '/home/randomguy/Desktop/Escuela/Servicio/Renderer/build/CMakeFiles/CMakeTmp'



Determining if the include file stdio.h exists passed with the following output:
Change Dir: /home/randomguy/Desktop/Escuela/Servicio/Renderer/build/CMakeFiles/CMakeTmp

Run Build Command(s):/usr/bin/gmake -f Makefile cmTC_be97f/fast && /usr/bin/gmake  -f CMakeFiles/cmTC_be97f.dir/build.make CMakeFiles/cmTC_be97f.dir/build
gmake[1]: Entering directory '/home/randomguy/Desktop/Escuela/Servicio/Renderer/build/CMakeFiles/CMakeTmp'
Building C object CMakeFiles/cmTC_be97f.dir/CheckIncludeFile.c.o
/usr/bin/cc   -D_GNU_SOURCE=1 -o CMakeFiles/cmTC_be97f.dir/CheckIncludeFile.c.o -c /home/randomguy/Desktop/Escuela/Servicio/Renderer/build/CMakeFiles/CMakeTmp/CheckIncludeFile.c
Linking C executable cmTC_be97f
/usr/bin/cmake -E cmake_link_script CMakeFiles/cmTC_be97f.dir/link.txt --verbose=1
/usr/bin/cc   -D_GNU_SOURCE=1 CMakeFiles/cmTC_be97f.dir/CheckIncludeFile.c.o -o cmTC_be97f 
gmake[1]: Leaving directory '/home/randomguy/Desktop/Escuela/Servicio/Renderer/build/CMakeFiles/CMakeTmp'



Determining if the include file stdlib.h exists passed with the following output:
Change Dir: /home/randomguy/Desktop/Escuela/Servicio/Renderer/build/CMakeFiles/CMakeTmp

Run Build Command(s):/usr/bin/gmake -f Makefile cmTC_72a3f/fast && /usr/bin/gmake  -f CMakeFiles/cmTC_72a3f.dir/build.make CMakeFiles/cmTC_72a3f.dir/build
gmake[1]: Entering directory '/home/randomguy/Desktop/Escuela/Servicio/Renderer/build/CMakeFiles/CMakeTmp'
Building C object CMakeFiles/cmTC_72a3f.dir/CheckIncludeFile.c.o
/usr/bin/cc   -D_GNU_SOURCE=1 -o CMakeFiles/cmTC_72a3f.dir/CheckIncludeFile.c.o -c /home/randomguy/Desktop/Escuela/Servicio/Renderer/build/CMakeFiles/CMakeTmp/CheckIncludeFile.c
Linking C executable cmTC_72a3f
/usr/bin/cmake -E cmake_link_script CMakeFiles/cmTC_72a3f.dir/link.txt --verbose=1
/usr/bin/cc   -D_GNU_SOURCE=1 CMakeFiles/cmTC_72a3f.dir/CheckIncludeFile.c.o -o cmTC_72a3f 
gmake[1]: Leaving directory '/home/randomguy/Desktop/Escuela/Servicio/Renderer/build/CMakeFiles/CMakeTmp'



Determining if the include file string.h exists passed with the following output:
Change Dir: /home/randomguy/Desktop/Escuela/Servicio/Renderer/build/CMakeFiles/CMakeTmp

Run Build Command(s):/usr/bin/gmake -f Makefile cmTC_ba131/fast && /usr/bin/gmake  -f CMakeFiles/cmTC_ba131.dir/build.make CMakeFiles/cmTC_ba131.dir/build
gmake[1]: Entering directory '/home/randomguy/Desktop/Escuela/Servicio/Renderer/build/CMakeFiles/CMakeTmp'
Building C object CMakeFiles/cmTC_ba131.dir/CheckIncludeFile.c.o
/usr/bin/cc   -D_GNU_SOURCE=1 -o CMakeFiles/cmTC_ba131.dir/CheckIncludeFile.c.o -c /home/randomguy/Desktop/Escuela/Servicio/Renderer/build/CMakeFiles/CMakeTmp/CheckIncludeFile.c
Linking C executable cmTC_ba131
/usr/bin/cmake -E cmake_link_script CMakeFiles/cmTC_ba131.dir/link.txt --verbose=1
/usr/bin/cc   -D_GNU_SOURCE=1 CMakeFiles/cmTC_ba131.dir/CheckIncludeFile.c.o -o cmTC_ba131 
gmake[1]: Leaving directory '/home/randomguy/Desktop/Escuela/Servicio/Renderer/build/CMakeFiles/CMakeTmp'



Determining if the include file strings.h exists passed with the following output:
Change Dir: /home/randomguy/Desktop/Escuela/Servicio/Renderer/build/CMakeFiles/CMakeTmp

Run Build Command(s):/usr/bin/gmake -f Makefile cmTC_da9a7/fast && /usr/bin/gmake  -f CMakeFiles/cmTC_da9a7.dir/build.make CMakeFiles/cmTC_da9a7.dir/build
gmake[1]: Entering directory '/home/randomguy/Desktop/Escuela/Servicio/Renderer/build/CMakeFiles/CMakeTmp'
Building C object CMakeFiles/cmTC_da9a7.dir/CheckIncludeFile.c.o
/usr/bin/cc   -D_GNU_SOURCE=1 -o CMakeFiles/cmTC_da9a7.dir/CheckIncludeFile.c.o -c /home/randomguy/Desktop/Escuela/Servicio/Renderer/build/CMakeFiles/CMakeTmp/CheckIncludeFile.c
Linking C executable cmTC_da9a7
/usr/bin/cmake -E cmake_link_script CMakeFiles/cmTC_da9a7.dir/link.txt --verbose=1
/usr/bin/cc   -D_GNU_SOURCE=1 CMakeFiles/cmTC_da9a7.dir/CheckIncludeFile.c.o -o cmTC_da9a7 
gmake[1]: Leaving directory '/home/randomguy/Desktop/Escuela/Servicio/Renderer/build/CMakeFiles/CMakeTmp'



Determining if the include file sys/types.h exists passed with the following output:
Change Dir: /home/randomguy/Desktop/Escuela/Servicio/Renderer/build/CMakeFiles/CMakeTmp

Run Build Command(s):/usr/bin/gmake -f Makefile cmTC_29dd0/fast && /usr/bin/gmake  -f CMakeFiles/cmTC_29dd0.dir/build.make CMakeFiles/cmTC_29dd0.dir/build
gmake[1]: Entering directory '/home/randomguy/Desktop/Escuela/Servicio/Renderer/build/CMakeFiles/CMakeTmp'
Building C object CMakeFiles/cmTC_29dd0.dir/CheckIncludeFile.c.o
/usr/bin/cc   -D_GNU_SOURCE=1 -o CMakeFiles/cmTC_29dd0.dir/CheckIncludeFile.c.o -c /home/randomguy/Desktop/Escuela/Servicio/Renderer/build/CMakeFiles/CMakeTmp/CheckIncludeFile.c
Linking C executable cmTC_29dd0
/usr/bin/cmake -E cmake_link_script CMakeFiles/cmTC_29dd0.dir/link.txt --verbose=1
/usr/bin/cc   -D_GNU_SOURCE=1 CMakeFiles/cmTC_29dd0.dir/CheckIncludeFile.c.o -o cmTC_29dd0 
gmake[1]: Leaving directory '/home/randomguy/Desktop/Escuela/Servicio/Renderer/build/CMakeFiles/CMakeTmp'



Determining if the include file time.h exists passed with the following output:
Change Dir: /home/randomguy/Desktop/Escuela/Servicio/Renderer/build/CMakeFiles/CMakeTmp

Run Build Command(s):/usr/bin/gmake -f Makefile cmTC_229d8/fast && /usr/bin/gmake  -f CMakeFiles/cmTC_229d8.dir/build.make CMakeFiles/cmTC_229d8.dir/build
gmake[1]: Entering directory '/home/randomguy/Desktop/Escuela/Servicio/Renderer/build/CMakeFiles/CMakeTmp'
Building C object CMakeFiles/cmTC_229d8.dir/CheckIncludeFile.c.o
/usr/bin/cc   -D_GNU_SOURCE=1 -o CMakeFiles/cmTC_229d8.dir/CheckIncludeFile.c.o -c /home/randomguy/Desktop/Escuela/Servicio/Renderer/build/CMakeFiles/CMakeTmp/CheckIncludeFile.c
Linking C executable cmTC_229d8
/usr/bin/cmake -E cmake_link_script CMakeFiles/cmTC_229d8.dir/link.txt --verbose=1
/usr/bin/cc   -D_GNU_SOURCE=1 CMakeFiles/cmTC_229d8.dir/CheckIncludeFile.c.o -o cmTC_229d8 
gmake[1]: Leaving directory '/home/randomguy/Desktop/Escuela/Servicio/Renderer/build/CMakeFiles/CMakeTmp'



Determining if the include file wchar.h exists passed with the following output:
Change Dir: /home/randomguy/Desktop/Escuela/Servicio/Renderer/build/CMakeFiles/CMakeTmp

Run Build Command(s):/usr/bin/gmake -f Makefile cmTC_8cfaf/fast && /usr/bin/gmake  -f CMakeFiles/cmTC_8cfaf.dir/build.make CMakeFiles/cmTC_8cfaf.dir/build
gmake[1]: Entering directory '/home/randomguy/Desktop/Escuela/Servicio/Renderer/build/CMakeFiles/CMakeTmp'
Building C object CMakeFiles/cmTC_8cfaf.dir/CheckIncludeFile.c.o
/usr/bin/cc   -D_GNU_SOURCE=1 -o CMakeFiles/cmTC_8cfaf.dir/CheckIncludeFile.c.o -c /home/randomguy/Desktop/Escuela/Servicio/Renderer/build/CMakeFiles/CMakeTmp/CheckIncludeFile.c
Linking C executable cmTC_8cfaf
/usr/bin/cmake -E cmake_link_script CMakeFiles/cmTC_8cfaf.dir/link.txt --verbose=1
/usr/bin/cc   -D_GNU_SOURCE=1 CMakeFiles/cmTC_8cfaf.dir/CheckIncludeFile.c.o -o cmTC_8cfaf 
gmake[1]: Leaving directory '/home/randomguy/Desktop/Escuela/Servicio/Renderer/build/CMakeFiles/CMakeTmp'



Determining if the function pow exists in the m passed with the following output:
Change Dir: /home/randomguy/Desktop/Escuela/Servicio/Renderer/build/CMakeFiles/CMakeTmp

Run Build Command(s):/usr/bin/gmake -f Makefile cmTC_d1b9e/fast && /usr/bin/gmake  -f CMakeFiles/cmTC_d1b9e.dir/build.make CMakeFiles/cmTC_d1b9e.dir/build
gmake[1]: Entering directory '/home/randomguy/Desktop/Escuela/Servicio/Renderer/build/CMakeFiles/CMakeTmp'
Building C object CMakeFiles/cmTC_d1b9e.dir/CheckFunctionExists.c.o
/usr/bin/cc   -DCHECK_FUNCTION_EXISTS=pow  -D_GNU_SOURCE=1 -o CMakeFiles/cmTC_d1b9e.dir/CheckFunctionExists.c.o -c /usr/share/cmake-3.22/Modules/CheckFunctionExists.c
<command-line>: warning: conflicting types for built-in function ‘pow’; expected ‘double(double,  double)’ [-Wbuiltin-declaration-mismatch]
/usr/share/cmake-3.22/Modules/CheckFunctionExists.c:7:3: note: in expansion of macro ‘CHECK_FUNCTION_EXISTS’
    7 |   CHECK_FUNCTION_EXISTS(void);
      |   ^~~~~~~~~~~~~~~~~~~~~
/usr/share/cmake-3.22/Modules/CheckFunctionExists.c:1:1: note: ‘pow’ is declared in header ‘<math.h>’
  +++ |+#include <math.h>
    1 | #ifdef CHECK_FUNCTION_EXISTS
Linking C executable cmTC_d1b9e
/usr/bin/cmake -E cmake_link_script CMakeFiles/cmTC_d1b9e.dir/link.txt --verbose=1
/usr/bin/cc  -DCHECK_FUNCTION_EXISTS=pow  -D_GNU_SOURCE=1 CMakeFiles/cmTC_d1b9e.dir/CheckFunctionExists.c.o -o cmTC_d1b9e  -lm 
gmake[1]: Leaving directory '/home/randomguy/Desktop/Escuela/Servicio/Renderer/build/CMakeFiles/CMakeTmp'



Determining if the abs exist passed with the following output:
Change Dir: /home/randomguy/Desktop/Escuela/Servicio/Renderer/build/CMakeFiles/CMakeTmp

Run Build Command(s):/usr/bin/gmake -f Makefile cmTC_4beb1/fast && /usr/bin/gmake  -f CMakeFiles/cmTC_4beb1.dir/build.make CMakeFiles/cmTC_4beb1.dir/build
gmake[1]: Entering directory '/home/randomguy/Desktop/Escuela/Servicio/Renderer/build/CMakeFiles/CMakeTmp'
Building C object CMakeFiles/cmTC_4beb1.dir/CheckSymbolExists.c.o
/usr/bin/cc   -D_GNU_SOURCE=1 -o CMakeFiles/cmTC_4beb1.dir/CheckSymbolExists.c.o -c /home/randomguy/Desktop/Escuela/Servicio/Renderer/build/CMakeFiles/CMakeTmp/CheckSymbolExists.c
Linking C executable cmTC_4beb1
/usr/bin/cmake -E cmake_link_script CMakeFiles/cmTC_4beb1.dir/link.txt --verbose=1
/usr/bin/cc   -D_GNU_SOURCE=1 CMakeFiles/cmTC_4beb1.dir/CheckSymbolExists.c.o -o cmTC_4beb1  -lm 
gmake[1]: Leaving directory '/home/randomguy/Desktop/Escuela/Servicio/Renderer/build/CMakeFiles/CMakeTmp'


File /home/randomguy/Desktop/Escuela/Servicio/Renderer/build/CMakeFiles/CMakeTmp/CheckSymbolExists.c:
/* */
#include <float.h>
#include <iconv.h>
#include <inttypes.h>
#include <limits.h>
#include <malloc.h>
#include <math.h>
#include <memory.h>
#include <signal.h>
#include <stdarg.h>
#include <stdbool.h>
#include <stddef.h>
#include <stdint.h>
#include <stdio.h>
#include <stdlib.h>
#include <string.h>
#include <strings.h>
#include <sys/types.h>
#include <time.h>
#include <wchar.h>

int main(int argc, char** argv)
{
  (void)argv;
#ifndef abs
  return ((int*)(&abs))[argc];
#else
  (void)argc;
  return 0;
#endif
}
Determining if the acos exist passed with the following output:
Change Dir: /home/randomguy/Desktop/Escuela/Servicio/Renderer/build/CMakeFiles/CMakeTmp

Run Build Command(s):/usr/bin/gmake -f Makefile cmTC_834ac/fast && /usr/bin/gmake  -f CMakeFiles/cmTC_834ac.dir/build.make CMakeFiles/cmTC_834ac.dir/build
gmake[1]: Entering directory '/home/randomguy/Desktop/Escuela/Servicio/Renderer/build/CMakeFiles/CMakeTmp'
Building C object CMakeFiles/cmTC_834ac.dir/CheckSymbolExists.c.o
/usr/bin/cc   -D_GNU_SOURCE=1 -o CMakeFiles/cmTC_834ac.dir/CheckSymbolExists.c.o -c /home/randomguy/Desktop/Escuela/Servicio/Renderer/build/CMakeFiles/CMakeTmp/CheckSymbolExists.c
Linking C executable cmTC_834ac
/usr/bin/cmake -E cmake_link_script CMakeFiles/cmTC_834ac.dir/link.txt --verbose=1
/usr/bin/cc   -D_GNU_SOURCE=1 CMakeFiles/cmTC_834ac.dir/CheckSymbolExists.c.o -o cmTC_834ac  -lm 
gmake[1]: Leaving directory '/home/randomguy/Desktop/Escuela/Servicio/Renderer/build/CMakeFiles/CMakeTmp'


File /home/randomguy/Desktop/Escuela/Servicio/Renderer/build/CMakeFiles/CMakeTmp/CheckSymbolExists.c:
/* */
#include <float.h>
#include <iconv.h>
#include <inttypes.h>
#include <limits.h>
#include <malloc.h>
#include <math.h>
#include <memory.h>
#include <signal.h>
#include <stdarg.h>
#include <stdbool.h>
#include <stddef.h>
#include <stdint.h>
#include <stdio.h>
#include <stdlib.h>
#include <string.h>
#include <strings.h>
#include <sys/types.h>
#include <time.h>
#include <wchar.h>

int main(int argc, char** argv)
{
  (void)argv;
#ifndef acos
  return ((int*)(&acos))[argc];
#else
  (void)argc;
  return 0;
#endif
}
Determining if the acosf exist passed with the following output:
Change Dir: /home/randomguy/Desktop/Escuela/Servicio/Renderer/build/CMakeFiles/CMakeTmp

Run Build Command(s):/usr/bin/gmake -f Makefile cmTC_f6f2b/fast && /usr/bin/gmake  -f CMakeFiles/cmTC_f6f2b.dir/build.make CMakeFiles/cmTC_f6f2b.dir/build
gmake[1]: Entering directory '/home/randomguy/Desktop/Escuela/Servicio/Renderer/build/CMakeFiles/CMakeTmp'
Building C object CMakeFiles/cmTC_f6f2b.dir/CheckSymbolExists.c.o
/usr/bin/cc   -D_GNU_SOURCE=1 -o CMakeFiles/cmTC_f6f2b.dir/CheckSymbolExists.c.o -c /home/randomguy/Desktop/Escuela/Servicio/Renderer/build/CMakeFiles/CMakeTmp/CheckSymbolExists.c
Linking C executable cmTC_f6f2b
/usr/bin/cmake -E cmake_link_script CMakeFiles/cmTC_f6f2b.dir/link.txt --verbose=1
/usr/bin/cc   -D_GNU_SOURCE=1 CMakeFiles/cmTC_f6f2b.dir/CheckSymbolExists.c.o -o cmTC_f6f2b  -lm 
gmake[1]: Leaving directory '/home/randomguy/Desktop/Escuela/Servicio/Renderer/build/CMakeFiles/CMakeTmp'


File /home/randomguy/Desktop/Escuela/Servicio/Renderer/build/CMakeFiles/CMakeTmp/CheckSymbolExists.c:
/* */
#include <float.h>
#include <iconv.h>
#include <inttypes.h>
#include <limits.h>
#include <malloc.h>
#include <math.h>
#include <memory.h>
#include <signal.h>
#include <stdarg.h>
#include <stdbool.h>
#include <stddef.h>
#include <stdint.h>
#include <stdio.h>
#include <stdlib.h>
#include <string.h>
#include <strings.h>
#include <sys/types.h>
#include <time.h>
#include <wchar.h>

int main(int argc, char** argv)
{
  (void)argv;
#ifndef acosf
  return ((int*)(&acosf))[argc];
#else
  (void)argc;
  return 0;
#endif
}
Determining if the asin exist passed with the following output:
Change Dir: /home/randomguy/Desktop/Escuela/Servicio/Renderer/build/CMakeFiles/CMakeTmp

Run Build Command(s):/usr/bin/gmake -f Makefile cmTC_e733e/fast && /usr/bin/gmake  -f CMakeFiles/cmTC_e733e.dir/build.make CMakeFiles/cmTC_e733e.dir/build
gmake[1]: Entering directory '/home/randomguy/Desktop/Escuela/Servicio/Renderer/build/CMakeFiles/CMakeTmp'
Building C object CMakeFiles/cmTC_e733e.dir/CheckSymbolExists.c.o
/usr/bin/cc   -D_GNU_SOURCE=1 -o CMakeFiles/cmTC_e733e.dir/CheckSymbolExists.c.o -c /home/randomguy/Desktop/Escuela/Servicio/Renderer/build/CMakeFiles/CMakeTmp/CheckSymbolExists.c
Linking C executable cmTC_e733e
/usr/bin/cmake -E cmake_link_script CMakeFiles/cmTC_e733e.dir/link.txt --verbose=1
/usr/bin/cc   -D_GNU_SOURCE=1 CMakeFiles/cmTC_e733e.dir/CheckSymbolExists.c.o -o cmTC_e733e  -lm 
gmake[1]: Leaving directory '/home/randomguy/Desktop/Escuela/Servicio/Renderer/build/CMakeFiles/CMakeTmp'


File /home/randomguy/Desktop/Escuela/Servicio/Renderer/build/CMakeFiles/CMakeTmp/CheckSymbolExists.c:
/* */
#include <float.h>
#include <iconv.h>
#include <inttypes.h>
#include <limits.h>
#include <malloc.h>
#include <math.h>
#include <memory.h>
#include <signal.h>
#include <stdarg.h>
#include <stdbool.h>
#include <stddef.h>
#include <stdint.h>
#include <stdio.h>
#include <stdlib.h>
#include <string.h>
#include <strings.h>
#include <sys/types.h>
#include <time.h>
#include <wchar.h>

int main(int argc, char** argv)
{
  (void)argv;
#ifndef asin
  return ((int*)(&asin))[argc];
#else
  (void)argc;
  return 0;
#endif
}
Determining if the asinf exist passed with the following output:
Change Dir: /home/randomguy/Desktop/Escuela/Servicio/Renderer/build/CMakeFiles/CMakeTmp

Run Build Command(s):/usr/bin/gmake -f Makefile cmTC_225b8/fast && /usr/bin/gmake  -f CMakeFiles/cmTC_225b8.dir/build.make CMakeFiles/cmTC_225b8.dir/build
gmake[1]: Entering directory '/home/randomguy/Desktop/Escuela/Servicio/Renderer/build/CMakeFiles/CMakeTmp'
Building C object CMakeFiles/cmTC_225b8.dir/CheckSymbolExists.c.o
/usr/bin/cc   -D_GNU_SOURCE=1 -o CMakeFiles/cmTC_225b8.dir/CheckSymbolExists.c.o -c /home/randomguy/Desktop/Escuela/Servicio/Renderer/build/CMakeFiles/CMakeTmp/CheckSymbolExists.c
Linking C executable cmTC_225b8
/usr/bin/cmake -E cmake_link_script CMakeFiles/cmTC_225b8.dir/link.txt --verbose=1
/usr/bin/cc   -D_GNU_SOURCE=1 CMakeFiles/cmTC_225b8.dir/CheckSymbolExists.c.o -o cmTC_225b8  -lm 
gmake[1]: Leaving directory '/home/randomguy/Desktop/Escuela/Servicio/Renderer/build/CMakeFiles/CMakeTmp'


File /home/randomguy/Desktop/Escuela/Servicio/Renderer/build/CMakeFiles/CMakeTmp/CheckSymbolExists.c:
/* */
#include <float.h>
#include <iconv.h>
#include <inttypes.h>
#include <limits.h>
#include <malloc.h>
#include <math.h>
#include <memory.h>
#include <signal.h>
#include <stdarg.h>
#include <stdbool.h>
#include <stddef.h>
#include <stdint.h>
#include <stdio.h>
#include <stdlib.h>
#include <string.h>
#include <strings.h>
#include <sys/types.h>
#include <time.h>
#include <wchar.h>

int main(int argc, char** argv)
{
  (void)argv;
#ifndef asinf
  return ((int*)(&asinf))[argc];
#else
  (void)argc;
  return 0;
#endif
}
Determining if the atan exist passed with the following output:
Change Dir: /home/randomguy/Desktop/Escuela/Servicio/Renderer/build/CMakeFiles/CMakeTmp

Run Build Command(s):/usr/bin/gmake -f Makefile cmTC_ebc18/fast && /usr/bin/gmake  -f CMakeFiles/cmTC_ebc18.dir/build.make CMakeFiles/cmTC_ebc18.dir/build
gmake[1]: Entering directory '/home/randomguy/Desktop/Escuela/Servicio/Renderer/build/CMakeFiles/CMakeTmp'
Building C object CMakeFiles/cmTC_ebc18.dir/CheckSymbolExists.c.o
/usr/bin/cc   -D_GNU_SOURCE=1 -o CMakeFiles/cmTC_ebc18.dir/CheckSymbolExists.c.o -c /home/randomguy/Desktop/Escuela/Servicio/Renderer/build/CMakeFiles/CMakeTmp/CheckSymbolExists.c
Linking C executable cmTC_ebc18
/usr/bin/cmake -E cmake_link_script CMakeFiles/cmTC_ebc18.dir/link.txt --verbose=1
/usr/bin/cc   -D_GNU_SOURCE=1 CMakeFiles/cmTC_ebc18.dir/CheckSymbolExists.c.o -o cmTC_ebc18  -lm 
gmake[1]: Leaving directory '/home/randomguy/Desktop/Escuela/Servicio/Renderer/build/CMakeFiles/CMakeTmp'


File /home/randomguy/Desktop/Escuela/Servicio/Renderer/build/CMakeFiles/CMakeTmp/CheckSymbolExists.c:
/* */
#include <float.h>
#include <iconv.h>
#include <inttypes.h>
#include <limits.h>
#include <malloc.h>
#include <math.h>
#include <memory.h>
#include <signal.h>
#include <stdarg.h>
#include <stdbool.h>
#include <stddef.h>
#include <stdint.h>
#include <stdio.h>
#include <stdlib.h>
#include <string.h>
#include <strings.h>
#include <sys/types.h>
#include <time.h>
#include <wchar.h>

int main(int argc, char** argv)
{
  (void)argv;
#ifndef atan
  return ((int*)(&atan))[argc];
#else
  (void)argc;
  return 0;
#endif
}
Determining if the atan2 exist passed with the following output:
Change Dir: /home/randomguy/Desktop/Escuela/Servicio/Renderer/build/CMakeFiles/CMakeTmp

Run Build Command(s):/usr/bin/gmake -f Makefile cmTC_e0760/fast && /usr/bin/gmake  -f CMakeFiles/cmTC_e0760.dir/build.make CMakeFiles/cmTC_e0760.dir/build
gmake[1]: Entering directory '/home/randomguy/Desktop/Escuela/Servicio/Renderer/build/CMakeFiles/CMakeTmp'
Building C object CMakeFiles/cmTC_e0760.dir/CheckSymbolExists.c.o
/usr/bin/cc   -D_GNU_SOURCE=1 -o CMakeFiles/cmTC_e0760.dir/CheckSymbolExists.c.o -c /home/randomguy/Desktop/Escuela/Servicio/Renderer/build/CMakeFiles/CMakeTmp/CheckSymbolExists.c
Linking C executable cmTC_e0760
/usr/bin/cmake -E cmake_link_script CMakeFiles/cmTC_e0760.dir/link.txt --verbose=1
/usr/bin/cc   -D_GNU_SOURCE=1 CMakeFiles/cmTC_e0760.dir/CheckSymbolExists.c.o -o cmTC_e0760  -lm 
gmake[1]: Leaving directory '/home/randomguy/Desktop/Escuela/Servicio/Renderer/build/CMakeFiles/CMakeTmp'


File /home/randomguy/Desktop/Escuela/Servicio/Renderer/build/CMakeFiles/CMakeTmp/CheckSymbolExists.c:
/* */
#include <float.h>
#include <iconv.h>
#include <inttypes.h>
#include <limits.h>
#include <malloc.h>
#include <math.h>
#include <memory.h>
#include <signal.h>
#include <stdarg.h>
#include <stdbool.h>
#include <stddef.h>
#include <stdint.h>
#include <stdio.h>
#include <stdlib.h>
#include <string.h>
#include <strings.h>
#include <sys/types.h>
#include <time.h>
#include <wchar.h>

int main(int argc, char** argv)
{
  (void)argv;
#ifndef atan2
  return ((int*)(&atan2))[argc];
#else
  (void)argc;
  return 0;
#endif
}
Determining if the atan2f exist passed with the following output:
Change Dir: /home/randomguy/Desktop/Escuela/Servicio/Renderer/build/CMakeFiles/CMakeTmp

Run Build Command(s):/usr/bin/gmake -f Makefile cmTC_bc4b9/fast && /usr/bin/gmake  -f CMakeFiles/cmTC_bc4b9.dir/build.make CMakeFiles/cmTC_bc4b9.dir/build
gmake[1]: Entering directory '/home/randomguy/Desktop/Escuela/Servicio/Renderer/build/CMakeFiles/CMakeTmp'
Building C object CMakeFiles/cmTC_bc4b9.dir/CheckSymbolExists.c.o
/usr/bin/cc   -D_GNU_SOURCE=1 -o CMakeFiles/cmTC_bc4b9.dir/CheckSymbolExists.c.o -c /home/randomguy/Desktop/Escuela/Servicio/Renderer/build/CMakeFiles/CMakeTmp/CheckSymbolExists.c
Linking C executable cmTC_bc4b9
/usr/bin/cmake -E cmake_link_script CMakeFiles/cmTC_bc4b9.dir/link.txt --verbose=1
/usr/bin/cc   -D_GNU_SOURCE=1 CMakeFiles/cmTC_bc4b9.dir/CheckSymbolExists.c.o -o cmTC_bc4b9  -lm 
gmake[1]: Leaving directory '/home/randomguy/Desktop/Escuela/Servicio/Renderer/build/CMakeFiles/CMakeTmp'


File /home/randomguy/Desktop/Escuela/Servicio/Renderer/build/CMakeFiles/CMakeTmp/CheckSymbolExists.c:
/* */
#include <float.h>
#include <iconv.h>
#include <inttypes.h>
#include <limits.h>
#include <malloc.h>
#include <math.h>
#include <memory.h>
#include <signal.h>
#include <stdarg.h>
#include <stdbool.h>
#include <stddef.h>
#include <stdint.h>
#include <stdio.h>
#include <stdlib.h>
#include <string.h>
#include <strings.h>
#include <sys/types.h>
#include <time.h>
#include <wchar.h>

int main(int argc, char** argv)
{
  (void)argv;
#ifndef atan2f
  return ((int*)(&atan2f))[argc];
#else
  (void)argc;
  return 0;
#endif
}
Determining if the atanf exist passed with the following output:
Change Dir: /home/randomguy/Desktop/Escuela/Servicio/Renderer/build/CMakeFiles/CMakeTmp

Run Build Command(s):/usr/bin/gmake -f Makefile cmTC_04a23/fast && /usr/bin/gmake  -f CMakeFiles/cmTC_04a23.dir/build.make CMakeFiles/cmTC_04a23.dir/build
gmake[1]: Entering directory '/home/randomguy/Desktop/Escuela/Servicio/Renderer/build/CMakeFiles/CMakeTmp'
Building C object CMakeFiles/cmTC_04a23.dir/CheckSymbolExists.c.o
/usr/bin/cc   -D_GNU_SOURCE=1 -o CMakeFiles/cmTC_04a23.dir/CheckSymbolExists.c.o -c /home/randomguy/Desktop/Escuela/Servicio/Renderer/build/CMakeFiles/CMakeTmp/CheckSymbolExists.c
Linking C executable cmTC_04a23
/usr/bin/cmake -E cmake_link_script CMakeFiles/cmTC_04a23.dir/link.txt --verbose=1
/usr/bin/cc   -D_GNU_SOURCE=1 CMakeFiles/cmTC_04a23.dir/CheckSymbolExists.c.o -o cmTC_04a23  -lm 
gmake[1]: Leaving directory '/home/randomguy/Desktop/Escuela/Servicio/Renderer/build/CMakeFiles/CMakeTmp'


File /home/randomguy/Desktop/Escuela/Servicio/Renderer/build/CMakeFiles/CMakeTmp/CheckSymbolExists.c:
/* */
#include <float.h>
#include <iconv.h>
#include <inttypes.h>
#include <limits.h>
#include <malloc.h>
#include <math.h>
#include <memory.h>
#include <signal.h>
#include <stdarg.h>
#include <stdbool.h>
#include <stddef.h>
#include <stdint.h>
#include <stdio.h>
#include <stdlib.h>
#include <string.h>
#include <strings.h>
#include <sys/types.h>
#include <time.h>
#include <wchar.h>

int main(int argc, char** argv)
{
  (void)argv;
#ifndef atanf
  return ((int*)(&atanf))[argc];
#else
  (void)argc;
  return 0;
#endif
}
Determining if the atof exist passed with the following output:
Change Dir: /home/randomguy/Desktop/Escuela/Servicio/Renderer/build/CMakeFiles/CMakeTmp

Run Build Command(s):/usr/bin/gmake -f Makefile cmTC_dc8d2/fast && /usr/bin/gmake  -f CMakeFiles/cmTC_dc8d2.dir/build.make CMakeFiles/cmTC_dc8d2.dir/build
gmake[1]: Entering directory '/home/randomguy/Desktop/Escuela/Servicio/Renderer/build/CMakeFiles/CMakeTmp'
Building C object CMakeFiles/cmTC_dc8d2.dir/CheckSymbolExists.c.o
/usr/bin/cc   -D_GNU_SOURCE=1 -o CMakeFiles/cmTC_dc8d2.dir/CheckSymbolExists.c.o -c /home/randomguy/Desktop/Escuela/Servicio/Renderer/build/CMakeFiles/CMakeTmp/CheckSymbolExists.c
Linking C executable cmTC_dc8d2
/usr/bin/cmake -E cmake_link_script CMakeFiles/cmTC_dc8d2.dir/link.txt --verbose=1
/usr/bin/cc   -D_GNU_SOURCE=1 CMakeFiles/cmTC_dc8d2.dir/CheckSymbolExists.c.o -o cmTC_dc8d2  -lm 
gmake[1]: Leaving directory '/home/randomguy/Desktop/Escuela/Servicio/Renderer/build/CMakeFiles/CMakeTmp'


File /home/randomguy/Desktop/Escuela/Servicio/Renderer/build/CMakeFiles/CMakeTmp/CheckSymbolExists.c:
/* */
#include <float.h>
#include <iconv.h>
#include <inttypes.h>
#include <limits.h>
#include <malloc.h>
#include <math.h>
#include <memory.h>
#include <signal.h>
#include <stdarg.h>
#include <stdbool.h>
#include <stddef.h>
#include <stdint.h>
#include <stdio.h>
#include <stdlib.h>
#include <string.h>
#include <strings.h>
#include <sys/types.h>
#include <time.h>
#include <wchar.h>

int main(int argc, char** argv)
{
  (void)argv;
#ifndef atof
  return ((int*)(&atof))[argc];
#else
  (void)argc;
  return 0;
#endif
}
Determining if the atoi exist passed with the following output:
Change Dir: /home/randomguy/Desktop/Escuela/Servicio/Renderer/build/CMakeFiles/CMakeTmp

Run Build Command(s):/usr/bin/gmake -f Makefile cmTC_57d83/fast && /usr/bin/gmake  -f CMakeFiles/cmTC_57d83.dir/build.make CMakeFiles/cmTC_57d83.dir/build
gmake[1]: Entering directory '/home/randomguy/Desktop/Escuela/Servicio/Renderer/build/CMakeFiles/CMakeTmp'
Building C object CMakeFiles/cmTC_57d83.dir/CheckSymbolExists.c.o
/usr/bin/cc   -D_GNU_SOURCE=1 -o CMakeFiles/cmTC_57d83.dir/CheckSymbolExists.c.o -c /home/randomguy/Desktop/Escuela/Servicio/Renderer/build/CMakeFiles/CMakeTmp/CheckSymbolExists.c
Linking C executable cmTC_57d83
/usr/bin/cmake -E cmake_link_script CMakeFiles/cmTC_57d83.dir/link.txt --verbose=1
/usr/bin/cc   -D_GNU_SOURCE=1 CMakeFiles/cmTC_57d83.dir/CheckSymbolExists.c.o -o cmTC_57d83  -lm 
gmake[1]: Leaving directory '/home/randomguy/Desktop/Escuela/Servicio/Renderer/build/CMakeFiles/CMakeTmp'


File /home/randomguy/Desktop/Escuela/Servicio/Renderer/build/CMakeFiles/CMakeTmp/CheckSymbolExists.c:
/* */
#include <float.h>
#include <iconv.h>
#include <inttypes.h>
#include <limits.h>
#include <malloc.h>
#include <math.h>
#include <memory.h>
#include <signal.h>
#include <stdarg.h>
#include <stdbool.h>
#include <stddef.h>
#include <stdint.h>
#include <stdio.h>
#include <stdlib.h>
#include <string.h>
#include <strings.h>
#include <sys/types.h>
#include <time.h>
#include <wchar.h>

int main(int argc, char** argv)
{
  (void)argv;
#ifndef atoi
  return ((int*)(&atoi))[argc];
#else
  (void)argc;
  return 0;
#endif
}
Determining if the bcopy exist passed with the following output:
Change Dir: /home/randomguy/Desktop/Escuela/Servicio/Renderer/build/CMakeFiles/CMakeTmp

Run Build Command(s):/usr/bin/gmake -f Makefile cmTC_86aeb/fast && /usr/bin/gmake  -f CMakeFiles/cmTC_86aeb.dir/build.make CMakeFiles/cmTC_86aeb.dir/build
gmake[1]: Entering directory '/home/randomguy/Desktop/Escuela/Servicio/Renderer/build/CMakeFiles/CMakeTmp'
Building C object CMakeFiles/cmTC_86aeb.dir/CheckSymbolExists.c.o
/usr/bin/cc   -D_GNU_SOURCE=1 -o CMakeFiles/cmTC_86aeb.dir/CheckSymbolExists.c.o -c /home/randomguy/Desktop/Escuela/Servicio/Renderer/build/CMakeFiles/CMakeTmp/CheckSymbolExists.c
Linking C executable cmTC_86aeb
/usr/bin/cmake -E cmake_link_script CMakeFiles/cmTC_86aeb.dir/link.txt --verbose=1
/usr/bin/cc   -D_GNU_SOURCE=1 CMakeFiles/cmTC_86aeb.dir/CheckSymbolExists.c.o -o cmTC_86aeb  -lm 
gmake[1]: Leaving directory '/home/randomguy/Desktop/Escuela/Servicio/Renderer/build/CMakeFiles/CMakeTmp'


File /home/randomguy/Desktop/Escuela/Servicio/Renderer/build/CMakeFiles/CMakeTmp/CheckSymbolExists.c:
/* */
#include <float.h>
#include <iconv.h>
#include <inttypes.h>
#include <limits.h>
#include <malloc.h>
#include <math.h>
#include <memory.h>
#include <signal.h>
#include <stdarg.h>
#include <stdbool.h>
#include <stddef.h>
#include <stdint.h>
#include <stdio.h>
#include <stdlib.h>
#include <string.h>
#include <strings.h>
#include <sys/types.h>
#include <time.h>
#include <wchar.h>

int main(int argc, char** argv)
{
  (void)argv;
#ifndef bcopy
  return ((int*)(&bcopy))[argc];
#else
  (void)argc;
  return 0;
#endif
}
Determining if the ceil exist passed with the following output:
Change Dir: /home/randomguy/Desktop/Escuela/Servicio/Renderer/build/CMakeFiles/CMakeTmp

Run Build Command(s):/usr/bin/gmake -f Makefile cmTC_4af74/fast && /usr/bin/gmake  -f CMakeFiles/cmTC_4af74.dir/build.make CMakeFiles/cmTC_4af74.dir/build
gmake[1]: Entering directory '/home/randomguy/Desktop/Escuela/Servicio/Renderer/build/CMakeFiles/CMakeTmp'
Building C object CMakeFiles/cmTC_4af74.dir/CheckSymbolExists.c.o
/usr/bin/cc   -D_GNU_SOURCE=1 -o CMakeFiles/cmTC_4af74.dir/CheckSymbolExists.c.o -c /home/randomguy/Desktop/Escuela/Servicio/Renderer/build/CMakeFiles/CMakeTmp/CheckSymbolExists.c
Linking C executable cmTC_4af74
/usr/bin/cmake -E cmake_link_script CMakeFiles/cmTC_4af74.dir/link.txt --verbose=1
/usr/bin/cc   -D_GNU_SOURCE=1 CMakeFiles/cmTC_4af74.dir/CheckSymbolExists.c.o -o cmTC_4af74  -lm 
gmake[1]: Leaving directory '/home/randomguy/Desktop/Escuela/Servicio/Renderer/build/CMakeFiles/CMakeTmp'


File /home/randomguy/Desktop/Escuela/Servicio/Renderer/build/CMakeFiles/CMakeTmp/CheckSymbolExists.c:
/* */
#include <float.h>
#include <iconv.h>
#include <inttypes.h>
#include <limits.h>
#include <malloc.h>
#include <math.h>
#include <memory.h>
#include <signal.h>
#include <stdarg.h>
#include <stdbool.h>
#include <stddef.h>
#include <stdint.h>
#include <stdio.h>
#include <stdlib.h>
#include <string.h>
#include <strings.h>
#include <sys/types.h>
#include <time.h>
#include <wchar.h>

int main(int argc, char** argv)
{
  (void)argv;
#ifndef ceil
  return ((int*)(&ceil))[argc];
#else
  (void)argc;
  return 0;
#endif
}
Determining if the ceilf exist passed with the following output:
Change Dir: /home/randomguy/Desktop/Escuela/Servicio/Renderer/build/CMakeFiles/CMakeTmp

Run Build Command(s):/usr/bin/gmake -f Makefile cmTC_9a9bf/fast && /usr/bin/gmake  -f CMakeFiles/cmTC_9a9bf.dir/build.make CMakeFiles/cmTC_9a9bf.dir/build
gmake[1]: Entering directory '/home/randomguy/Desktop/Escuela/Servicio/Renderer/build/CMakeFiles/CMakeTmp'
Building C object CMakeFiles/cmTC_9a9bf.dir/CheckSymbolExists.c.o
/usr/bin/cc   -D_GNU_SOURCE=1 -o CMakeFiles/cmTC_9a9bf.dir/CheckSymbolExists.c.o -c /home/randomguy/Desktop/Escuela/Servicio/Renderer/build/CMakeFiles/CMakeTmp/CheckSymbolExists.c
Linking C executable cmTC_9a9bf
/usr/bin/cmake -E cmake_link_script CMakeFiles/cmTC_9a9bf.dir/link.txt --verbose=1
/usr/bin/cc   -D_GNU_SOURCE=1 CMakeFiles/cmTC_9a9bf.dir/CheckSymbolExists.c.o -o cmTC_9a9bf  -lm 
gmake[1]: Leaving directory '/home/randomguy/Desktop/Escuela/Servicio/Renderer/build/CMakeFiles/CMakeTmp'


File /home/randomguy/Desktop/Escuela/Servicio/Renderer/build/CMakeFiles/CMakeTmp/CheckSymbolExists.c:
/* */
#include <float.h>
#include <iconv.h>
#include <inttypes.h>
#include <limits.h>
#include <malloc.h>
#include <math.h>
#include <memory.h>
#include <signal.h>
#include <stdarg.h>
#include <stdbool.h>
#include <stddef.h>
#include <stdint.h>
#include <stdio.h>
#include <stdlib.h>
#include <string.h>
#include <strings.h>
#include <sys/types.h>
#include <time.h>
#include <wchar.h>

int main(int argc, char** argv)
{
  (void)argv;
#ifndef ceilf
  return ((int*)(&ceilf))[argc];
#else
  (void)argc;
  return 0;
#endif
}
Determining if the copysign exist passed with the following output:
Change Dir: /home/randomguy/Desktop/Escuela/Servicio/Renderer/build/CMakeFiles/CMakeTmp

Run Build Command(s):/usr/bin/gmake -f Makefile cmTC_dbe65/fast && /usr/bin/gmake  -f CMakeFiles/cmTC_dbe65.dir/build.make CMakeFiles/cmTC_dbe65.dir/build
gmake[1]: Entering directory '/home/randomguy/Desktop/Escuela/Servicio/Renderer/build/CMakeFiles/CMakeTmp'
Building C object CMakeFiles/cmTC_dbe65.dir/CheckSymbolExists.c.o
/usr/bin/cc   -D_GNU_SOURCE=1 -o CMakeFiles/cmTC_dbe65.dir/CheckSymbolExists.c.o -c /home/randomguy/Desktop/Escuela/Servicio/Renderer/build/CMakeFiles/CMakeTmp/CheckSymbolExists.c
Linking C executable cmTC_dbe65
/usr/bin/cmake -E cmake_link_script CMakeFiles/cmTC_dbe65.dir/link.txt --verbose=1
/usr/bin/cc   -D_GNU_SOURCE=1 CMakeFiles/cmTC_dbe65.dir/CheckSymbolExists.c.o -o cmTC_dbe65  -lm 
gmake[1]: Leaving directory '/home/randomguy/Desktop/Escuela/Servicio/Renderer/build/CMakeFiles/CMakeTmp'


File /home/randomguy/Desktop/Escuela/Servicio/Renderer/build/CMakeFiles/CMakeTmp/CheckSymbolExists.c:
/* */
#include <float.h>
#include <iconv.h>
#include <inttypes.h>
#include <limits.h>
#include <malloc.h>
#include <math.h>
#include <memory.h>
#include <signal.h>
#include <stdarg.h>
#include <stdbool.h>
#include <stddef.h>
#include <stdint.h>
#include <stdio.h>
#include <stdlib.h>
#include <string.h>
#include <strings.h>
#include <sys/types.h>
#include <time.h>
#include <wchar.h>

int main(int argc, char** argv)
{
  (void)argv;
#ifndef copysign
  return ((int*)(&copysign))[argc];
#else
  (void)argc;
  return 0;
#endif
}
Determining if the copysignf exist passed with the following output:
Change Dir: /home/randomguy/Desktop/Escuela/Servicio/Renderer/build/CMakeFiles/CMakeTmp

Run Build Command(s):/usr/bin/gmake -f Makefile cmTC_f2bdb/fast && /usr/bin/gmake  -f CMakeFiles/cmTC_f2bdb.dir/build.make CMakeFiles/cmTC_f2bdb.dir/build
gmake[1]: Entering directory '/home/randomguy/Desktop/Escuela/Servicio/Renderer/build/CMakeFiles/CMakeTmp'
Building C object CMakeFiles/cmTC_f2bdb.dir/CheckSymbolExists.c.o
/usr/bin/cc   -D_GNU_SOURCE=1 -o CMakeFiles/cmTC_f2bdb.dir/CheckSymbolExists.c.o -c /home/randomguy/Desktop/Escuela/Servicio/Renderer/build/CMakeFiles/CMakeTmp/CheckSymbolExists.c
Linking C executable cmTC_f2bdb
/usr/bin/cmake -E cmake_link_script CMakeFiles/cmTC_f2bdb.dir/link.txt --verbose=1
/usr/bin/cc   -D_GNU_SOURCE=1 CMakeFiles/cmTC_f2bdb.dir/CheckSymbolExists.c.o -o cmTC_f2bdb  -lm 
gmake[1]: Leaving directory '/home/randomguy/Desktop/Escuela/Servicio/Renderer/build/CMakeFiles/CMakeTmp'


File /home/randomguy/Desktop/Escuela/Servicio/Renderer/build/CMakeFiles/CMakeTmp/CheckSymbolExists.c:
/* */
#include <float.h>
#include <iconv.h>
#include <inttypes.h>
#include <limits.h>
#include <malloc.h>
#include <math.h>
#include <memory.h>
#include <signal.h>
#include <stdarg.h>
#include <stdbool.h>
#include <stddef.h>
#include <stdint.h>
#include <stdio.h>
#include <stdlib.h>
#include <string.h>
#include <strings.h>
#include <sys/types.h>
#include <time.h>
#include <wchar.h>

int main(int argc, char** argv)
{
  (void)argv;
#ifndef copysignf
  return ((int*)(&copysignf))[argc];
#else
  (void)argc;
  return 0;
#endif
}
Determining if the cos exist passed with the following output:
Change Dir: /home/randomguy/Desktop/Escuela/Servicio/Renderer/build/CMakeFiles/CMakeTmp

Run Build Command(s):/usr/bin/gmake -f Makefile cmTC_20462/fast && /usr/bin/gmake  -f CMakeFiles/cmTC_20462.dir/build.make CMakeFiles/cmTC_20462.dir/build
gmake[1]: Entering directory '/home/randomguy/Desktop/Escuela/Servicio/Renderer/build/CMakeFiles/CMakeTmp'
Building C object CMakeFiles/cmTC_20462.dir/CheckSymbolExists.c.o
/usr/bin/cc   -D_GNU_SOURCE=1 -o CMakeFiles/cmTC_20462.dir/CheckSymbolExists.c.o -c /home/randomguy/Desktop/Escuela/Servicio/Renderer/build/CMakeFiles/CMakeTmp/CheckSymbolExists.c
Linking C executable cmTC_20462
/usr/bin/cmake -E cmake_link_script CMakeFiles/cmTC_20462.dir/link.txt --verbose=1
/usr/bin/cc   -D_GNU_SOURCE=1 CMakeFiles/cmTC_20462.dir/CheckSymbolExists.c.o -o cmTC_20462  -lm 
gmake[1]: Leaving directory '/home/randomguy/Desktop/Escuela/Servicio/Renderer/build/CMakeFiles/CMakeTmp'


File /home/randomguy/Desktop/Escuela/Servicio/Renderer/build/CMakeFiles/CMakeTmp/CheckSymbolExists.c:
/* */
#include <float.h>
#include <iconv.h>
#include <inttypes.h>
#include <limits.h>
#include <malloc.h>
#include <math.h>
#include <memory.h>
#include <signal.h>
#include <stdarg.h>
#include <stdbool.h>
#include <stddef.h>
#include <stdint.h>
#include <stdio.h>
#include <stdlib.h>
#include <string.h>
#include <strings.h>
#include <sys/types.h>
#include <time.h>
#include <wchar.h>

int main(int argc, char** argv)
{
  (void)argv;
#ifndef cos
  return ((int*)(&cos))[argc];
#else
  (void)argc;
  return 0;
#endif
}
Determining if the cosf exist passed with the following output:
Change Dir: /home/randomguy/Desktop/Escuela/Servicio/Renderer/build/CMakeFiles/CMakeTmp

Run Build Command(s):/usr/bin/gmake -f Makefile cmTC_c7fc9/fast && /usr/bin/gmake  -f CMakeFiles/cmTC_c7fc9.dir/build.make CMakeFiles/cmTC_c7fc9.dir/build
gmake[1]: Entering directory '/home/randomguy/Desktop/Escuela/Servicio/Renderer/build/CMakeFiles/CMakeTmp'
Building C object CMakeFiles/cmTC_c7fc9.dir/CheckSymbolExists.c.o
/usr/bin/cc   -D_GNU_SOURCE=1 -o CMakeFiles/cmTC_c7fc9.dir/CheckSymbolExists.c.o -c /home/randomguy/Desktop/Escuela/Servicio/Renderer/build/CMakeFiles/CMakeTmp/CheckSymbolExists.c
Linking C executable cmTC_c7fc9
/usr/bin/cmake -E cmake_link_script CMakeFiles/cmTC_c7fc9.dir/link.txt --verbose=1
/usr/bin/cc   -D_GNU_SOURCE=1 CMakeFiles/cmTC_c7fc9.dir/CheckSymbolExists.c.o -o cmTC_c7fc9  -lm 
gmake[1]: Leaving directory '/home/randomguy/Desktop/Escuela/Servicio/Renderer/build/CMakeFiles/CMakeTmp'


File /home/randomguy/Desktop/Escuela/Servicio/Renderer/build/CMakeFiles/CMakeTmp/CheckSymbolExists.c:
/* */
#include <float.h>
#include <iconv.h>
#include <inttypes.h>
#include <limits.h>
#include <malloc.h>
#include <math.h>
#include <memory.h>
#include <signal.h>
#include <stdarg.h>
#include <stdbool.h>
#include <stddef.h>
#include <stdint.h>
#include <stdio.h>
#include <stdlib.h>
#include <string.h>
#include <strings.h>
#include <sys/types.h>
#include <time.h>
#include <wchar.h>

int main(int argc, char** argv)
{
  (void)argv;
#ifndef cosf
  return ((int*)(&cosf))[argc];
#else
  (void)argc;
  return 0;
#endif
}
Determining if the _Exit exist passed with the following output:
Change Dir: /home/randomguy/Desktop/Escuela/Servicio/Renderer/build/CMakeFiles/CMakeTmp

Run Build Command(s):/usr/bin/gmake -f Makefile cmTC_50f06/fast && /usr/bin/gmake  -f CMakeFiles/cmTC_50f06.dir/build.make CMakeFiles/cmTC_50f06.dir/build
gmake[1]: Entering directory '/home/randomguy/Desktop/Escuela/Servicio/Renderer/build/CMakeFiles/CMakeTmp'
Building C object CMakeFiles/cmTC_50f06.dir/CheckSymbolExists.c.o
/usr/bin/cc   -D_GNU_SOURCE=1 -o CMakeFiles/cmTC_50f06.dir/CheckSymbolExists.c.o -c /home/randomguy/Desktop/Escuela/Servicio/Renderer/build/CMakeFiles/CMakeTmp/CheckSymbolExists.c
Linking C executable cmTC_50f06
/usr/bin/cmake -E cmake_link_script CMakeFiles/cmTC_50f06.dir/link.txt --verbose=1
/usr/bin/cc   -D_GNU_SOURCE=1 CMakeFiles/cmTC_50f06.dir/CheckSymbolExists.c.o -o cmTC_50f06  -lm 
gmake[1]: Leaving directory '/home/randomguy/Desktop/Escuela/Servicio/Renderer/build/CMakeFiles/CMakeTmp'


File /home/randomguy/Desktop/Escuela/Servicio/Renderer/build/CMakeFiles/CMakeTmp/CheckSymbolExists.c:
/* */
#include <float.h>
#include <iconv.h>
#include <inttypes.h>
#include <limits.h>
#include <malloc.h>
#include <math.h>
#include <memory.h>
#include <signal.h>
#include <stdarg.h>
#include <stdbool.h>
#include <stddef.h>
#include <stdint.h>
#include <stdio.h>
#include <stdlib.h>
#include <string.h>
#include <strings.h>
#include <sys/types.h>
#include <time.h>
#include <wchar.h>

int main(int argc, char** argv)
{
  (void)argv;
#ifndef _Exit
  return ((int*)(&_Exit))[argc];
#else
  (void)argc;
  return 0;
#endif
}
Determining if the exp exist passed with the following output:
Change Dir: /home/randomguy/Desktop/Escuela/Servicio/Renderer/build/CMakeFiles/CMakeTmp

Run Build Command(s):/usr/bin/gmake -f Makefile cmTC_60057/fast && /usr/bin/gmake  -f CMakeFiles/cmTC_60057.dir/build.make CMakeFiles/cmTC_60057.dir/build
gmake[1]: Entering directory '/home/randomguy/Desktop/Escuela/Servicio/Renderer/build/CMakeFiles/CMakeTmp'
Building C object CMakeFiles/cmTC_60057.dir/CheckSymbolExists.c.o
/usr/bin/cc   -D_GNU_SOURCE=1 -o CMakeFiles/cmTC_60057.dir/CheckSymbolExists.c.o -c /home/randomguy/Desktop/Escuela/Servicio/Renderer/build/CMakeFiles/CMakeTmp/CheckSymbolExists.c
Linking C executable cmTC_60057
/usr/bin/cmake -E cmake_link_script CMakeFiles/cmTC_60057.dir/link.txt --verbose=1
/usr/bin/cc   -D_GNU_SOURCE=1 CMakeFiles/cmTC_60057.dir/CheckSymbolExists.c.o -o cmTC_60057  -lm 
gmake[1]: Leaving directory '/home/randomguy/Desktop/Escuela/Servicio/Renderer/build/CMakeFiles/CMakeTmp'


File /home/randomguy/Desktop/Escuela/Servicio/Renderer/build/CMakeFiles/CMakeTmp/CheckSymbolExists.c:
/* */
#include <float.h>
#include <iconv.h>
#include <inttypes.h>
#include <limits.h>
#include <malloc.h>
#include <math.h>
#include <memory.h>
#include <signal.h>
#include <stdarg.h>
#include <stdbool.h>
#include <stddef.h>
#include <stdint.h>
#include <stdio.h>
#include <stdlib.h>
#include <string.h>
#include <strings.h>
#include <sys/types.h>
#include <time.h>
#include <wchar.h>

int main(int argc, char** argv)
{
  (void)argv;
#ifndef exp
  return ((int*)(&exp))[argc];
#else
  (void)argc;
  return 0;
#endif
}
Determining if the expf exist passed with the following output:
Change Dir: /home/randomguy/Desktop/Escuela/Servicio/Renderer/build/CMakeFiles/CMakeTmp

Run Build Command(s):/usr/bin/gmake -f Makefile cmTC_8a370/fast && /usr/bin/gmake  -f CMakeFiles/cmTC_8a370.dir/build.make CMakeFiles/cmTC_8a370.dir/build
gmake[1]: Entering directory '/home/randomguy/Desktop/Escuela/Servicio/Renderer/build/CMakeFiles/CMakeTmp'
Building C object CMakeFiles/cmTC_8a370.dir/CheckSymbolExists.c.o
/usr/bin/cc   -D_GNU_SOURCE=1 -o CMakeFiles/cmTC_8a370.dir/CheckSymbolExists.c.o -c /home/randomguy/Desktop/Escuela/Servicio/Renderer/build/CMakeFiles/CMakeTmp/CheckSymbolExists.c
Linking C executable cmTC_8a370
/usr/bin/cmake -E cmake_link_script CMakeFiles/cmTC_8a370.dir/link.txt --verbose=1
/usr/bin/cc   -D_GNU_SOURCE=1 CMakeFiles/cmTC_8a370.dir/CheckSymbolExists.c.o -o cmTC_8a370  -lm 
gmake[1]: Leaving directory '/home/randomguy/Desktop/Escuela/Servicio/Renderer/build/CMakeFiles/CMakeTmp'


File /home/randomguy/Desktop/Escuela/Servicio/Renderer/build/CMakeFiles/CMakeTmp/CheckSymbolExists.c:
/* */
#include <float.h>
#include <iconv.h>
#include <inttypes.h>
#include <limits.h>
#include <malloc.h>
#include <math.h>
#include <memory.h>
#include <signal.h>
#include <stdarg.h>
#include <stdbool.h>
#include <stddef.h>
#include <stdint.h>
#include <stdio.h>
#include <stdlib.h>
#include <string.h>
#include <strings.h>
#include <sys/types.h>
#include <time.h>
#include <wchar.h>

int main(int argc, char** argv)
{
  (void)argv;
#ifndef expf
  return ((int*)(&expf))[argc];
#else
  (void)argc;
  return 0;
#endif
}
Determining if the fabs exist passed with the following output:
Change Dir: /home/randomguy/Desktop/Escuela/Servicio/Renderer/build/CMakeFiles/CMakeTmp

Run Build Command(s):/usr/bin/gmake -f Makefile cmTC_89f73/fast && /usr/bin/gmake  -f CMakeFiles/cmTC_89f73.dir/build.make CMakeFiles/cmTC_89f73.dir/build
gmake[1]: Entering directory '/home/randomguy/Desktop/Escuela/Servicio/Renderer/build/CMakeFiles/CMakeTmp'
Building C object CMakeFiles/cmTC_89f73.dir/CheckSymbolExists.c.o
/usr/bin/cc   -D_GNU_SOURCE=1 -o CMakeFiles/cmTC_89f73.dir/CheckSymbolExists.c.o -c /home/randomguy/Desktop/Escuela/Servicio/Renderer/build/CMakeFiles/CMakeTmp/CheckSymbolExists.c
Linking C executable cmTC_89f73
/usr/bin/cmake -E cmake_link_script CMakeFiles/cmTC_89f73.dir/link.txt --verbose=1
/usr/bin/cc   -D_GNU_SOURCE=1 CMakeFiles/cmTC_89f73.dir/CheckSymbolExists.c.o -o cmTC_89f73  -lm 
gmake[1]: Leaving directory '/home/randomguy/Desktop/Escuela/Servicio/Renderer/build/CMakeFiles/CMakeTmp'


File /home/randomguy/Desktop/Escuela/Servicio/Renderer/build/CMakeFiles/CMakeTmp/CheckSymbolExists.c:
/* */
#include <float.h>
#include <iconv.h>
#include <inttypes.h>
#include <limits.h>
#include <malloc.h>
#include <math.h>
#include <memory.h>
#include <signal.h>
#include <stdarg.h>
#include <stdbool.h>
#include <stddef.h>
#include <stdint.h>
#include <stdio.h>
#include <stdlib.h>
#include <string.h>
#include <strings.h>
#include <sys/types.h>
#include <time.h>
#include <wchar.h>

int main(int argc, char** argv)
{
  (void)argv;
#ifndef fabs
  return ((int*)(&fabs))[argc];
#else
  (void)argc;
  return 0;
#endif
}
Determining if the fabsf exist passed with the following output:
Change Dir: /home/randomguy/Desktop/Escuela/Servicio/Renderer/build/CMakeFiles/CMakeTmp

Run Build Command(s):/usr/bin/gmake -f Makefile cmTC_ad4e8/fast && /usr/bin/gmake  -f CMakeFiles/cmTC_ad4e8.dir/build.make CMakeFiles/cmTC_ad4e8.dir/build
gmake[1]: Entering directory '/home/randomguy/Desktop/Escuela/Servicio/Renderer/build/CMakeFiles/CMakeTmp'
Building C object CMakeFiles/cmTC_ad4e8.dir/CheckSymbolExists.c.o
/usr/bin/cc   -D_GNU_SOURCE=1 -o CMakeFiles/cmTC_ad4e8.dir/CheckSymbolExists.c.o -c /home/randomguy/Desktop/Escuela/Servicio/Renderer/build/CMakeFiles/CMakeTmp/CheckSymbolExists.c
Linking C executable cmTC_ad4e8
/usr/bin/cmake -E cmake_link_script CMakeFiles/cmTC_ad4e8.dir/link.txt --verbose=1
/usr/bin/cc   -D_GNU_SOURCE=1 CMakeFiles/cmTC_ad4e8.dir/CheckSymbolExists.c.o -o cmTC_ad4e8  -lm 
gmake[1]: Leaving directory '/home/randomguy/Desktop/Escuela/Servicio/Renderer/build/CMakeFiles/CMakeTmp'


File /home/randomguy/Desktop/Escuela/Servicio/Renderer/build/CMakeFiles/CMakeTmp/CheckSymbolExists.c:
/* */
#include <float.h>
#include <iconv.h>
#include <inttypes.h>
#include <limits.h>
#include <malloc.h>
#include <math.h>
#include <memory.h>
#include <signal.h>
#include <stdarg.h>
#include <stdbool.h>
#include <stddef.h>
#include <stdint.h>
#include <stdio.h>
#include <stdlib.h>
#include <string.h>
#include <strings.h>
#include <sys/types.h>
#include <time.h>
#include <wchar.h>

int main(int argc, char** argv)
{
  (void)argv;
#ifndef fabsf
  return ((int*)(&fabsf))[argc];
#else
  (void)argc;
  return 0;
#endif
}
Determining if the floor exist passed with the following output:
Change Dir: /home/randomguy/Desktop/Escuela/Servicio/Renderer/build/CMakeFiles/CMakeTmp

Run Build Command(s):/usr/bin/gmake -f Makefile cmTC_dc015/fast && /usr/bin/gmake  -f CMakeFiles/cmTC_dc015.dir/build.make CMakeFiles/cmTC_dc015.dir/build
gmake[1]: Entering directory '/home/randomguy/Desktop/Escuela/Servicio/Renderer/build/CMakeFiles/CMakeTmp'
Building C object CMakeFiles/cmTC_dc015.dir/CheckSymbolExists.c.o
/usr/bin/cc   -D_GNU_SOURCE=1 -o CMakeFiles/cmTC_dc015.dir/CheckSymbolExists.c.o -c /home/randomguy/Desktop/Escuela/Servicio/Renderer/build/CMakeFiles/CMakeTmp/CheckSymbolExists.c
Linking C executable cmTC_dc015
/usr/bin/cmake -E cmake_link_script CMakeFiles/cmTC_dc015.dir/link.txt --verbose=1
/usr/bin/cc   -D_GNU_SOURCE=1 CMakeFiles/cmTC_dc015.dir/CheckSymbolExists.c.o -o cmTC_dc015  -lm 
gmake[1]: Leaving directory '/home/randomguy/Desktop/Escuela/Servicio/Renderer/build/CMakeFiles/CMakeTmp'


File /home/randomguy/Desktop/Escuela/Servicio/Renderer/build/CMakeFiles/CMakeTmp/CheckSymbolExists.c:
/* */
#include <float.h>
#include <iconv.h>
#include <inttypes.h>
#include <limits.h>
#include <malloc.h>
#include <math.h>
#include <memory.h>
#include <signal.h>
#include <stdarg.h>
#include <stdbool.h>
#include <stddef.h>
#include <stdint.h>
#include <stdio.h>
#include <stdlib.h>
#include <string.h>
#include <strings.h>
#include <sys/types.h>
#include <time.h>
#include <wchar.h>

int main(int argc, char** argv)
{
  (void)argv;
#ifndef floor
  return ((int*)(&floor))[argc];
#else
  (void)argc;
  return 0;
#endif
}
Determining if the floorf exist passed with the following output:
Change Dir: /home/randomguy/Desktop/Escuela/Servicio/Renderer/build/CMakeFiles/CMakeTmp

Run Build Command(s):/usr/bin/gmake -f Makefile cmTC_3ce0d/fast && /usr/bin/gmake  -f CMakeFiles/cmTC_3ce0d.dir/build.make CMakeFiles/cmTC_3ce0d.dir/build
gmake[1]: Entering directory '/home/randomguy/Desktop/Escuela/Servicio/Renderer/build/CMakeFiles/CMakeTmp'
Building C object CMakeFiles/cmTC_3ce0d.dir/CheckSymbolExists.c.o
/usr/bin/cc   -D_GNU_SOURCE=1 -o CMakeFiles/cmTC_3ce0d.dir/CheckSymbolExists.c.o -c /home/randomguy/Desktop/Escuela/Servicio/Renderer/build/CMakeFiles/CMakeTmp/CheckSymbolExists.c
Linking C executable cmTC_3ce0d
/usr/bin/cmake -E cmake_link_script CMakeFiles/cmTC_3ce0d.dir/link.txt --verbose=1
/usr/bin/cc   -D_GNU_SOURCE=1 CMakeFiles/cmTC_3ce0d.dir/CheckSymbolExists.c.o -o cmTC_3ce0d  -lm 
gmake[1]: Leaving directory '/home/randomguy/Desktop/Escuela/Servicio/Renderer/build/CMakeFiles/CMakeTmp'


File /home/randomguy/Desktop/Escuela/Servicio/Renderer/build/CMakeFiles/CMakeTmp/CheckSymbolExists.c:
/* */
#include <float.h>
#include <iconv.h>
#include <inttypes.h>
#include <limits.h>
#include <malloc.h>
#include <math.h>
#include <memory.h>
#include <signal.h>
#include <stdarg.h>
#include <stdbool.h>
#include <stddef.h>
#include <stdint.h>
#include <stdio.h>
#include <stdlib.h>
#include <string.h>
#include <strings.h>
#include <sys/types.h>
#include <time.h>
#include <wchar.h>

int main(int argc, char** argv)
{
  (void)argv;
#ifndef floorf
  return ((int*)(&floorf))[argc];
#else
  (void)argc;
  return 0;
#endif
}
Determining if the fmod exist passed with the following output:
Change Dir: /home/randomguy/Desktop/Escuela/Servicio/Renderer/build/CMakeFiles/CMakeTmp

Run Build Command(s):/usr/bin/gmake -f Makefile cmTC_c6d05/fast && /usr/bin/gmake  -f CMakeFiles/cmTC_c6d05.dir/build.make CMakeFiles/cmTC_c6d05.dir/build
gmake[1]: Entering directory '/home/randomguy/Desktop/Escuela/Servicio/Renderer/build/CMakeFiles/CMakeTmp'
Building C object CMakeFiles/cmTC_c6d05.dir/CheckSymbolExists.c.o
/usr/bin/cc   -D_GNU_SOURCE=1 -o CMakeFiles/cmTC_c6d05.dir/CheckSymbolExists.c.o -c /home/randomguy/Desktop/Escuela/Servicio/Renderer/build/CMakeFiles/CMakeTmp/CheckSymbolExists.c
Linking C executable cmTC_c6d05
/usr/bin/cmake -E cmake_link_script CMakeFiles/cmTC_c6d05.dir/link.txt --verbose=1
/usr/bin/cc   -D_GNU_SOURCE=1 CMakeFiles/cmTC_c6d05.dir/CheckSymbolExists.c.o -o cmTC_c6d05  -lm 
gmake[1]: Leaving directory '/home/randomguy/Desktop/Escuela/Servicio/Renderer/build/CMakeFiles/CMakeTmp'


File /home/randomguy/Desktop/Escuela/Servicio/Renderer/build/CMakeFiles/CMakeTmp/CheckSymbolExists.c:
/* */
#include <float.h>
#include <iconv.h>
#include <inttypes.h>
#include <limits.h>
#include <malloc.h>
#include <math.h>
#include <memory.h>
#include <signal.h>
#include <stdarg.h>
#include <stdbool.h>
#include <stddef.h>
#include <stdint.h>
#include <stdio.h>
#include <stdlib.h>
#include <string.h>
#include <strings.h>
#include <sys/types.h>
#include <time.h>
#include <wchar.h>

int main(int argc, char** argv)
{
  (void)argv;
#ifndef fmod
  return ((int*)(&fmod))[argc];
#else
  (void)argc;
  return 0;
#endif
}
Determining if the fmodf exist passed with the following output:
Change Dir: /home/randomguy/Desktop/Escuela/Servicio/Renderer/build/CMakeFiles/CMakeTmp

Run Build Command(s):/usr/bin/gmake -f Makefile cmTC_01d83/fast && /usr/bin/gmake  -f CMakeFiles/cmTC_01d83.dir/build.make CMakeFiles/cmTC_01d83.dir/build
gmake[1]: Entering directory '/home/randomguy/Desktop/Escuela/Servicio/Renderer/build/CMakeFiles/CMakeTmp'
Building C object CMakeFiles/cmTC_01d83.dir/CheckSymbolExists.c.o
/usr/bin/cc   -D_GNU_SOURCE=1 -o CMakeFiles/cmTC_01d83.dir/CheckSymbolExists.c.o -c /home/randomguy/Desktop/Escuela/Servicio/Renderer/build/CMakeFiles/CMakeTmp/CheckSymbolExists.c
Linking C executable cmTC_01d83
/usr/bin/cmake -E cmake_link_script CMakeFiles/cmTC_01d83.dir/link.txt --verbose=1
/usr/bin/cc   -D_GNU_SOURCE=1 CMakeFiles/cmTC_01d83.dir/CheckSymbolExists.c.o -o cmTC_01d83  -lm 
gmake[1]: Leaving directory '/home/randomguy/Desktop/Escuela/Servicio/Renderer/build/CMakeFiles/CMakeTmp'


File /home/randomguy/Desktop/Escuela/Servicio/Renderer/build/CMakeFiles/CMakeTmp/CheckSymbolExists.c:
/* */
#include <float.h>
#include <iconv.h>
#include <inttypes.h>
#include <limits.h>
#include <malloc.h>
#include <math.h>
#include <memory.h>
#include <signal.h>
#include <stdarg.h>
#include <stdbool.h>
#include <stddef.h>
#include <stdint.h>
#include <stdio.h>
#include <stdlib.h>
#include <string.h>
#include <strings.h>
#include <sys/types.h>
#include <time.h>
#include <wchar.h>

int main(int argc, char** argv)
{
  (void)argv;
#ifndef fmodf
  return ((int*)(&fmodf))[argc];
#else
  (void)argc;
  return 0;
#endif
}
Determining if the fopen64 exist passed with the following output:
Change Dir: /home/randomguy/Desktop/Escuela/Servicio/Renderer/build/CMakeFiles/CMakeTmp

Run Build Command(s):/usr/bin/gmake -f Makefile cmTC_31a2a/fast && /usr/bin/gmake  -f CMakeFiles/cmTC_31a2a.dir/build.make CMakeFiles/cmTC_31a2a.dir/build
gmake[1]: Entering directory '/home/randomguy/Desktop/Escuela/Servicio/Renderer/build/CMakeFiles/CMakeTmp'
Building C object CMakeFiles/cmTC_31a2a.dir/CheckSymbolExists.c.o
/usr/bin/cc   -D_GNU_SOURCE=1 -o CMakeFiles/cmTC_31a2a.dir/CheckSymbolExists.c.o -c /home/randomguy/Desktop/Escuela/Servicio/Renderer/build/CMakeFiles/CMakeTmp/CheckSymbolExists.c
Linking C executable cmTC_31a2a
/usr/bin/cmake -E cmake_link_script CMakeFiles/cmTC_31a2a.dir/link.txt --verbose=1
/usr/bin/cc   -D_GNU_SOURCE=1 CMakeFiles/cmTC_31a2a.dir/CheckSymbolExists.c.o -o cmTC_31a2a  -lm 
gmake[1]: Leaving directory '/home/randomguy/Desktop/Escuela/Servicio/Renderer/build/CMakeFiles/CMakeTmp'


File /home/randomguy/Desktop/Escuela/Servicio/Renderer/build/CMakeFiles/CMakeTmp/CheckSymbolExists.c:
/* */
#include <float.h>
#include <iconv.h>
#include <inttypes.h>
#include <limits.h>
#include <malloc.h>
#include <math.h>
#include <memory.h>
#include <signal.h>
#include <stdarg.h>
#include <stdbool.h>
#include <stddef.h>
#include <stdint.h>
#include <stdio.h>
#include <stdlib.h>
#include <string.h>
#include <strings.h>
#include <sys/types.h>
#include <time.h>
#include <wchar.h>

int main(int argc, char** argv)
{
  (void)argv;
#ifndef fopen64
  return ((int*)(&fopen64))[argc];
#else
  (void)argc;
  return 0;
#endif
}
Determining if the fseeko exist passed with the following output:
Change Dir: /home/randomguy/Desktop/Escuela/Servicio/Renderer/build/CMakeFiles/CMakeTmp

Run Build Command(s):/usr/bin/gmake -f Makefile cmTC_eb4b0/fast && /usr/bin/gmake  -f CMakeFiles/cmTC_eb4b0.dir/build.make CMakeFiles/cmTC_eb4b0.dir/build
gmake[1]: Entering directory '/home/randomguy/Desktop/Escuela/Servicio/Renderer/build/CMakeFiles/CMakeTmp'
Building C object CMakeFiles/cmTC_eb4b0.dir/CheckSymbolExists.c.o
/usr/bin/cc   -D_GNU_SOURCE=1 -o CMakeFiles/cmTC_eb4b0.dir/CheckSymbolExists.c.o -c /home/randomguy/Desktop/Escuela/Servicio/Renderer/build/CMakeFiles/CMakeTmp/CheckSymbolExists.c
Linking C executable cmTC_eb4b0
/usr/bin/cmake -E cmake_link_script CMakeFiles/cmTC_eb4b0.dir/link.txt --verbose=1
/usr/bin/cc   -D_GNU_SOURCE=1 CMakeFiles/cmTC_eb4b0.dir/CheckSymbolExists.c.o -o cmTC_eb4b0  -lm 
gmake[1]: Leaving directory '/home/randomguy/Desktop/Escuela/Servicio/Renderer/build/CMakeFiles/CMakeTmp'


File /home/randomguy/Desktop/Escuela/Servicio/Renderer/build/CMakeFiles/CMakeTmp/CheckSymbolExists.c:
/* */
#include <float.h>
#include <iconv.h>
#include <inttypes.h>
#include <limits.h>
#include <malloc.h>
#include <math.h>
#include <memory.h>
#include <signal.h>
#include <stdarg.h>
#include <stdbool.h>
#include <stddef.h>
#include <stdint.h>
#include <stdio.h>
#include <stdlib.h>
#include <string.h>
#include <strings.h>
#include <sys/types.h>
#include <time.h>
#include <wchar.h>

int main(int argc, char** argv)
{
  (void)argv;
#ifndef fseeko
  return ((int*)(&fseeko))[argc];
#else
  (void)argc;
  return 0;
#endif
}
Determining if the fseeko64 exist passed with the following output:
Change Dir: /home/randomguy/Desktop/Escuela/Servicio/Renderer/build/CMakeFiles/CMakeTmp

Run Build Command(s):/usr/bin/gmake -f Makefile cmTC_bacdb/fast && /usr/bin/gmake  -f CMakeFiles/cmTC_bacdb.dir/build.make CMakeFiles/cmTC_bacdb.dir/build
gmake[1]: Entering directory '/home/randomguy/Desktop/Escuela/Servicio/Renderer/build/CMakeFiles/CMakeTmp'
Building C object CMakeFiles/cmTC_bacdb.dir/CheckSymbolExists.c.o
/usr/bin/cc   -D_GNU_SOURCE=1 -o CMakeFiles/cmTC_bacdb.dir/CheckSymbolExists.c.o -c /home/randomguy/Desktop/Escuela/Servicio/Renderer/build/CMakeFiles/CMakeTmp/CheckSymbolExists.c
Linking C executable cmTC_bacdb
/usr/bin/cmake -E cmake_link_script CMakeFiles/cmTC_bacdb.dir/link.txt --verbose=1
/usr/bin/cc   -D_GNU_SOURCE=1 CMakeFiles/cmTC_bacdb.dir/CheckSymbolExists.c.o -o cmTC_bacdb  -lm 
gmake[1]: Leaving directory '/home/randomguy/Desktop/Escuela/Servicio/Renderer/build/CMakeFiles/CMakeTmp'


File /home/randomguy/Desktop/Escuela/Servicio/Renderer/build/CMakeFiles/CMakeTmp/CheckSymbolExists.c:
/* */
#include <float.h>
#include <iconv.h>
#include <inttypes.h>
#include <limits.h>
#include <malloc.h>
#include <math.h>
#include <memory.h>
#include <signal.h>
#include <stdarg.h>
#include <stdbool.h>
#include <stddef.h>
#include <stdint.h>
#include <stdio.h>
#include <stdlib.h>
#include <string.h>
#include <strings.h>
#include <sys/types.h>
#include <time.h>
#include <wchar.h>

int main(int argc, char** argv)
{
  (void)argv;
#ifndef fseeko64
  return ((int*)(&fseeko64))[argc];
#else
  (void)argc;
  return 0;
#endif
}
Determining if the getenv exist passed with the following output:
Change Dir: /home/randomguy/Desktop/Escuela/Servicio/Renderer/build/CMakeFiles/CMakeTmp

Run Build Command(s):/usr/bin/gmake -f Makefile cmTC_7aa70/fast && /usr/bin/gmake  -f CMakeFiles/cmTC_7aa70.dir/build.make CMakeFiles/cmTC_7aa70.dir/build
gmake[1]: Entering directory '/home/randomguy/Desktop/Escuela/Servicio/Renderer/build/CMakeFiles/CMakeTmp'
Building C object CMakeFiles/cmTC_7aa70.dir/CheckSymbolExists.c.o
/usr/bin/cc   -D_GNU_SOURCE=1 -o CMakeFiles/cmTC_7aa70.dir/CheckSymbolExists.c.o -c /home/randomguy/Desktop/Escuela/Servicio/Renderer/build/CMakeFiles/CMakeTmp/CheckSymbolExists.c
Linking C executable cmTC_7aa70
/usr/bin/cmake -E cmake_link_script CMakeFiles/cmTC_7aa70.dir/link.txt --verbose=1
/usr/bin/cc   -D_GNU_SOURCE=1 CMakeFiles/cmTC_7aa70.dir/CheckSymbolExists.c.o -o cmTC_7aa70  -lm 
gmake[1]: Leaving directory '/home/randomguy/Desktop/Escuela/Servicio/Renderer/build/CMakeFiles/CMakeTmp'


File /home/randomguy/Desktop/Escuela/Servicio/Renderer/build/CMakeFiles/CMakeTmp/CheckSymbolExists.c:
/* */
#include <float.h>
#include <iconv.h>
#include <inttypes.h>
#include <limits.h>
#include <malloc.h>
#include <math.h>
#include <memory.h>
#include <signal.h>
#include <stdarg.h>
#include <stdbool.h>
#include <stddef.h>
#include <stdint.h>
#include <stdio.h>
#include <stdlib.h>
#include <string.h>
#include <strings.h>
#include <sys/types.h>
#include <time.h>
#include <wchar.h>

int main(int argc, char** argv)
{
  (void)argv;
#ifndef getenv
  return ((int*)(&getenv))[argc];
#else
  (void)argc;
  return 0;
#endif
}
Determining if the index exist passed with the following output:
Change Dir: /home/randomguy/Desktop/Escuela/Servicio/Renderer/build/CMakeFiles/CMakeTmp

Run Build Command(s):/usr/bin/gmake -f Makefile cmTC_882ca/fast && /usr/bin/gmake  -f CMakeFiles/cmTC_882ca.dir/build.make CMakeFiles/cmTC_882ca.dir/build
gmake[1]: Entering directory '/home/randomguy/Desktop/Escuela/Servicio/Renderer/build/CMakeFiles/CMakeTmp'
Building C object CMakeFiles/cmTC_882ca.dir/CheckSymbolExists.c.o
/usr/bin/cc   -D_GNU_SOURCE=1 -o CMakeFiles/cmTC_882ca.dir/CheckSymbolExists.c.o -c /home/randomguy/Desktop/Escuela/Servicio/Renderer/build/CMakeFiles/CMakeTmp/CheckSymbolExists.c
Linking C executable cmTC_882ca
/usr/bin/cmake -E cmake_link_script CMakeFiles/cmTC_882ca.dir/link.txt --verbose=1
/usr/bin/cc   -D_GNU_SOURCE=1 CMakeFiles/cmTC_882ca.dir/CheckSymbolExists.c.o -o cmTC_882ca  -lm 
gmake[1]: Leaving directory '/home/randomguy/Desktop/Escuela/Servicio/Renderer/build/CMakeFiles/CMakeTmp'


File /home/randomguy/Desktop/Escuela/Servicio/Renderer/build/CMakeFiles/CMakeTmp/CheckSymbolExists.c:
/* */
#include <float.h>
#include <iconv.h>
#include <inttypes.h>
#include <limits.h>
#include <malloc.h>
#include <math.h>
#include <memory.h>
#include <signal.h>
#include <stdarg.h>
#include <stdbool.h>
#include <stddef.h>
#include <stdint.h>
#include <stdio.h>
#include <stdlib.h>
#include <string.h>
#include <strings.h>
#include <sys/types.h>
#include <time.h>
#include <wchar.h>

int main(int argc, char** argv)
{
  (void)argv;
#ifndef index
  return ((int*)(&index))[argc];
#else
  (void)argc;
  return 0;
#endif
}
Determining if the log exist passed with the following output:
Change Dir: /home/randomguy/Desktop/Escuela/Servicio/Renderer/build/CMakeFiles/CMakeTmp

Run Build Command(s):/usr/bin/gmake -f Makefile cmTC_7d028/fast && /usr/bin/gmake  -f CMakeFiles/cmTC_7d028.dir/build.make CMakeFiles/cmTC_7d028.dir/build
gmake[1]: Entering directory '/home/randomguy/Desktop/Escuela/Servicio/Renderer/build/CMakeFiles/CMakeTmp'
Building C object CMakeFiles/cmTC_7d028.dir/CheckSymbolExists.c.o
/usr/bin/cc   -D_GNU_SOURCE=1 -o CMakeFiles/cmTC_7d028.dir/CheckSymbolExists.c.o -c /home/randomguy/Desktop/Escuela/Servicio/Renderer/build/CMakeFiles/CMakeTmp/CheckSymbolExists.c
Linking C executable cmTC_7d028
/usr/bin/cmake -E cmake_link_script CMakeFiles/cmTC_7d028.dir/link.txt --verbose=1
/usr/bin/cc   -D_GNU_SOURCE=1 CMakeFiles/cmTC_7d028.dir/CheckSymbolExists.c.o -o cmTC_7d028  -lm 
gmake[1]: Leaving directory '/home/randomguy/Desktop/Escuela/Servicio/Renderer/build/CMakeFiles/CMakeTmp'


File /home/randomguy/Desktop/Escuela/Servicio/Renderer/build/CMakeFiles/CMakeTmp/CheckSymbolExists.c:
/* */
#include <float.h>
#include <iconv.h>
#include <inttypes.h>
#include <limits.h>
#include <malloc.h>
#include <math.h>
#include <memory.h>
#include <signal.h>
#include <stdarg.h>
#include <stdbool.h>
#include <stddef.h>
#include <stdint.h>
#include <stdio.h>
#include <stdlib.h>
#include <string.h>
#include <strings.h>
#include <sys/types.h>
#include <time.h>
#include <wchar.h>

int main(int argc, char** argv)
{
  (void)argv;
#ifndef log
  return ((int*)(&log))[argc];
#else
  (void)argc;
  return 0;
#endif
}
Determining if the log10 exist passed with the following output:
Change Dir: /home/randomguy/Desktop/Escuela/Servicio/Renderer/build/CMakeFiles/CMakeTmp

Run Build Command(s):/usr/bin/gmake -f Makefile cmTC_278d0/fast && /usr/bin/gmake  -f CMakeFiles/cmTC_278d0.dir/build.make CMakeFiles/cmTC_278d0.dir/build
gmake[1]: Entering directory '/home/randomguy/Desktop/Escuela/Servicio/Renderer/build/CMakeFiles/CMakeTmp'
Building C object CMakeFiles/cmTC_278d0.dir/CheckSymbolExists.c.o
/usr/bin/cc   -D_GNU_SOURCE=1 -o CMakeFiles/cmTC_278d0.dir/CheckSymbolExists.c.o -c /home/randomguy/Desktop/Escuela/Servicio/Renderer/build/CMakeFiles/CMakeTmp/CheckSymbolExists.c
Linking C executable cmTC_278d0
/usr/bin/cmake -E cmake_link_script CMakeFiles/cmTC_278d0.dir/link.txt --verbose=1
/usr/bin/cc   -D_GNU_SOURCE=1 CMakeFiles/cmTC_278d0.dir/CheckSymbolExists.c.o -o cmTC_278d0  -lm 
gmake[1]: Leaving directory '/home/randomguy/Desktop/Escuela/Servicio/Renderer/build/CMakeFiles/CMakeTmp'


File /home/randomguy/Desktop/Escuela/Servicio/Renderer/build/CMakeFiles/CMakeTmp/CheckSymbolExists.c:
/* */
#include <float.h>
#include <iconv.h>
#include <inttypes.h>
#include <limits.h>
#include <malloc.h>
#include <math.h>
#include <memory.h>
#include <signal.h>
#include <stdarg.h>
#include <stdbool.h>
#include <stddef.h>
#include <stdint.h>
#include <stdio.h>
#include <stdlib.h>
#include <string.h>
#include <strings.h>
#include <sys/types.h>
#include <time.h>
#include <wchar.h>

int main(int argc, char** argv)
{
  (void)argv;
#ifndef log10
  return ((int*)(&log10))[argc];
#else
  (void)argc;
  return 0;
#endif
}
Determining if the log10f exist passed with the following output:
Change Dir: /home/randomguy/Desktop/Escuela/Servicio/Renderer/build/CMakeFiles/CMakeTmp

Run Build Command(s):/usr/bin/gmake -f Makefile cmTC_56ef6/fast && /usr/bin/gmake  -f CMakeFiles/cmTC_56ef6.dir/build.make CMakeFiles/cmTC_56ef6.dir/build
gmake[1]: Entering directory '/home/randomguy/Desktop/Escuela/Servicio/Renderer/build/CMakeFiles/CMakeTmp'
Building C object CMakeFiles/cmTC_56ef6.dir/CheckSymbolExists.c.o
/usr/bin/cc   -D_GNU_SOURCE=1 -o CMakeFiles/cmTC_56ef6.dir/CheckSymbolExists.c.o -c /home/randomguy/Desktop/Escuela/Servicio/Renderer/build/CMakeFiles/CMakeTmp/CheckSymbolExists.c
Linking C executable cmTC_56ef6
/usr/bin/cmake -E cmake_link_script CMakeFiles/cmTC_56ef6.dir/link.txt --verbose=1
/usr/bin/cc   -D_GNU_SOURCE=1 CMakeFiles/cmTC_56ef6.dir/CheckSymbolExists.c.o -o cmTC_56ef6  -lm 
gmake[1]: Leaving directory '/home/randomguy/Desktop/Escuela/Servicio/Renderer/build/CMakeFiles/CMakeTmp'


File /home/randomguy/Desktop/Escuela/Servicio/Renderer/build/CMakeFiles/CMakeTmp/CheckSymbolExists.c:
/* */
#include <float.h>
#include <iconv.h>
#include <inttypes.h>
#include <limits.h>
#include <malloc.h>
#include <math.h>
#include <memory.h>
#include <signal.h>
#include <stdarg.h>
#include <stdbool.h>
#include <stddef.h>
#include <stdint.h>
#include <stdio.h>
#include <stdlib.h>
#include <string.h>
#include <strings.h>
#include <sys/types.h>
#include <time.h>
#include <wchar.h>

int main(int argc, char** argv)
{
  (void)argv;
#ifndef log10f
  return ((int*)(&log10f))[argc];
#else
  (void)argc;
  return 0;
#endif
}
Determining if the logf exist passed with the following output:
Change Dir: /home/randomguy/Desktop/Escuela/Servicio/Renderer/build/CMakeFiles/CMakeTmp

Run Build Command(s):/usr/bin/gmake -f Makefile cmTC_82b5c/fast && /usr/bin/gmake  -f CMakeFiles/cmTC_82b5c.dir/build.make CMakeFiles/cmTC_82b5c.dir/build
gmake[1]: Entering directory '/home/randomguy/Desktop/Escuela/Servicio/Renderer/build/CMakeFiles/CMakeTmp'
Building C object CMakeFiles/cmTC_82b5c.dir/CheckSymbolExists.c.o
/usr/bin/cc   -D_GNU_SOURCE=1 -o CMakeFiles/cmTC_82b5c.dir/CheckSymbolExists.c.o -c /home/randomguy/Desktop/Escuela/Servicio/Renderer/build/CMakeFiles/CMakeTmp/CheckSymbolExists.c
Linking C executable cmTC_82b5c
/usr/bin/cmake -E cmake_link_script CMakeFiles/cmTC_82b5c.dir/link.txt --verbose=1
/usr/bin/cc   -D_GNU_SOURCE=1 CMakeFiles/cmTC_82b5c.dir/CheckSymbolExists.c.o -o cmTC_82b5c  -lm 
gmake[1]: Leaving directory '/home/randomguy/Desktop/Escuela/Servicio/Renderer/build/CMakeFiles/CMakeTmp'


File /home/randomguy/Desktop/Escuela/Servicio/Renderer/build/CMakeFiles/CMakeTmp/CheckSymbolExists.c:
/* */
#include <float.h>
#include <iconv.h>
#include <inttypes.h>
#include <limits.h>
#include <malloc.h>
#include <math.h>
#include <memory.h>
#include <signal.h>
#include <stdarg.h>
#include <stdbool.h>
#include <stddef.h>
#include <stdint.h>
#include <stdio.h>
#include <stdlib.h>
#include <string.h>
#include <strings.h>
#include <sys/types.h>
#include <time.h>
#include <wchar.h>

int main(int argc, char** argv)
{
  (void)argv;
#ifndef logf
  return ((int*)(&logf))[argc];
#else
  (void)argc;
  return 0;
#endif
}
Determining if the lround exist passed with the following output:
Change Dir: /home/randomguy/Desktop/Escuela/Servicio/Renderer/build/CMakeFiles/CMakeTmp

Run Build Command(s):/usr/bin/gmake -f Makefile cmTC_d213a/fast && /usr/bin/gmake  -f CMakeFiles/cmTC_d213a.dir/build.make CMakeFiles/cmTC_d213a.dir/build
gmake[1]: Entering directory '/home/randomguy/Desktop/Escuela/Servicio/Renderer/build/CMakeFiles/CMakeTmp'
Building C object CMakeFiles/cmTC_d213a.dir/CheckSymbolExists.c.o
/usr/bin/cc   -D_GNU_SOURCE=1 -o CMakeFiles/cmTC_d213a.dir/CheckSymbolExists.c.o -c /home/randomguy/Desktop/Escuela/Servicio/Renderer/build/CMakeFiles/CMakeTmp/CheckSymbolExists.c
Linking C executable cmTC_d213a
/usr/bin/cmake -E cmake_link_script CMakeFiles/cmTC_d213a.dir/link.txt --verbose=1
/usr/bin/cc   -D_GNU_SOURCE=1 CMakeFiles/cmTC_d213a.dir/CheckSymbolExists.c.o -o cmTC_d213a  -lm 
gmake[1]: Leaving directory '/home/randomguy/Desktop/Escuela/Servicio/Renderer/build/CMakeFiles/CMakeTmp'


File /home/randomguy/Desktop/Escuela/Servicio/Renderer/build/CMakeFiles/CMakeTmp/CheckSymbolExists.c:
/* */
#include <float.h>
#include <iconv.h>
#include <inttypes.h>
#include <limits.h>
#include <malloc.h>
#include <math.h>
#include <memory.h>
#include <signal.h>
#include <stdarg.h>
#include <stdbool.h>
#include <stddef.h>
#include <stdint.h>
#include <stdio.h>
#include <stdlib.h>
#include <string.h>
#include <strings.h>
#include <sys/types.h>
#include <time.h>
#include <wchar.h>

int main(int argc, char** argv)
{
  (void)argv;
#ifndef lround
  return ((int*)(&lround))[argc];
#else
  (void)argc;
  return 0;
#endif
}
Determining if the lroundf exist passed with the following output:
Change Dir: /home/randomguy/Desktop/Escuela/Servicio/Renderer/build/CMakeFiles/CMakeTmp

Run Build Command(s):/usr/bin/gmake -f Makefile cmTC_a0f9f/fast && /usr/bin/gmake  -f CMakeFiles/cmTC_a0f9f.dir/build.make CMakeFiles/cmTC_a0f9f.dir/build
gmake[1]: Entering directory '/home/randomguy/Desktop/Escuela/Servicio/Renderer/build/CMakeFiles/CMakeTmp'
Building C object CMakeFiles/cmTC_a0f9f.dir/CheckSymbolExists.c.o
/usr/bin/cc   -D_GNU_SOURCE=1 -o CMakeFiles/cmTC_a0f9f.dir/CheckSymbolExists.c.o -c /home/randomguy/Desktop/Escuela/Servicio/Renderer/build/CMakeFiles/CMakeTmp/CheckSymbolExists.c
Linking C executable cmTC_a0f9f
/usr/bin/cmake -E cmake_link_script CMakeFiles/cmTC_a0f9f.dir/link.txt --verbose=1
/usr/bin/cc   -D_GNU_SOURCE=1 CMakeFiles/cmTC_a0f9f.dir/CheckSymbolExists.c.o -o cmTC_a0f9f  -lm 
gmake[1]: Leaving directory '/home/randomguy/Desktop/Escuela/Servicio/Renderer/build/CMakeFiles/CMakeTmp'


File /home/randomguy/Desktop/Escuela/Servicio/Renderer/build/CMakeFiles/CMakeTmp/CheckSymbolExists.c:
/* */
#include <float.h>
#include <iconv.h>
#include <inttypes.h>
#include <limits.h>
#include <malloc.h>
#include <math.h>
#include <memory.h>
#include <signal.h>
#include <stdarg.h>
#include <stdbool.h>
#include <stddef.h>
#include <stdint.h>
#include <stdio.h>
#include <stdlib.h>
#include <string.h>
#include <strings.h>
#include <sys/types.h>
#include <time.h>
#include <wchar.h>

int main(int argc, char** argv)
{
  (void)argv;
#ifndef lroundf
  return ((int*)(&lroundf))[argc];
#else
  (void)argc;
  return 0;
#endif
}
Determining if the malloc exist passed with the following output:
Change Dir: /home/randomguy/Desktop/Escuela/Servicio/Renderer/build/CMakeFiles/CMakeTmp

Run Build Command(s):/usr/bin/gmake -f Makefile cmTC_7c42e/fast && /usr/bin/gmake  -f CMakeFiles/cmTC_7c42e.dir/build.make CMakeFiles/cmTC_7c42e.dir/build
gmake[1]: Entering directory '/home/randomguy/Desktop/Escuela/Servicio/Renderer/build/CMakeFiles/CMakeTmp'
Building C object CMakeFiles/cmTC_7c42e.dir/CheckSymbolExists.c.o
/usr/bin/cc   -D_GNU_SOURCE=1 -o CMakeFiles/cmTC_7c42e.dir/CheckSymbolExists.c.o -c /home/randomguy/Desktop/Escuela/Servicio/Renderer/build/CMakeFiles/CMakeTmp/CheckSymbolExists.c
Linking C executable cmTC_7c42e
/usr/bin/cmake -E cmake_link_script CMakeFiles/cmTC_7c42e.dir/link.txt --verbose=1
/usr/bin/cc   -D_GNU_SOURCE=1 CMakeFiles/cmTC_7c42e.dir/CheckSymbolExists.c.o -o cmTC_7c42e  -lm 
gmake[1]: Leaving directory '/home/randomguy/Desktop/Escuela/Servicio/Renderer/build/CMakeFiles/CMakeTmp'


File /home/randomguy/Desktop/Escuela/Servicio/Renderer/build/CMakeFiles/CMakeTmp/CheckSymbolExists.c:
/* */
#include <float.h>
#include <iconv.h>
#include <inttypes.h>
#include <limits.h>
#include <malloc.h>
#include <math.h>
#include <memory.h>
#include <signal.h>
#include <stdarg.h>
#include <stdbool.h>
#include <stddef.h>
#include <stdint.h>
#include <stdio.h>
#include <stdlib.h>
#include <string.h>
#include <strings.h>
#include <sys/types.h>
#include <time.h>
#include <wchar.h>

int main(int argc, char** argv)
{
  (void)argv;
#ifndef malloc
  return ((int*)(&malloc))[argc];
#else
  (void)argc;
  return 0;
#endif
}
Determining if the memcmp exist passed with the following output:
Change Dir: /home/randomguy/Desktop/Escuela/Servicio/Renderer/build/CMakeFiles/CMakeTmp

Run Build Command(s):/usr/bin/gmake -f Makefile cmTC_b0c01/fast && /usr/bin/gmake  -f CMakeFiles/cmTC_b0c01.dir/build.make CMakeFiles/cmTC_b0c01.dir/build
gmake[1]: Entering directory '/home/randomguy/Desktop/Escuela/Servicio/Renderer/build/CMakeFiles/CMakeTmp'
Building C object CMakeFiles/cmTC_b0c01.dir/CheckSymbolExists.c.o
/usr/bin/cc   -D_GNU_SOURCE=1 -o CMakeFiles/cmTC_b0c01.dir/CheckSymbolExists.c.o -c /home/randomguy/Desktop/Escuela/Servicio/Renderer/build/CMakeFiles/CMakeTmp/CheckSymbolExists.c
Linking C executable cmTC_b0c01
/usr/bin/cmake -E cmake_link_script CMakeFiles/cmTC_b0c01.dir/link.txt --verbose=1
/usr/bin/cc   -D_GNU_SOURCE=1 CMakeFiles/cmTC_b0c01.dir/CheckSymbolExists.c.o -o cmTC_b0c01  -lm 
gmake[1]: Leaving directory '/home/randomguy/Desktop/Escuela/Servicio/Renderer/build/CMakeFiles/CMakeTmp'


File /home/randomguy/Desktop/Escuela/Servicio/Renderer/build/CMakeFiles/CMakeTmp/CheckSymbolExists.c:
/* */
#include <float.h>
#include <iconv.h>
#include <inttypes.h>
#include <limits.h>
#include <malloc.h>
#include <math.h>
#include <memory.h>
#include <signal.h>
#include <stdarg.h>
#include <stdbool.h>
#include <stddef.h>
#include <stdint.h>
#include <stdio.h>
#include <stdlib.h>
#include <string.h>
#include <strings.h>
#include <sys/types.h>
#include <time.h>
#include <wchar.h>

int main(int argc, char** argv)
{
  (void)argv;
#ifndef memcmp
  return ((int*)(&memcmp))[argc];
#else
  (void)argc;
  return 0;
#endif
}
Determining if the memcpy exist passed with the following output:
Change Dir: /home/randomguy/Desktop/Escuela/Servicio/Renderer/build/CMakeFiles/CMakeTmp

Run Build Command(s):/usr/bin/gmake -f Makefile cmTC_996d6/fast && /usr/bin/gmake  -f CMakeFiles/cmTC_996d6.dir/build.make CMakeFiles/cmTC_996d6.dir/build
gmake[1]: Entering directory '/home/randomguy/Desktop/Escuela/Servicio/Renderer/build/CMakeFiles/CMakeTmp'
Building C object CMakeFiles/cmTC_996d6.dir/CheckSymbolExists.c.o
/usr/bin/cc   -D_GNU_SOURCE=1 -o CMakeFiles/cmTC_996d6.dir/CheckSymbolExists.c.o -c /home/randomguy/Desktop/Escuela/Servicio/Renderer/build/CMakeFiles/CMakeTmp/CheckSymbolExists.c
Linking C executable cmTC_996d6
/usr/bin/cmake -E cmake_link_script CMakeFiles/cmTC_996d6.dir/link.txt --verbose=1
/usr/bin/cc   -D_GNU_SOURCE=1 CMakeFiles/cmTC_996d6.dir/CheckSymbolExists.c.o -o cmTC_996d6  -lm 
gmake[1]: Leaving directory '/home/randomguy/Desktop/Escuela/Servicio/Renderer/build/CMakeFiles/CMakeTmp'


File /home/randomguy/Desktop/Escuela/Servicio/Renderer/build/CMakeFiles/CMakeTmp/CheckSymbolExists.c:
/* */
#include <float.h>
#include <iconv.h>
#include <inttypes.h>
#include <limits.h>
#include <malloc.h>
#include <math.h>
#include <memory.h>
#include <signal.h>
#include <stdarg.h>
#include <stdbool.h>
#include <stddef.h>
#include <stdint.h>
#include <stdio.h>
#include <stdlib.h>
#include <string.h>
#include <strings.h>
#include <sys/types.h>
#include <time.h>
#include <wchar.h>

int main(int argc, char** argv)
{
  (void)argv;
#ifndef memcpy
  return ((int*)(&memcpy))[argc];
#else
  (void)argc;
  return 0;
#endif
}
Determining if the memmove exist passed with the following output:
Change Dir: /home/randomguy/Desktop/Escuela/Servicio/Renderer/build/CMakeFiles/CMakeTmp

Run Build Command(s):/usr/bin/gmake -f Makefile cmTC_b2222/fast && /usr/bin/gmake  -f CMakeFiles/cmTC_b2222.dir/build.make CMakeFiles/cmTC_b2222.dir/build
gmake[1]: Entering directory '/home/randomguy/Desktop/Escuela/Servicio/Renderer/build/CMakeFiles/CMakeTmp'
Building C object CMakeFiles/cmTC_b2222.dir/CheckSymbolExists.c.o
/usr/bin/cc   -D_GNU_SOURCE=1 -o CMakeFiles/cmTC_b2222.dir/CheckSymbolExists.c.o -c /home/randomguy/Desktop/Escuela/Servicio/Renderer/build/CMakeFiles/CMakeTmp/CheckSymbolExists.c
Linking C executable cmTC_b2222
/usr/bin/cmake -E cmake_link_script CMakeFiles/cmTC_b2222.dir/link.txt --verbose=1
/usr/bin/cc   -D_GNU_SOURCE=1 CMakeFiles/cmTC_b2222.dir/CheckSymbolExists.c.o -o cmTC_b2222  -lm 
gmake[1]: Leaving directory '/home/randomguy/Desktop/Escuela/Servicio/Renderer/build/CMakeFiles/CMakeTmp'


File /home/randomguy/Desktop/Escuela/Servicio/Renderer/build/CMakeFiles/CMakeTmp/CheckSymbolExists.c:
/* */
#include <float.h>
#include <iconv.h>
#include <inttypes.h>
#include <limits.h>
#include <malloc.h>
#include <math.h>
#include <memory.h>
#include <signal.h>
#include <stdarg.h>
#include <stdbool.h>
#include <stddef.h>
#include <stdint.h>
#include <stdio.h>
#include <stdlib.h>
#include <string.h>
#include <strings.h>
#include <sys/types.h>
#include <time.h>
#include <wchar.h>

int main(int argc, char** argv)
{
  (void)argv;
#ifndef memmove
  return ((int*)(&memmove))[argc];
#else
  (void)argc;
  return 0;
#endif
}
Determining if the memset exist passed with the following output:
Change Dir: /home/randomguy/Desktop/Escuela/Servicio/Renderer/build/CMakeFiles/CMakeTmp

Run Build Command(s):/usr/bin/gmake -f Makefile cmTC_21c18/fast && /usr/bin/gmake  -f CMakeFiles/cmTC_21c18.dir/build.make CMakeFiles/cmTC_21c18.dir/build
gmake[1]: Entering directory '/home/randomguy/Desktop/Escuela/Servicio/Renderer/build/CMakeFiles/CMakeTmp'
Building C object CMakeFiles/cmTC_21c18.dir/CheckSymbolExists.c.o
/usr/bin/cc   -D_GNU_SOURCE=1 -o CMakeFiles/cmTC_21c18.dir/CheckSymbolExists.c.o -c /home/randomguy/Desktop/Escuela/Servicio/Renderer/build/CMakeFiles/CMakeTmp/CheckSymbolExists.c
Linking C executable cmTC_21c18
/usr/bin/cmake -E cmake_link_script CMakeFiles/cmTC_21c18.dir/link.txt --verbose=1
/usr/bin/cc   -D_GNU_SOURCE=1 CMakeFiles/cmTC_21c18.dir/CheckSymbolExists.c.o -o cmTC_21c18  -lm 
gmake[1]: Leaving directory '/home/randomguy/Desktop/Escuela/Servicio/Renderer/build/CMakeFiles/CMakeTmp'


File /home/randomguy/Desktop/Escuela/Servicio/Renderer/build/CMakeFiles/CMakeTmp/CheckSymbolExists.c:
/* */
#include <float.h>
#include <iconv.h>
#include <inttypes.h>
#include <limits.h>
#include <malloc.h>
#include <math.h>
#include <memory.h>
#include <signal.h>
#include <stdarg.h>
#include <stdbool.h>
#include <stddef.h>
#include <stdint.h>
#include <stdio.h>
#include <stdlib.h>
#include <string.h>
#include <strings.h>
#include <sys/types.h>
#include <time.h>
#include <wchar.h>

int main(int argc, char** argv)
{
  (void)argv;
#ifndef memset
  return ((int*)(&memset))[argc];
#else
  (void)argc;
  return 0;
#endif
}
Determining if the modf exist passed with the following output:
Change Dir: /home/randomguy/Desktop/Escuela/Servicio/Renderer/build/CMakeFiles/CMakeTmp

Run Build Command(s):/usr/bin/gmake -f Makefile cmTC_4e4f5/fast && /usr/bin/gmake  -f CMakeFiles/cmTC_4e4f5.dir/build.make CMakeFiles/cmTC_4e4f5.dir/build
gmake[1]: Entering directory '/home/randomguy/Desktop/Escuela/Servicio/Renderer/build/CMakeFiles/CMakeTmp'
Building C object CMakeFiles/cmTC_4e4f5.dir/CheckSymbolExists.c.o
/usr/bin/cc   -D_GNU_SOURCE=1 -o CMakeFiles/cmTC_4e4f5.dir/CheckSymbolExists.c.o -c /home/randomguy/Desktop/Escuela/Servicio/Renderer/build/CMakeFiles/CMakeTmp/CheckSymbolExists.c
Linking C executable cmTC_4e4f5
/usr/bin/cmake -E cmake_link_script CMakeFiles/cmTC_4e4f5.dir/link.txt --verbose=1
/usr/bin/cc   -D_GNU_SOURCE=1 CMakeFiles/cmTC_4e4f5.dir/CheckSymbolExists.c.o -o cmTC_4e4f5  -lm 
gmake[1]: Leaving directory '/home/randomguy/Desktop/Escuela/Servicio/Renderer/build/CMakeFiles/CMakeTmp'


File /home/randomguy/Desktop/Escuela/Servicio/Renderer/build/CMakeFiles/CMakeTmp/CheckSymbolExists.c:
/* */
#include <float.h>
#include <iconv.h>
#include <inttypes.h>
#include <limits.h>
#include <malloc.h>
#include <math.h>
#include <memory.h>
#include <signal.h>
#include <stdarg.h>
#include <stdbool.h>
#include <stddef.h>
#include <stdint.h>
#include <stdio.h>
#include <stdlib.h>
#include <string.h>
#include <strings.h>
#include <sys/types.h>
#include <time.h>
#include <wchar.h>

int main(int argc, char** argv)
{
  (void)argv;
#ifndef modf
  return ((int*)(&modf))[argc];
#else
  (void)argc;
  return 0;
#endif
}
Determining if the modff exist passed with the following output:
Change Dir: /home/randomguy/Desktop/Escuela/Servicio/Renderer/build/CMakeFiles/CMakeTmp

Run Build Command(s):/usr/bin/gmake -f Makefile cmTC_20f97/fast && /usr/bin/gmake  -f CMakeFiles/cmTC_20f97.dir/build.make CMakeFiles/cmTC_20f97.dir/build
gmake[1]: Entering directory '/home/randomguy/Desktop/Escuela/Servicio/Renderer/build/CMakeFiles/CMakeTmp'
Building C object CMakeFiles/cmTC_20f97.dir/CheckSymbolExists.c.o
/usr/bin/cc   -D_GNU_SOURCE=1 -o CMakeFiles/cmTC_20f97.dir/CheckSymbolExists.c.o -c /home/randomguy/Desktop/Escuela/Servicio/Renderer/build/CMakeFiles/CMakeTmp/CheckSymbolExists.c
Linking C executable cmTC_20f97
/usr/bin/cmake -E cmake_link_script CMakeFiles/cmTC_20f97.dir/link.txt --verbose=1
/usr/bin/cc   -D_GNU_SOURCE=1 CMakeFiles/cmTC_20f97.dir/CheckSymbolExists.c.o -o cmTC_20f97  -lm 
gmake[1]: Leaving directory '/home/randomguy/Desktop/Escuela/Servicio/Renderer/build/CMakeFiles/CMakeTmp'


File /home/randomguy/Desktop/Escuela/Servicio/Renderer/build/CMakeFiles/CMakeTmp/CheckSymbolExists.c:
/* */
#include <float.h>
#include <iconv.h>
#include <inttypes.h>
#include <limits.h>
#include <malloc.h>
#include <math.h>
#include <memory.h>
#include <signal.h>
#include <stdarg.h>
#include <stdbool.h>
#include <stddef.h>
#include <stdint.h>
#include <stdio.h>
#include <stdlib.h>
#include <string.h>
#include <strings.h>
#include <sys/types.h>
#include <time.h>
#include <wchar.h>

int main(int argc, char** argv)
{
  (void)argv;
#ifndef modff
  return ((int*)(&modff))[argc];
#else
  (void)argc;
  return 0;
#endif
}
Determining if the pow exist passed with the following output:
Change Dir: /home/randomguy/Desktop/Escuela/Servicio/Renderer/build/CMakeFiles/CMakeTmp

Run Build Command(s):/usr/bin/gmake -f Makefile cmTC_1b325/fast && /usr/bin/gmake  -f CMakeFiles/cmTC_1b325.dir/build.make CMakeFiles/cmTC_1b325.dir/build
gmake[1]: Entering directory '/home/randomguy/Desktop/Escuela/Servicio/Renderer/build/CMakeFiles/CMakeTmp'
Building C object CMakeFiles/cmTC_1b325.dir/CheckSymbolExists.c.o
/usr/bin/cc   -D_GNU_SOURCE=1 -o CMakeFiles/cmTC_1b325.dir/CheckSymbolExists.c.o -c /home/randomguy/Desktop/Escuela/Servicio/Renderer/build/CMakeFiles/CMakeTmp/CheckSymbolExists.c
Linking C executable cmTC_1b325
/usr/bin/cmake -E cmake_link_script CMakeFiles/cmTC_1b325.dir/link.txt --verbose=1
/usr/bin/cc   -D_GNU_SOURCE=1 CMakeFiles/cmTC_1b325.dir/CheckSymbolExists.c.o -o cmTC_1b325  -lm 
gmake[1]: Leaving directory '/home/randomguy/Desktop/Escuela/Servicio/Renderer/build/CMakeFiles/CMakeTmp'


File /home/randomguy/Desktop/Escuela/Servicio/Renderer/build/CMakeFiles/CMakeTmp/CheckSymbolExists.c:
/* */
#include <float.h>
#include <iconv.h>
#include <inttypes.h>
#include <limits.h>
#include <malloc.h>
#include <math.h>
#include <memory.h>
#include <signal.h>
#include <stdarg.h>
#include <stdbool.h>
#include <stddef.h>
#include <stdint.h>
#include <stdio.h>
#include <stdlib.h>
#include <string.h>
#include <strings.h>
#include <sys/types.h>
#include <time.h>
#include <wchar.h>

int main(int argc, char** argv)
{
  (void)argv;
#ifndef pow
  return ((int*)(&pow))[argc];
#else
  (void)argc;
  return 0;
#endif
}
Determining if the powf exist passed with the following output:
Change Dir: /home/randomguy/Desktop/Escuela/Servicio/Renderer/build/CMakeFiles/CMakeTmp

Run Build Command(s):/usr/bin/gmake -f Makefile cmTC_93732/fast && /usr/bin/gmake  -f CMakeFiles/cmTC_93732.dir/build.make CMakeFiles/cmTC_93732.dir/build
gmake[1]: Entering directory '/home/randomguy/Desktop/Escuela/Servicio/Renderer/build/CMakeFiles/CMakeTmp'
Building C object CMakeFiles/cmTC_93732.dir/CheckSymbolExists.c.o
/usr/bin/cc   -D_GNU_SOURCE=1 -o CMakeFiles/cmTC_93732.dir/CheckSymbolExists.c.o -c /home/randomguy/Desktop/Escuela/Servicio/Renderer/build/CMakeFiles/CMakeTmp/CheckSymbolExists.c
Linking C executable cmTC_93732
/usr/bin/cmake -E cmake_link_script CMakeFiles/cmTC_93732.dir/link.txt --verbose=1
/usr/bin/cc   -D_GNU_SOURCE=1 CMakeFiles/cmTC_93732.dir/CheckSymbolExists.c.o -o cmTC_93732  -lm 
gmake[1]: Leaving directory '/home/randomguy/Desktop/Escuela/Servicio/Renderer/build/CMakeFiles/CMakeTmp'


File /home/randomguy/Desktop/Escuela/Servicio/Renderer/build/CMakeFiles/CMakeTmp/CheckSymbolExists.c:
/* */
#include <float.h>
#include <iconv.h>
#include <inttypes.h>
#include <limits.h>
#include <malloc.h>
#include <math.h>
#include <memory.h>
#include <signal.h>
#include <stdarg.h>
#include <stdbool.h>
#include <stddef.h>
#include <stdint.h>
#include <stdio.h>
#include <stdlib.h>
#include <string.h>
#include <strings.h>
#include <sys/types.h>
#include <time.h>
#include <wchar.h>

int main(int argc, char** argv)
{
  (void)argv;
#ifndef powf
  return ((int*)(&powf))[argc];
#else
  (void)argc;
  return 0;
#endif
}
Determining if the putenv exist passed with the following output:
Change Dir: /home/randomguy/Desktop/Escuela/Servicio/Renderer/build/CMakeFiles/CMakeTmp

Run Build Command(s):/usr/bin/gmake -f Makefile cmTC_ee3eb/fast && /usr/bin/gmake  -f CMakeFiles/cmTC_ee3eb.dir/build.make CMakeFiles/cmTC_ee3eb.dir/build
gmake[1]: Entering directory '/home/randomguy/Desktop/Escuela/Servicio/Renderer/build/CMakeFiles/CMakeTmp'
Building C object CMakeFiles/cmTC_ee3eb.dir/CheckSymbolExists.c.o
/usr/bin/cc   -D_GNU_SOURCE=1 -o CMakeFiles/cmTC_ee3eb.dir/CheckSymbolExists.c.o -c /home/randomguy/Desktop/Escuela/Servicio/Renderer/build/CMakeFiles/CMakeTmp/CheckSymbolExists.c
Linking C executable cmTC_ee3eb
/usr/bin/cmake -E cmake_link_script CMakeFiles/cmTC_ee3eb.dir/link.txt --verbose=1
/usr/bin/cc   -D_GNU_SOURCE=1 CMakeFiles/cmTC_ee3eb.dir/CheckSymbolExists.c.o -o cmTC_ee3eb  -lm 
gmake[1]: Leaving directory '/home/randomguy/Desktop/Escuela/Servicio/Renderer/build/CMakeFiles/CMakeTmp'


File /home/randomguy/Desktop/Escuela/Servicio/Renderer/build/CMakeFiles/CMakeTmp/CheckSymbolExists.c:
/* */
#include <float.h>
#include <iconv.h>
#include <inttypes.h>
#include <limits.h>
#include <malloc.h>
#include <math.h>
#include <memory.h>
#include <signal.h>
#include <stdarg.h>
#include <stdbool.h>
#include <stddef.h>
#include <stdint.h>
#include <stdio.h>
#include <stdlib.h>
#include <string.h>
#include <strings.h>
#include <sys/types.h>
#include <time.h>
#include <wchar.h>

int main(int argc, char** argv)
{
  (void)argv;
#ifndef putenv
  return ((int*)(&putenv))[argc];
#else
  (void)argc;
  return 0;
#endif
}
Determining if the rindex exist passed with the following output:
Change Dir: /home/randomguy/Desktop/Escuela/Servicio/Renderer/build/CMakeFiles/CMakeTmp

Run Build Command(s):/usr/bin/gmake -f Makefile cmTC_c1de4/fast && /usr/bin/gmake  -f CMakeFiles/cmTC_c1de4.dir/build.make CMakeFiles/cmTC_c1de4.dir/build
gmake[1]: Entering directory '/home/randomguy/Desktop/Escuela/Servicio/Renderer/build/CMakeFiles/CMakeTmp'
Building C object CMakeFiles/cmTC_c1de4.dir/CheckSymbolExists.c.o
/usr/bin/cc   -D_GNU_SOURCE=1 -o CMakeFiles/cmTC_c1de4.dir/CheckSymbolExists.c.o -c /home/randomguy/Desktop/Escuela/Servicio/Renderer/build/CMakeFiles/CMakeTmp/CheckSymbolExists.c
Linking C executable cmTC_c1de4
/usr/bin/cmake -E cmake_link_script CMakeFiles/cmTC_c1de4.dir/link.txt --verbose=1
/usr/bin/cc   -D_GNU_SOURCE=1 CMakeFiles/cmTC_c1de4.dir/CheckSymbolExists.c.o -o cmTC_c1de4  -lm 
gmake[1]: Leaving directory '/home/randomguy/Desktop/Escuela/Servicio/Renderer/build/CMakeFiles/CMakeTmp'


File /home/randomguy/Desktop/Escuela/Servicio/Renderer/build/CMakeFiles/CMakeTmp/CheckSymbolExists.c:
/* */
#include <float.h>
#include <iconv.h>
#include <inttypes.h>
#include <limits.h>
#include <malloc.h>
#include <math.h>
#include <memory.h>
#include <signal.h>
#include <stdarg.h>
#include <stdbool.h>
#include <stddef.h>
#include <stdint.h>
#include <stdio.h>
#include <stdlib.h>
#include <string.h>
#include <strings.h>
#include <sys/types.h>
#include <time.h>
#include <wchar.h>

int main(int argc, char** argv)
{
  (void)argv;
#ifndef rindex
  return ((int*)(&rindex))[argc];
#else
  (void)argc;
  return 0;
#endif
}
Determining if the round exist passed with the following output:
Change Dir: /home/randomguy/Desktop/Escuela/Servicio/Renderer/build/CMakeFiles/CMakeTmp

Run Build Command(s):/usr/bin/gmake -f Makefile cmTC_8fd90/fast && /usr/bin/gmake  -f CMakeFiles/cmTC_8fd90.dir/build.make CMakeFiles/cmTC_8fd90.dir/build
gmake[1]: Entering directory '/home/randomguy/Desktop/Escuela/Servicio/Renderer/build/CMakeFiles/CMakeTmp'
Building C object CMakeFiles/cmTC_8fd90.dir/CheckSymbolExists.c.o
/usr/bin/cc   -D_GNU_SOURCE=1 -o CMakeFiles/cmTC_8fd90.dir/CheckSymbolExists.c.o -c /home/randomguy/Desktop/Escuela/Servicio/Renderer/build/CMakeFiles/CMakeTmp/CheckSymbolExists.c
Linking C executable cmTC_8fd90
/usr/bin/cmake -E cmake_link_script CMakeFiles/cmTC_8fd90.dir/link.txt --verbose=1
/usr/bin/cc   -D_GNU_SOURCE=1 CMakeFiles/cmTC_8fd90.dir/CheckSymbolExists.c.o -o cmTC_8fd90  -lm 
gmake[1]: Leaving directory '/home/randomguy/Desktop/Escuela/Servicio/Renderer/build/CMakeFiles/CMakeTmp'


File /home/randomguy/Desktop/Escuela/Servicio/Renderer/build/CMakeFiles/CMakeTmp/CheckSymbolExists.c:
/* */
#include <float.h>
#include <iconv.h>
#include <inttypes.h>
#include <limits.h>
#include <malloc.h>
#include <math.h>
#include <memory.h>
#include <signal.h>
#include <stdarg.h>
#include <stdbool.h>
#include <stddef.h>
#include <stdint.h>
#include <stdio.h>
#include <stdlib.h>
#include <string.h>
#include <strings.h>
#include <sys/types.h>
#include <time.h>
#include <wchar.h>

int main(int argc, char** argv)
{
  (void)argv;
#ifndef round
  return ((int*)(&round))[argc];
#else
  (void)argc;
  return 0;
#endif
}
Determining if the roundf exist passed with the following output:
Change Dir: /home/randomguy/Desktop/Escuela/Servicio/Renderer/build/CMakeFiles/CMakeTmp

Run Build Command(s):/usr/bin/gmake -f Makefile cmTC_b9e8b/fast && /usr/bin/gmake  -f CMakeFiles/cmTC_b9e8b.dir/build.make CMakeFiles/cmTC_b9e8b.dir/build
gmake[1]: Entering directory '/home/randomguy/Desktop/Escuela/Servicio/Renderer/build/CMakeFiles/CMakeTmp'
Building C object CMakeFiles/cmTC_b9e8b.dir/CheckSymbolExists.c.o
/usr/bin/cc   -D_GNU_SOURCE=1 -o CMakeFiles/cmTC_b9e8b.dir/CheckSymbolExists.c.o -c /home/randomguy/Desktop/Escuela/Servicio/Renderer/build/CMakeFiles/CMakeTmp/CheckSymbolExists.c
Linking C executable cmTC_b9e8b
/usr/bin/cmake -E cmake_link_script CMakeFiles/cmTC_b9e8b.dir/link.txt --verbose=1
/usr/bin/cc   -D_GNU_SOURCE=1 CMakeFiles/cmTC_b9e8b.dir/CheckSymbolExists.c.o -o cmTC_b9e8b  -lm 
gmake[1]: Leaving directory '/home/randomguy/Desktop/Escuela/Servicio/Renderer/build/CMakeFiles/CMakeTmp'


File /home/randomguy/Desktop/Escuela/Servicio/Renderer/build/CMakeFiles/CMakeTmp/CheckSymbolExists.c:
/* */
#include <float.h>
#include <iconv.h>
#include <inttypes.h>
#include <limits.h>
#include <malloc.h>
#include <math.h>
#include <memory.h>
#include <signal.h>
#include <stdarg.h>
#include <stdbool.h>
#include <stddef.h>
#include <stdint.h>
#include <stdio.h>
#include <stdlib.h>
#include <string.h>
#include <strings.h>
#include <sys/types.h>
#include <time.h>
#include <wchar.h>

int main(int argc, char** argv)
{
  (void)argv;
#ifndef roundf
  return ((int*)(&roundf))[argc];
#else
  (void)argc;
  return 0;
#endif
}
Determining if the scalbn exist passed with the following output:
Change Dir: /home/randomguy/Desktop/Escuela/Servicio/Renderer/build/CMakeFiles/CMakeTmp

Run Build Command(s):/usr/bin/gmake -f Makefile cmTC_99176/fast && /usr/bin/gmake  -f CMakeFiles/cmTC_99176.dir/build.make CMakeFiles/cmTC_99176.dir/build
gmake[1]: Entering directory '/home/randomguy/Desktop/Escuela/Servicio/Renderer/build/CMakeFiles/CMakeTmp'
Building C object CMakeFiles/cmTC_99176.dir/CheckSymbolExists.c.o
/usr/bin/cc   -D_GNU_SOURCE=1 -o CMakeFiles/cmTC_99176.dir/CheckSymbolExists.c.o -c /home/randomguy/Desktop/Escuela/Servicio/Renderer/build/CMakeFiles/CMakeTmp/CheckSymbolExists.c
Linking C executable cmTC_99176
/usr/bin/cmake -E cmake_link_script CMakeFiles/cmTC_99176.dir/link.txt --verbose=1
/usr/bin/cc   -D_GNU_SOURCE=1 CMakeFiles/cmTC_99176.dir/CheckSymbolExists.c.o -o cmTC_99176  -lm 
gmake[1]: Leaving directory '/home/randomguy/Desktop/Escuela/Servicio/Renderer/build/CMakeFiles/CMakeTmp'


File /home/randomguy/Desktop/Escuela/Servicio/Renderer/build/CMakeFiles/CMakeTmp/CheckSymbolExists.c:
/* */
#include <float.h>
#include <iconv.h>
#include <inttypes.h>
#include <limits.h>
#include <malloc.h>
#include <math.h>
#include <memory.h>
#include <signal.h>
#include <stdarg.h>
#include <stdbool.h>
#include <stddef.h>
#include <stdint.h>
#include <stdio.h>
#include <stdlib.h>
#include <string.h>
#include <strings.h>
#include <sys/types.h>
#include <time.h>
#include <wchar.h>

int main(int argc, char** argv)
{
  (void)argv;
#ifndef scalbn
  return ((int*)(&scalbn))[argc];
#else
  (void)argc;
  return 0;
#endif
}
Determining if the scalbnf exist passed with the following output:
Change Dir: /home/randomguy/Desktop/Escuela/Servicio/Renderer/build/CMakeFiles/CMakeTmp

Run Build Command(s):/usr/bin/gmake -f Makefile cmTC_53d3d/fast && /usr/bin/gmake  -f CMakeFiles/cmTC_53d3d.dir/build.make CMakeFiles/cmTC_53d3d.dir/build
gmake[1]: Entering directory '/home/randomguy/Desktop/Escuela/Servicio/Renderer/build/CMakeFiles/CMakeTmp'
Building C object CMakeFiles/cmTC_53d3d.dir/CheckSymbolExists.c.o
/usr/bin/cc   -D_GNU_SOURCE=1 -o CMakeFiles/cmTC_53d3d.dir/CheckSymbolExists.c.o -c /home/randomguy/Desktop/Escuela/Servicio/Renderer/build/CMakeFiles/CMakeTmp/CheckSymbolExists.c
Linking C executable cmTC_53d3d
/usr/bin/cmake -E cmake_link_script CMakeFiles/cmTC_53d3d.dir/link.txt --verbose=1
/usr/bin/cc   -D_GNU_SOURCE=1 CMakeFiles/cmTC_53d3d.dir/CheckSymbolExists.c.o -o cmTC_53d3d  -lm 
gmake[1]: Leaving directory '/home/randomguy/Desktop/Escuela/Servicio/Renderer/build/CMakeFiles/CMakeTmp'


File /home/randomguy/Desktop/Escuela/Servicio/Renderer/build/CMakeFiles/CMakeTmp/CheckSymbolExists.c:
/* */
#include <float.h>
#include <iconv.h>
#include <inttypes.h>
#include <limits.h>
#include <malloc.h>
#include <math.h>
#include <memory.h>
#include <signal.h>
#include <stdarg.h>
#include <stdbool.h>
#include <stddef.h>
#include <stdint.h>
#include <stdio.h>
#include <stdlib.h>
#include <string.h>
#include <strings.h>
#include <sys/types.h>
#include <time.h>
#include <wchar.h>

int main(int argc, char** argv)
{
  (void)argv;
#ifndef scalbnf
  return ((int*)(&scalbnf))[argc];
#else
  (void)argc;
  return 0;
#endif
}
Determining if the setenv exist passed with the following output:
Change Dir: /home/randomguy/Desktop/Escuela/Servicio/Renderer/build/CMakeFiles/CMakeTmp

Run Build Command(s):/usr/bin/gmake -f Makefile cmTC_e5cca/fast && /usr/bin/gmake  -f CMakeFiles/cmTC_e5cca.dir/build.make CMakeFiles/cmTC_e5cca.dir/build
gmake[1]: Entering directory '/home/randomguy/Desktop/Escuela/Servicio/Renderer/build/CMakeFiles/CMakeTmp'
Building C object CMakeFiles/cmTC_e5cca.dir/CheckSymbolExists.c.o
/usr/bin/cc   -D_GNU_SOURCE=1 -o CMakeFiles/cmTC_e5cca.dir/CheckSymbolExists.c.o -c /home/randomguy/Desktop/Escuela/Servicio/Renderer/build/CMakeFiles/CMakeTmp/CheckSymbolExists.c
Linking C executable cmTC_e5cca
/usr/bin/cmake -E cmake_link_script CMakeFiles/cmTC_e5cca.dir/link.txt --verbose=1
/usr/bin/cc   -D_GNU_SOURCE=1 CMakeFiles/cmTC_e5cca.dir/CheckSymbolExists.c.o -o cmTC_e5cca  -lm 
gmake[1]: Leaving directory '/home/randomguy/Desktop/Escuela/Servicio/Renderer/build/CMakeFiles/CMakeTmp'


File /home/randomguy/Desktop/Escuela/Servicio/Renderer/build/CMakeFiles/CMakeTmp/CheckSymbolExists.c:
/* */
#include <float.h>
#include <iconv.h>
#include <inttypes.h>
#include <limits.h>
#include <malloc.h>
#include <math.h>
#include <memory.h>
#include <signal.h>
#include <stdarg.h>
#include <stdbool.h>
#include <stddef.h>
#include <stdint.h>
#include <stdio.h>
#include <stdlib.h>
#include <string.h>
#include <strings.h>
#include <sys/types.h>
#include <time.h>
#include <wchar.h>

int main(int argc, char** argv)
{
  (void)argv;
#ifndef setenv
  return ((int*)(&setenv))[argc];
#else
  (void)argc;
  return 0;
#endif
}
Determining if the sin exist passed with the following output:
Change Dir: /home/randomguy/Desktop/Escuela/Servicio/Renderer/build/CMakeFiles/CMakeTmp

Run Build Command(s):/usr/bin/gmake -f Makefile cmTC_fc297/fast && /usr/bin/gmake  -f CMakeFiles/cmTC_fc297.dir/build.make CMakeFiles/cmTC_fc297.dir/build
gmake[1]: Entering directory '/home/randomguy/Desktop/Escuela/Servicio/Renderer/build/CMakeFiles/CMakeTmp'
Building C object CMakeFiles/cmTC_fc297.dir/CheckSymbolExists.c.o
/usr/bin/cc   -D_GNU_SOURCE=1 -o CMakeFiles/cmTC_fc297.dir/CheckSymbolExists.c.o -c /home/randomguy/Desktop/Escuela/Servicio/Renderer/build/CMakeFiles/CMakeTmp/CheckSymbolExists.c
Linking C executable cmTC_fc297
/usr/bin/cmake -E cmake_link_script CMakeFiles/cmTC_fc297.dir/link.txt --verbose=1
/usr/bin/cc   -D_GNU_SOURCE=1 CMakeFiles/cmTC_fc297.dir/CheckSymbolExists.c.o -o cmTC_fc297  -lm 
gmake[1]: Leaving directory '/home/randomguy/Desktop/Escuela/Servicio/Renderer/build/CMakeFiles/CMakeTmp'


File /home/randomguy/Desktop/Escuela/Servicio/Renderer/build/CMakeFiles/CMakeTmp/CheckSymbolExists.c:
/* */
#include <float.h>
#include <iconv.h>
#include <inttypes.h>
#include <limits.h>
#include <malloc.h>
#include <math.h>
#include <memory.h>
#include <signal.h>
#include <stdarg.h>
#include <stdbool.h>
#include <stddef.h>
#include <stdint.h>
#include <stdio.h>
#include <stdlib.h>
#include <string.h>
#include <strings.h>
#include <sys/types.h>
#include <time.h>
#include <wchar.h>

int main(int argc, char** argv)
{
  (void)argv;
#ifndef sin
  return ((int*)(&sin))[argc];
#else
  (void)argc;
  return 0;
#endif
}
Determining if the sinf exist passed with the following output:
Change Dir: /home/randomguy/Desktop/Escuela/Servicio/Renderer/build/CMakeFiles/CMakeTmp

Run Build Command(s):/usr/bin/gmake -f Makefile cmTC_74c0a/fast && /usr/bin/gmake  -f CMakeFiles/cmTC_74c0a.dir/build.make CMakeFiles/cmTC_74c0a.dir/build
gmake[1]: Entering directory '/home/randomguy/Desktop/Escuela/Servicio/Renderer/build/CMakeFiles/CMakeTmp'
Building C object CMakeFiles/cmTC_74c0a.dir/CheckSymbolExists.c.o
/usr/bin/cc   -D_GNU_SOURCE=1 -o CMakeFiles/cmTC_74c0a.dir/CheckSymbolExists.c.o -c /home/randomguy/Desktop/Escuela/Servicio/Renderer/build/CMakeFiles/CMakeTmp/CheckSymbolExists.c
Linking C executable cmTC_74c0a
/usr/bin/cmake -E cmake_link_script CMakeFiles/cmTC_74c0a.dir/link.txt --verbose=1
/usr/bin/cc   -D_GNU_SOURCE=1 CMakeFiles/cmTC_74c0a.dir/CheckSymbolExists.c.o -o cmTC_74c0a  -lm 
gmake[1]: Leaving directory '/home/randomguy/Desktop/Escuela/Servicio/Renderer/build/CMakeFiles/CMakeTmp'


File /home/randomguy/Desktop/Escuela/Servicio/Renderer/build/CMakeFiles/CMakeTmp/CheckSymbolExists.c:
/* */
#include <float.h>
#include <iconv.h>
#include <inttypes.h>
#include <limits.h>
#include <malloc.h>
#include <math.h>
#include <memory.h>
#include <signal.h>
#include <stdarg.h>
#include <stdbool.h>
#include <stddef.h>
#include <stdint.h>
#include <stdio.h>
#include <stdlib.h>
#include <string.h>
#include <strings.h>
#include <sys/types.h>
#include <time.h>
#include <wchar.h>

int main(int argc, char** argv)
{
  (void)argv;
#ifndef sinf
  return ((int*)(&sinf))[argc];
#else
  (void)argc;
  return 0;
#endif
}
Determining if the sqrt exist passed with the following output:
Change Dir: /home/randomguy/Desktop/Escuela/Servicio/Renderer/build/CMakeFiles/CMakeTmp

Run Build Command(s):/usr/bin/gmake -f Makefile cmTC_c7278/fast && /usr/bin/gmake  -f CMakeFiles/cmTC_c7278.dir/build.make CMakeFiles/cmTC_c7278.dir/build
gmake[1]: Entering directory '/home/randomguy/Desktop/Escuela/Servicio/Renderer/build/CMakeFiles/CMakeTmp'
Building C object CMakeFiles/cmTC_c7278.dir/CheckSymbolExists.c.o
/usr/bin/cc   -D_GNU_SOURCE=1 -o CMakeFiles/cmTC_c7278.dir/CheckSymbolExists.c.o -c /home/randomguy/Desktop/Escuela/Servicio/Renderer/build/CMakeFiles/CMakeTmp/CheckSymbolExists.c
Linking C executable cmTC_c7278
/usr/bin/cmake -E cmake_link_script CMakeFiles/cmTC_c7278.dir/link.txt --verbose=1
/usr/bin/cc   -D_GNU_SOURCE=1 CMakeFiles/cmTC_c7278.dir/CheckSymbolExists.c.o -o cmTC_c7278  -lm 
gmake[1]: Leaving directory '/home/randomguy/Desktop/Escuela/Servicio/Renderer/build/CMakeFiles/CMakeTmp'


File /home/randomguy/Desktop/Escuela/Servicio/Renderer/build/CMakeFiles/CMakeTmp/CheckSymbolExists.c:
/* */
#include <float.h>
#include <iconv.h>
#include <inttypes.h>
#include <limits.h>
#include <malloc.h>
#include <math.h>
#include <memory.h>
#include <signal.h>
#include <stdarg.h>
#include <stdbool.h>
#include <stddef.h>
#include <stdint.h>
#include <stdio.h>
#include <stdlib.h>
#include <string.h>
#include <strings.h>
#include <sys/types.h>
#include <time.h>
#include <wchar.h>

int main(int argc, char** argv)
{
  (void)argv;
#ifndef sqrt
  return ((int*)(&sqrt))[argc];
#else
  (void)argc;
  return 0;
#endif
}
Determining if the sqrtf exist passed with the following output:
Change Dir: /home/randomguy/Desktop/Escuela/Servicio/Renderer/build/CMakeFiles/CMakeTmp

Run Build Command(s):/usr/bin/gmake -f Makefile cmTC_77038/fast && /usr/bin/gmake  -f CMakeFiles/cmTC_77038.dir/build.make CMakeFiles/cmTC_77038.dir/build
gmake[1]: Entering directory '/home/randomguy/Desktop/Escuela/Servicio/Renderer/build/CMakeFiles/CMakeTmp'
Building C object CMakeFiles/cmTC_77038.dir/CheckSymbolExists.c.o
/usr/bin/cc   -D_GNU_SOURCE=1 -o CMakeFiles/cmTC_77038.dir/CheckSymbolExists.c.o -c /home/randomguy/Desktop/Escuela/Servicio/Renderer/build/CMakeFiles/CMakeTmp/CheckSymbolExists.c
Linking C executable cmTC_77038
/usr/bin/cmake -E cmake_link_script CMakeFiles/cmTC_77038.dir/link.txt --verbose=1
/usr/bin/cc   -D_GNU_SOURCE=1 CMakeFiles/cmTC_77038.dir/CheckSymbolExists.c.o -o cmTC_77038  -lm 
gmake[1]: Leaving directory '/home/randomguy/Desktop/Escuela/Servicio/Renderer/build/CMakeFiles/CMakeTmp'


File /home/randomguy/Desktop/Escuela/Servicio/Renderer/build/CMakeFiles/CMakeTmp/CheckSymbolExists.c:
/* */
#include <float.h>
#include <iconv.h>
#include <inttypes.h>
#include <limits.h>
#include <malloc.h>
#include <math.h>
#include <memory.h>
#include <signal.h>
#include <stdarg.h>
#include <stdbool.h>
#include <stddef.h>
#include <stdint.h>
#include <stdio.h>
#include <stdlib.h>
#include <string.h>
#include <strings.h>
#include <sys/types.h>
#include <time.h>
#include <wchar.h>

int main(int argc, char** argv)
{
  (void)argv;
#ifndef sqrtf
  return ((int*)(&sqrtf))[argc];
#else
  (void)argc;
  return 0;
#endif
}
Determining if the sscanf exist passed with the following output:
Change Dir: /home/randomguy/Desktop/Escuela/Servicio/Renderer/build/CMakeFiles/CMakeTmp

Run Build Command(s):/usr/bin/gmake -f Makefile cmTC_9db24/fast && /usr/bin/gmake  -f CMakeFiles/cmTC_9db24.dir/build.make CMakeFiles/cmTC_9db24.dir/build
gmake[1]: Entering directory '/home/randomguy/Desktop/Escuela/Servicio/Renderer/build/CMakeFiles/CMakeTmp'
Building C object CMakeFiles/cmTC_9db24.dir/CheckSymbolExists.c.o
/usr/bin/cc   -D_GNU_SOURCE=1 -o CMakeFiles/cmTC_9db24.dir/CheckSymbolExists.c.o -c /home/randomguy/Desktop/Escuela/Servicio/Renderer/build/CMakeFiles/CMakeTmp/CheckSymbolExists.c
Linking C executable cmTC_9db24
/usr/bin/cmake -E cmake_link_script CMakeFiles/cmTC_9db24.dir/link.txt --verbose=1
/usr/bin/cc   -D_GNU_SOURCE=1 CMakeFiles/cmTC_9db24.dir/CheckSymbolExists.c.o -o cmTC_9db24  -lm 
gmake[1]: Leaving directory '/home/randomguy/Desktop/Escuela/Servicio/Renderer/build/CMakeFiles/CMakeTmp'


File /home/randomguy/Desktop/Escuela/Servicio/Renderer/build/CMakeFiles/CMakeTmp/CheckSymbolExists.c:
/* */
#include <float.h>
#include <iconv.h>
#include <inttypes.h>
#include <limits.h>
#include <malloc.h>
#include <math.h>
#include <memory.h>
#include <signal.h>
#include <stdarg.h>
#include <stdbool.h>
#include <stddef.h>
#include <stdint.h>
#include <stdio.h>
#include <stdlib.h>
#include <string.h>
#include <strings.h>
#include <sys/types.h>
#include <time.h>
#include <wchar.h>

int main(int argc, char** argv)
{
  (void)argv;
#ifndef sscanf
  return ((int*)(&sscanf))[argc];
#else
  (void)argc;
  return 0;
#endif
}
Determining if the strchr exist passed with the following output:
Change Dir: /home/randomguy/Desktop/Escuela/Servicio/Renderer/build/CMakeFiles/CMakeTmp

Run Build Command(s):/usr/bin/gmake -f Makefile cmTC_07c2d/fast && /usr/bin/gmake  -f CMakeFiles/cmTC_07c2d.dir/build.make CMakeFiles/cmTC_07c2d.dir/build
gmake[1]: Entering directory '/home/randomguy/Desktop/Escuela/Servicio/Renderer/build/CMakeFiles/CMakeTmp'
Building C object CMakeFiles/cmTC_07c2d.dir/CheckSymbolExists.c.o
/usr/bin/cc   -D_GNU_SOURCE=1 -o CMakeFiles/cmTC_07c2d.dir/CheckSymbolExists.c.o -c /home/randomguy/Desktop/Escuela/Servicio/Renderer/build/CMakeFiles/CMakeTmp/CheckSymbolExists.c
Linking C executable cmTC_07c2d
/usr/bin/cmake -E cmake_link_script CMakeFiles/cmTC_07c2d.dir/link.txt --verbose=1
/usr/bin/cc   -D_GNU_SOURCE=1 CMakeFiles/cmTC_07c2d.dir/CheckSymbolExists.c.o -o cmTC_07c2d  -lm 
gmake[1]: Leaving directory '/home/randomguy/Desktop/Escuela/Servicio/Renderer/build/CMakeFiles/CMakeTmp'


File /home/randomguy/Desktop/Escuela/Servicio/Renderer/build/CMakeFiles/CMakeTmp/CheckSymbolExists.c:
/* */
#include <float.h>
#include <iconv.h>
#include <inttypes.h>
#include <limits.h>
#include <malloc.h>
#include <math.h>
#include <memory.h>
#include <signal.h>
#include <stdarg.h>
#include <stdbool.h>
#include <stddef.h>
#include <stdint.h>
#include <stdio.h>
#include <stdlib.h>
#include <string.h>
#include <strings.h>
#include <sys/types.h>
#include <time.h>
#include <wchar.h>

int main(int argc, char** argv)
{
  (void)argv;
#ifndef strchr
  return ((int*)(&strchr))[argc];
#else
  (void)argc;
  return 0;
#endif
}
Determining if the strcmp exist passed with the following output:
Change Dir: /home/randomguy/Desktop/Escuela/Servicio/Renderer/build/CMakeFiles/CMakeTmp

Run Build Command(s):/usr/bin/gmake -f Makefile cmTC_51358/fast && /usr/bin/gmake  -f CMakeFiles/cmTC_51358.dir/build.make CMakeFiles/cmTC_51358.dir/build
gmake[1]: Entering directory '/home/randomguy/Desktop/Escuela/Servicio/Renderer/build/CMakeFiles/CMakeTmp'
Building C object CMakeFiles/cmTC_51358.dir/CheckSymbolExists.c.o
/usr/bin/cc   -D_GNU_SOURCE=1 -o CMakeFiles/cmTC_51358.dir/CheckSymbolExists.c.o -c /home/randomguy/Desktop/Escuela/Servicio/Renderer/build/CMakeFiles/CMakeTmp/CheckSymbolExists.c
Linking C executable cmTC_51358
/usr/bin/cmake -E cmake_link_script CMakeFiles/cmTC_51358.dir/link.txt --verbose=1
/usr/bin/cc   -D_GNU_SOURCE=1 CMakeFiles/cmTC_51358.dir/CheckSymbolExists.c.o -o cmTC_51358  -lm 
gmake[1]: Leaving directory '/home/randomguy/Desktop/Escuela/Servicio/Renderer/build/CMakeFiles/CMakeTmp'


File /home/randomguy/Desktop/Escuela/Servicio/Renderer/build/CMakeFiles/CMakeTmp/CheckSymbolExists.c:
/* */
#include <float.h>
#include <iconv.h>
#include <inttypes.h>
#include <limits.h>
#include <malloc.h>
#include <math.h>
#include <memory.h>
#include <signal.h>
#include <stdarg.h>
#include <stdbool.h>
#include <stddef.h>
#include <stdint.h>
#include <stdio.h>
#include <stdlib.h>
#include <string.h>
#include <strings.h>
#include <sys/types.h>
#include <time.h>
#include <wchar.h>

int main(int argc, char** argv)
{
  (void)argv;
#ifndef strcmp
  return ((int*)(&strcmp))[argc];
#else
  (void)argc;
  return 0;
#endif
}
Determining if the strlen exist passed with the following output:
Change Dir: /home/randomguy/Desktop/Escuela/Servicio/Renderer/build/CMakeFiles/CMakeTmp

Run Build Command(s):/usr/bin/gmake -f Makefile cmTC_16686/fast && /usr/bin/gmake  -f CMakeFiles/cmTC_16686.dir/build.make CMakeFiles/cmTC_16686.dir/build
gmake[1]: Entering directory '/home/randomguy/Desktop/Escuela/Servicio/Renderer/build/CMakeFiles/CMakeTmp'
Building C object CMakeFiles/cmTC_16686.dir/CheckSymbolExists.c.o
/usr/bin/cc   -D_GNU_SOURCE=1 -o CMakeFiles/cmTC_16686.dir/CheckSymbolExists.c.o -c /home/randomguy/Desktop/Escuela/Servicio/Renderer/build/CMakeFiles/CMakeTmp/CheckSymbolExists.c
Linking C executable cmTC_16686
/usr/bin/cmake -E cmake_link_script CMakeFiles/cmTC_16686.dir/link.txt --verbose=1
/usr/bin/cc   -D_GNU_SOURCE=1 CMakeFiles/cmTC_16686.dir/CheckSymbolExists.c.o -o cmTC_16686  -lm 
gmake[1]: Leaving directory '/home/randomguy/Desktop/Escuela/Servicio/Renderer/build/CMakeFiles/CMakeTmp'


File /home/randomguy/Desktop/Escuela/Servicio/Renderer/build/CMakeFiles/CMakeTmp/CheckSymbolExists.c:
/* */
#include <float.h>
#include <iconv.h>
#include <inttypes.h>
#include <limits.h>
#include <malloc.h>
#include <math.h>
#include <memory.h>
#include <signal.h>
#include <stdarg.h>
#include <stdbool.h>
#include <stddef.h>
#include <stdint.h>
#include <stdio.h>
#include <stdlib.h>
#include <string.h>
#include <strings.h>
#include <sys/types.h>
#include <time.h>
#include <wchar.h>

int main(int argc, char** argv)
{
  (void)argv;
#ifndef strlen
  return ((int*)(&strlen))[argc];
#else
  (void)argc;
  return 0;
#endif
}
Determining if the strncmp exist passed with the following output:
Change Dir: /home/randomguy/Desktop/Escuela/Servicio/Renderer/build/CMakeFiles/CMakeTmp

Run Build Command(s):/usr/bin/gmake -f Makefile cmTC_388fb/fast && /usr/bin/gmake  -f CMakeFiles/cmTC_388fb.dir/build.make CMakeFiles/cmTC_388fb.dir/build
gmake[1]: Entering directory '/home/randomguy/Desktop/Escuela/Servicio/Renderer/build/CMakeFiles/CMakeTmp'
Building C object CMakeFiles/cmTC_388fb.dir/CheckSymbolExists.c.o
/usr/bin/cc   -D_GNU_SOURCE=1 -o CMakeFiles/cmTC_388fb.dir/CheckSymbolExists.c.o -c /home/randomguy/Desktop/Escuela/Servicio/Renderer/build/CMakeFiles/CMakeTmp/CheckSymbolExists.c
Linking C executable cmTC_388fb
/usr/bin/cmake -E cmake_link_script CMakeFiles/cmTC_388fb.dir/link.txt --verbose=1
/usr/bin/cc   -D_GNU_SOURCE=1 CMakeFiles/cmTC_388fb.dir/CheckSymbolExists.c.o -o cmTC_388fb  -lm 
gmake[1]: Leaving directory '/home/randomguy/Desktop/Escuela/Servicio/Renderer/build/CMakeFiles/CMakeTmp'


File /home/randomguy/Desktop/Escuela/Servicio/Renderer/build/CMakeFiles/CMakeTmp/CheckSymbolExists.c:
/* */
#include <float.h>
#include <iconv.h>
#include <inttypes.h>
#include <limits.h>
#include <malloc.h>
#include <math.h>
#include <memory.h>
#include <signal.h>
#include <stdarg.h>
#include <stdbool.h>
#include <stddef.h>
#include <stdint.h>
#include <stdio.h>
#include <stdlib.h>
#include <string.h>
#include <strings.h>
#include <sys/types.h>
#include <time.h>
#include <wchar.h>

int main(int argc, char** argv)
{
  (void)argv;
#ifndef strncmp
  return ((int*)(&strncmp))[argc];
#else
  (void)argc;
  return 0;
#endif
}
Determining if the strnlen exist passed with the following output:
Change Dir: /home/randomguy/Desktop/Escuela/Servicio/Renderer/build/CMakeFiles/CMakeTmp

Run Build Command(s):/usr/bin/gmake -f Makefile cmTC_17fdc/fast && /usr/bin/gmake  -f CMakeFiles/cmTC_17fdc.dir/build.make CMakeFiles/cmTC_17fdc.dir/build
gmake[1]: Entering directory '/home/randomguy/Desktop/Escuela/Servicio/Renderer/build/CMakeFiles/CMakeTmp'
Building C object CMakeFiles/cmTC_17fdc.dir/CheckSymbolExists.c.o
/usr/bin/cc   -D_GNU_SOURCE=1 -o CMakeFiles/cmTC_17fdc.dir/CheckSymbolExists.c.o -c /home/randomguy/Desktop/Escuela/Servicio/Renderer/build/CMakeFiles/CMakeTmp/CheckSymbolExists.c
Linking C executable cmTC_17fdc
/usr/bin/cmake -E cmake_link_script CMakeFiles/cmTC_17fdc.dir/link.txt --verbose=1
/usr/bin/cc   -D_GNU_SOURCE=1 CMakeFiles/cmTC_17fdc.dir/CheckSymbolExists.c.o -o cmTC_17fdc  -lm 
gmake[1]: Leaving directory '/home/randomguy/Desktop/Escuela/Servicio/Renderer/build/CMakeFiles/CMakeTmp'


File /home/randomguy/Desktop/Escuela/Servicio/Renderer/build/CMakeFiles/CMakeTmp/CheckSymbolExists.c:
/* */
#include <float.h>
#include <iconv.h>
#include <inttypes.h>
#include <limits.h>
#include <malloc.h>
#include <math.h>
#include <memory.h>
#include <signal.h>
#include <stdarg.h>
#include <stdbool.h>
#include <stddef.h>
#include <stdint.h>
#include <stdio.h>
#include <stdlib.h>
#include <string.h>
#include <strings.h>
#include <sys/types.h>
#include <time.h>
#include <wchar.h>

int main(int argc, char** argv)
{
  (void)argv;
#ifndef strnlen
  return ((int*)(&strnlen))[argc];
#else
  (void)argc;
  return 0;
#endif
}
Determining if the strpbrk exist passed with the following output:
Change Dir: /home/randomguy/Desktop/Escuela/Servicio/Renderer/build/CMakeFiles/CMakeTmp

Run Build Command(s):/usr/bin/gmake -f Makefile cmTC_001af/fast && /usr/bin/gmake  -f CMakeFiles/cmTC_001af.dir/build.make CMakeFiles/cmTC_001af.dir/build
gmake[1]: Entering directory '/home/randomguy/Desktop/Escuela/Servicio/Renderer/build/CMakeFiles/CMakeTmp'
Building C object CMakeFiles/cmTC_001af.dir/CheckSymbolExists.c.o
/usr/bin/cc   -D_GNU_SOURCE=1 -o CMakeFiles/cmTC_001af.dir/CheckSymbolExists.c.o -c /home/randomguy/Desktop/Escuela/Servicio/Renderer/build/CMakeFiles/CMakeTmp/CheckSymbolExists.c
Linking C executable cmTC_001af
/usr/bin/cmake -E cmake_link_script CMakeFiles/cmTC_001af.dir/link.txt --verbose=1
/usr/bin/cc   -D_GNU_SOURCE=1 CMakeFiles/cmTC_001af.dir/CheckSymbolExists.c.o -o cmTC_001af  -lm 
gmake[1]: Leaving directory '/home/randomguy/Desktop/Escuela/Servicio/Renderer/build/CMakeFiles/CMakeTmp'


File /home/randomguy/Desktop/Escuela/Servicio/Renderer/build/CMakeFiles/CMakeTmp/CheckSymbolExists.c:
/* */
#include <float.h>
#include <iconv.h>
#include <inttypes.h>
#include <limits.h>
#include <malloc.h>
#include <math.h>
#include <memory.h>
#include <signal.h>
#include <stdarg.h>
#include <stdbool.h>
#include <stddef.h>
#include <stdint.h>
#include <stdio.h>
#include <stdlib.h>
#include <string.h>
#include <strings.h>
#include <sys/types.h>
#include <time.h>
#include <wchar.h>

int main(int argc, char** argv)
{
  (void)argv;
#ifndef strpbrk
  return ((int*)(&strpbrk))[argc];
#else
  (void)argc;
  return 0;
#endif
}
Determining if the strrchr exist passed with the following output:
Change Dir: /home/randomguy/Desktop/Escuela/Servicio/Renderer/build/CMakeFiles/CMakeTmp

Run Build Command(s):/usr/bin/gmake -f Makefile cmTC_16fd7/fast && /usr/bin/gmake  -f CMakeFiles/cmTC_16fd7.dir/build.make CMakeFiles/cmTC_16fd7.dir/build
gmake[1]: Entering directory '/home/randomguy/Desktop/Escuela/Servicio/Renderer/build/CMakeFiles/CMakeTmp'
Building C object CMakeFiles/cmTC_16fd7.dir/CheckSymbolExists.c.o
/usr/bin/cc   -D_GNU_SOURCE=1 -o CMakeFiles/cmTC_16fd7.dir/CheckSymbolExists.c.o -c /home/randomguy/Desktop/Escuela/Servicio/Renderer/build/CMakeFiles/CMakeTmp/CheckSymbolExists.c
Linking C executable cmTC_16fd7
/usr/bin/cmake -E cmake_link_script CMakeFiles/cmTC_16fd7.dir/link.txt --verbose=1
/usr/bin/cc   -D_GNU_SOURCE=1 CMakeFiles/cmTC_16fd7.dir/CheckSymbolExists.c.o -o cmTC_16fd7  -lm 
gmake[1]: Leaving directory '/home/randomguy/Desktop/Escuela/Servicio/Renderer/build/CMakeFiles/CMakeTmp'


File /home/randomguy/Desktop/Escuela/Servicio/Renderer/build/CMakeFiles/CMakeTmp/CheckSymbolExists.c:
/* */
#include <float.h>
#include <iconv.h>
#include <inttypes.h>
#include <limits.h>
#include <malloc.h>
#include <math.h>
#include <memory.h>
#include <signal.h>
#include <stdarg.h>
#include <stdbool.h>
#include <stddef.h>
#include <stdint.h>
#include <stdio.h>
#include <stdlib.h>
#include <string.h>
#include <strings.h>
#include <sys/types.h>
#include <time.h>
#include <wchar.h>

int main(int argc, char** argv)
{
  (void)argv;
#ifndef strrchr
  return ((int*)(&strrchr))[argc];
#else
  (void)argc;
  return 0;
#endif
}
Determining if the strstr exist passed with the following output:
Change Dir: /home/randomguy/Desktop/Escuela/Servicio/Renderer/build/CMakeFiles/CMakeTmp

Run Build Command(s):/usr/bin/gmake -f Makefile cmTC_f9642/fast && /usr/bin/gmake  -f CMakeFiles/cmTC_f9642.dir/build.make CMakeFiles/cmTC_f9642.dir/build
gmake[1]: Entering directory '/home/randomguy/Desktop/Escuela/Servicio/Renderer/build/CMakeFiles/CMakeTmp'
Building C object CMakeFiles/cmTC_f9642.dir/CheckSymbolExists.c.o
/usr/bin/cc   -D_GNU_SOURCE=1 -o CMakeFiles/cmTC_f9642.dir/CheckSymbolExists.c.o -c /home/randomguy/Desktop/Escuela/Servicio/Renderer/build/CMakeFiles/CMakeTmp/CheckSymbolExists.c
Linking C executable cmTC_f9642
/usr/bin/cmake -E cmake_link_script CMakeFiles/cmTC_f9642.dir/link.txt --verbose=1
/usr/bin/cc   -D_GNU_SOURCE=1 CMakeFiles/cmTC_f9642.dir/CheckSymbolExists.c.o -o cmTC_f9642  -lm 
gmake[1]: Leaving directory '/home/randomguy/Desktop/Escuela/Servicio/Renderer/build/CMakeFiles/CMakeTmp'


File /home/randomguy/Desktop/Escuela/Servicio/Renderer/build/CMakeFiles/CMakeTmp/CheckSymbolExists.c:
/* */
#include <float.h>
#include <iconv.h>
#include <inttypes.h>
#include <limits.h>
#include <malloc.h>
#include <math.h>
#include <memory.h>
#include <signal.h>
#include <stdarg.h>
#include <stdbool.h>
#include <stddef.h>
#include <stdint.h>
#include <stdio.h>
#include <stdlib.h>
#include <string.h>
#include <strings.h>
#include <sys/types.h>
#include <time.h>
#include <wchar.h>

int main(int argc, char** argv)
{
  (void)argv;
#ifndef strstr
  return ((int*)(&strstr))[argc];
#else
  (void)argc;
  return 0;
#endif
}
Determining if the strtod exist passed with the following output:
Change Dir: /home/randomguy/Desktop/Escuela/Servicio/Renderer/build/CMakeFiles/CMakeTmp

Run Build Command(s):/usr/bin/gmake -f Makefile cmTC_58ddd/fast && /usr/bin/gmake  -f CMakeFiles/cmTC_58ddd.dir/build.make CMakeFiles/cmTC_58ddd.dir/build
gmake[1]: Entering directory '/home/randomguy/Desktop/Escuela/Servicio/Renderer/build/CMakeFiles/CMakeTmp'
Building C object CMakeFiles/cmTC_58ddd.dir/CheckSymbolExists.c.o
/usr/bin/cc   -D_GNU_SOURCE=1 -o CMakeFiles/cmTC_58ddd.dir/CheckSymbolExists.c.o -c /home/randomguy/Desktop/Escuela/Servicio/Renderer/build/CMakeFiles/CMakeTmp/CheckSymbolExists.c
Linking C executable cmTC_58ddd
/usr/bin/cmake -E cmake_link_script CMakeFiles/cmTC_58ddd.dir/link.txt --verbose=1
/usr/bin/cc   -D_GNU_SOURCE=1 CMakeFiles/cmTC_58ddd.dir/CheckSymbolExists.c.o -o cmTC_58ddd  -lm 
gmake[1]: Leaving directory '/home/randomguy/Desktop/Escuela/Servicio/Renderer/build/CMakeFiles/CMakeTmp'


File /home/randomguy/Desktop/Escuela/Servicio/Renderer/build/CMakeFiles/CMakeTmp/CheckSymbolExists.c:
/* */
#include <float.h>
#include <iconv.h>
#include <inttypes.h>
#include <limits.h>
#include <malloc.h>
#include <math.h>
#include <memory.h>
#include <signal.h>
#include <stdarg.h>
#include <stdbool.h>
#include <stddef.h>
#include <stdint.h>
#include <stdio.h>
#include <stdlib.h>
#include <string.h>
#include <strings.h>
#include <sys/types.h>
#include <time.h>
#include <wchar.h>

int main(int argc, char** argv)
{
  (void)argv;
#ifndef strtod
  return ((int*)(&strtod))[argc];
#else
  (void)argc;
  return 0;
#endif
}
Determining if the strtok_r exist passed with the following output:
Change Dir: /home/randomguy/Desktop/Escuela/Servicio/Renderer/build/CMakeFiles/CMakeTmp

Run Build Command(s):/usr/bin/gmake -f Makefile cmTC_de052/fast && /usr/bin/gmake  -f CMakeFiles/cmTC_de052.dir/build.make CMakeFiles/cmTC_de052.dir/build
gmake[1]: Entering directory '/home/randomguy/Desktop/Escuela/Servicio/Renderer/build/CMakeFiles/CMakeTmp'
Building C object CMakeFiles/cmTC_de052.dir/CheckSymbolExists.c.o
/usr/bin/cc   -D_GNU_SOURCE=1 -o CMakeFiles/cmTC_de052.dir/CheckSymbolExists.c.o -c /home/randomguy/Desktop/Escuela/Servicio/Renderer/build/CMakeFiles/CMakeTmp/CheckSymbolExists.c
Linking C executable cmTC_de052
/usr/bin/cmake -E cmake_link_script CMakeFiles/cmTC_de052.dir/link.txt --verbose=1
/usr/bin/cc   -D_GNU_SOURCE=1 CMakeFiles/cmTC_de052.dir/CheckSymbolExists.c.o -o cmTC_de052  -lm 
gmake[1]: Leaving directory '/home/randomguy/Desktop/Escuela/Servicio/Renderer/build/CMakeFiles/CMakeTmp'


File /home/randomguy/Desktop/Escuela/Servicio/Renderer/build/CMakeFiles/CMakeTmp/CheckSymbolExists.c:
/* */
#include <float.h>
#include <iconv.h>
#include <inttypes.h>
#include <limits.h>
#include <malloc.h>
#include <math.h>
#include <memory.h>
#include <signal.h>
#include <stdarg.h>
#include <stdbool.h>
#include <stddef.h>
#include <stdint.h>
#include <stdio.h>
#include <stdlib.h>
#include <string.h>
#include <strings.h>
#include <sys/types.h>
#include <time.h>
#include <wchar.h>

int main(int argc, char** argv)
{
  (void)argv;
#ifndef strtok_r
  return ((int*)(&strtok_r))[argc];
#else
  (void)argc;
  return 0;
#endif
}
Determining if the strtol exist passed with the following output:
Change Dir: /home/randomguy/Desktop/Escuela/Servicio/Renderer/build/CMakeFiles/CMakeTmp

Run Build Command(s):/usr/bin/gmake -f Makefile cmTC_25784/fast && /usr/bin/gmake  -f CMakeFiles/cmTC_25784.dir/build.make CMakeFiles/cmTC_25784.dir/build
gmake[1]: Entering directory '/home/randomguy/Desktop/Escuela/Servicio/Renderer/build/CMakeFiles/CMakeTmp'
Building C object CMakeFiles/cmTC_25784.dir/CheckSymbolExists.c.o
/usr/bin/cc   -D_GNU_SOURCE=1 -o CMakeFiles/cmTC_25784.dir/CheckSymbolExists.c.o -c /home/randomguy/Desktop/Escuela/Servicio/Renderer/build/CMakeFiles/CMakeTmp/CheckSymbolExists.c
Linking C executable cmTC_25784
/usr/bin/cmake -E cmake_link_script CMakeFiles/cmTC_25784.dir/link.txt --verbose=1
/usr/bin/cc   -D_GNU_SOURCE=1 CMakeFiles/cmTC_25784.dir/CheckSymbolExists.c.o -o cmTC_25784  -lm 
gmake[1]: Leaving directory '/home/randomguy/Desktop/Escuela/Servicio/Renderer/build/CMakeFiles/CMakeTmp'


File /home/randomguy/Desktop/Escuela/Servicio/Renderer/build/CMakeFiles/CMakeTmp/CheckSymbolExists.c:
/* */
#include <float.h>
#include <iconv.h>
#include <inttypes.h>
#include <limits.h>
#include <malloc.h>
#include <math.h>
#include <memory.h>
#include <signal.h>
#include <stdarg.h>
#include <stdbool.h>
#include <stddef.h>
#include <stdint.h>
#include <stdio.h>
#include <stdlib.h>
#include <string.h>
#include <strings.h>
#include <sys/types.h>
#include <time.h>
#include <wchar.h>

int main(int argc, char** argv)
{
  (void)argv;
#ifndef strtol
  return ((int*)(&strtol))[argc];
#else
  (void)argc;
  return 0;
#endif
}
Determining if the strtoll exist passed with the following output:
Change Dir: /home/randomguy/Desktop/Escuela/Servicio/Renderer/build/CMakeFiles/CMakeTmp

Run Build Command(s):/usr/bin/gmake -f Makefile cmTC_555dc/fast && /usr/bin/gmake  -f CMakeFiles/cmTC_555dc.dir/build.make CMakeFiles/cmTC_555dc.dir/build
gmake[1]: Entering directory '/home/randomguy/Desktop/Escuela/Servicio/Renderer/build/CMakeFiles/CMakeTmp'
Building C object CMakeFiles/cmTC_555dc.dir/CheckSymbolExists.c.o
/usr/bin/cc   -D_GNU_SOURCE=1 -o CMakeFiles/cmTC_555dc.dir/CheckSymbolExists.c.o -c /home/randomguy/Desktop/Escuela/Servicio/Renderer/build/CMakeFiles/CMakeTmp/CheckSymbolExists.c
Linking C executable cmTC_555dc
/usr/bin/cmake -E cmake_link_script CMakeFiles/cmTC_555dc.dir/link.txt --verbose=1
/usr/bin/cc   -D_GNU_SOURCE=1 CMakeFiles/cmTC_555dc.dir/CheckSymbolExists.c.o -o cmTC_555dc  -lm 
gmake[1]: Leaving directory '/home/randomguy/Desktop/Escuela/Servicio/Renderer/build/CMakeFiles/CMakeTmp'


File /home/randomguy/Desktop/Escuela/Servicio/Renderer/build/CMakeFiles/CMakeTmp/CheckSymbolExists.c:
/* */
#include <float.h>
#include <iconv.h>
#include <inttypes.h>
#include <limits.h>
#include <malloc.h>
#include <math.h>
#include <memory.h>
#include <signal.h>
#include <stdarg.h>
#include <stdbool.h>
#include <stddef.h>
#include <stdint.h>
#include <stdio.h>
#include <stdlib.h>
#include <string.h>
#include <strings.h>
#include <sys/types.h>
#include <time.h>
#include <wchar.h>

int main(int argc, char** argv)
{
  (void)argv;
#ifndef strtoll
  return ((int*)(&strtoll))[argc];
#else
  (void)argc;
  return 0;
#endif
}
Determining if the strtoul exist passed with the following output:
Change Dir: /home/randomguy/Desktop/Escuela/Servicio/Renderer/build/CMakeFiles/CMakeTmp

Run Build Command(s):/usr/bin/gmake -f Makefile cmTC_37847/fast && /usr/bin/gmake  -f CMakeFiles/cmTC_37847.dir/build.make CMakeFiles/cmTC_37847.dir/build
gmake[1]: Entering directory '/home/randomguy/Desktop/Escuela/Servicio/Renderer/build/CMakeFiles/CMakeTmp'
Building C object CMakeFiles/cmTC_37847.dir/CheckSymbolExists.c.o
/usr/bin/cc   -D_GNU_SOURCE=1 -o CMakeFiles/cmTC_37847.dir/CheckSymbolExists.c.o -c /home/randomguy/Desktop/Escuela/Servicio/Renderer/build/CMakeFiles/CMakeTmp/CheckSymbolExists.c
Linking C executable cmTC_37847
/usr/bin/cmake -E cmake_link_script CMakeFiles/cmTC_37847.dir/link.txt --verbose=1
/usr/bin/cc   -D_GNU_SOURCE=1 CMakeFiles/cmTC_37847.dir/CheckSymbolExists.c.o -o cmTC_37847  -lm 
gmake[1]: Leaving directory '/home/randomguy/Desktop/Escuela/Servicio/Renderer/build/CMakeFiles/CMakeTmp'


File /home/randomguy/Desktop/Escuela/Servicio/Renderer/build/CMakeFiles/CMakeTmp/CheckSymbolExists.c:
/* */
#include <float.h>
#include <iconv.h>
#include <inttypes.h>
#include <limits.h>
#include <malloc.h>
#include <math.h>
#include <memory.h>
#include <signal.h>
#include <stdarg.h>
#include <stdbool.h>
#include <stddef.h>
#include <stdint.h>
#include <stdio.h>
#include <stdlib.h>
#include <string.h>
#include <strings.h>
#include <sys/types.h>
#include <time.h>
#include <wchar.h>

int main(int argc, char** argv)
{
  (void)argv;
#ifndef strtoul
  return ((int*)(&strtoul))[argc];
#else
  (void)argc;
  return 0;
#endif
}
Determining if the strtoull exist passed with the following output:
Change Dir: /home/randomguy/Desktop/Escuela/Servicio/Renderer/build/CMakeFiles/CMakeTmp

Run Build Command(s):/usr/bin/gmake -f Makefile cmTC_417e3/fast && /usr/bin/gmake  -f CMakeFiles/cmTC_417e3.dir/build.make CMakeFiles/cmTC_417e3.dir/build
gmake[1]: Entering directory '/home/randomguy/Desktop/Escuela/Servicio/Renderer/build/CMakeFiles/CMakeTmp'
Building C object CMakeFiles/cmTC_417e3.dir/CheckSymbolExists.c.o
/usr/bin/cc   -D_GNU_SOURCE=1 -o CMakeFiles/cmTC_417e3.dir/CheckSymbolExists.c.o -c /home/randomguy/Desktop/Escuela/Servicio/Renderer/build/CMakeFiles/CMakeTmp/CheckSymbolExists.c
Linking C executable cmTC_417e3
/usr/bin/cmake -E cmake_link_script CMakeFiles/cmTC_417e3.dir/link.txt --verbose=1
/usr/bin/cc   -D_GNU_SOURCE=1 CMakeFiles/cmTC_417e3.dir/CheckSymbolExists.c.o -o cmTC_417e3  -lm 
gmake[1]: Leaving directory '/home/randomguy/Desktop/Escuela/Servicio/Renderer/build/CMakeFiles/CMakeTmp'


File /home/randomguy/Desktop/Escuela/Servicio/Renderer/build/CMakeFiles/CMakeTmp/CheckSymbolExists.c:
/* */
#include <float.h>
#include <iconv.h>
#include <inttypes.h>
#include <limits.h>
#include <malloc.h>
#include <math.h>
#include <memory.h>
#include <signal.h>
#include <stdarg.h>
#include <stdbool.h>
#include <stddef.h>
#include <stdint.h>
#include <stdio.h>
#include <stdlib.h>
#include <string.h>
#include <strings.h>
#include <sys/types.h>
#include <time.h>
#include <wchar.h>

int main(int argc, char** argv)
{
  (void)argv;
#ifndef strtoull
  return ((int*)(&strtoull))[argc];
#else
  (void)argc;
  return 0;
#endif
}
Determining if the tan exist passed with the following output:
Change Dir: /home/randomguy/Desktop/Escuela/Servicio/Renderer/build/CMakeFiles/CMakeTmp

Run Build Command(s):/usr/bin/gmake -f Makefile cmTC_30e2f/fast && /usr/bin/gmake  -f CMakeFiles/cmTC_30e2f.dir/build.make CMakeFiles/cmTC_30e2f.dir/build
gmake[1]: Entering directory '/home/randomguy/Desktop/Escuela/Servicio/Renderer/build/CMakeFiles/CMakeTmp'
Building C object CMakeFiles/cmTC_30e2f.dir/CheckSymbolExists.c.o
/usr/bin/cc   -D_GNU_SOURCE=1 -o CMakeFiles/cmTC_30e2f.dir/CheckSymbolExists.c.o -c /home/randomguy/Desktop/Escuela/Servicio/Renderer/build/CMakeFiles/CMakeTmp/CheckSymbolExists.c
Linking C executable cmTC_30e2f
/usr/bin/cmake -E cmake_link_script CMakeFiles/cmTC_30e2f.dir/link.txt --verbose=1
/usr/bin/cc   -D_GNU_SOURCE=1 CMakeFiles/cmTC_30e2f.dir/CheckSymbolExists.c.o -o cmTC_30e2f  -lm 
gmake[1]: Leaving directory '/home/randomguy/Desktop/Escuela/Servicio/Renderer/build/CMakeFiles/CMakeTmp'


File /home/randomguy/Desktop/Escuela/Servicio/Renderer/build/CMakeFiles/CMakeTmp/CheckSymbolExists.c:
/* */
#include <float.h>
#include <iconv.h>
#include <inttypes.h>
#include <limits.h>
#include <malloc.h>
#include <math.h>
#include <memory.h>
#include <signal.h>
#include <stdarg.h>
#include <stdbool.h>
#include <stddef.h>
#include <stdint.h>
#include <stdio.h>
#include <stdlib.h>
#include <string.h>
#include <strings.h>
#include <sys/types.h>
#include <time.h>
#include <wchar.h>

int main(int argc, char** argv)
{
  (void)argv;
#ifndef tan
  return ((int*)(&tan))[argc];
#else
  (void)argc;
  return 0;
#endif
}
Determining if the tanf exist passed with the following output:
Change Dir: /home/randomguy/Desktop/Escuela/Servicio/Renderer/build/CMakeFiles/CMakeTmp

Run Build Command(s):/usr/bin/gmake -f Makefile cmTC_5b75d/fast && /usr/bin/gmake  -f CMakeFiles/cmTC_5b75d.dir/build.make CMakeFiles/cmTC_5b75d.dir/build
gmake[1]: Entering directory '/home/randomguy/Desktop/Escuela/Servicio/Renderer/build/CMakeFiles/CMakeTmp'
Building C object CMakeFiles/cmTC_5b75d.dir/CheckSymbolExists.c.o
/usr/bin/cc   -D_GNU_SOURCE=1 -o CMakeFiles/cmTC_5b75d.dir/CheckSymbolExists.c.o -c /home/randomguy/Desktop/Escuela/Servicio/Renderer/build/CMakeFiles/CMakeTmp/CheckSymbolExists.c
Linking C executable cmTC_5b75d
/usr/bin/cmake -E cmake_link_script CMakeFiles/cmTC_5b75d.dir/link.txt --verbose=1
/usr/bin/cc   -D_GNU_SOURCE=1 CMakeFiles/cmTC_5b75d.dir/CheckSymbolExists.c.o -o cmTC_5b75d  -lm 
gmake[1]: Leaving directory '/home/randomguy/Desktop/Escuela/Servicio/Renderer/build/CMakeFiles/CMakeTmp'


File /home/randomguy/Desktop/Escuela/Servicio/Renderer/build/CMakeFiles/CMakeTmp/CheckSymbolExists.c:
/* */
#include <float.h>
#include <iconv.h>
#include <inttypes.h>
#include <limits.h>
#include <malloc.h>
#include <math.h>
#include <memory.h>
#include <signal.h>
#include <stdarg.h>
#include <stdbool.h>
#include <stddef.h>
#include <stdint.h>
#include <stdio.h>
#include <stdlib.h>
#include <string.h>
#include <strings.h>
#include <sys/types.h>
#include <time.h>
#include <wchar.h>

int main(int argc, char** argv)
{
  (void)argv;
#ifndef tanf
  return ((int*)(&tanf))[argc];
#else
  (void)argc;
  return 0;
#endif
}
Determining if the trunc exist passed with the following output:
Change Dir: /home/randomguy/Desktop/Escuela/Servicio/Renderer/build/CMakeFiles/CMakeTmp

Run Build Command(s):/usr/bin/gmake -f Makefile cmTC_366cb/fast && /usr/bin/gmake  -f CMakeFiles/cmTC_366cb.dir/build.make CMakeFiles/cmTC_366cb.dir/build
gmake[1]: Entering directory '/home/randomguy/Desktop/Escuela/Servicio/Renderer/build/CMakeFiles/CMakeTmp'
Building C object CMakeFiles/cmTC_366cb.dir/CheckSymbolExists.c.o
/usr/bin/cc   -D_GNU_SOURCE=1 -o CMakeFiles/cmTC_366cb.dir/CheckSymbolExists.c.o -c /home/randomguy/Desktop/Escuela/Servicio/Renderer/build/CMakeFiles/CMakeTmp/CheckSymbolExists.c
Linking C executable cmTC_366cb
/usr/bin/cmake -E cmake_link_script CMakeFiles/cmTC_366cb.dir/link.txt --verbose=1
/usr/bin/cc   -D_GNU_SOURCE=1 CMakeFiles/cmTC_366cb.dir/CheckSymbolExists.c.o -o cmTC_366cb  -lm 
gmake[1]: Leaving directory '/home/randomguy/Desktop/Escuela/Servicio/Renderer/build/CMakeFiles/CMakeTmp'


File /home/randomguy/Desktop/Escuela/Servicio/Renderer/build/CMakeFiles/CMakeTmp/CheckSymbolExists.c:
/* */
#include <float.h>
#include <iconv.h>
#include <inttypes.h>
#include <limits.h>
#include <malloc.h>
#include <math.h>
#include <memory.h>
#include <signal.h>
#include <stdarg.h>
#include <stdbool.h>
#include <stddef.h>
#include <stdint.h>
#include <stdio.h>
#include <stdlib.h>
#include <string.h>
#include <strings.h>
#include <sys/types.h>
#include <time.h>
#include <wchar.h>

int main(int argc, char** argv)
{
  (void)argv;
#ifndef trunc
  return ((int*)(&trunc))[argc];
#else
  (void)argc;
  return 0;
#endif
}
Determining if the truncf exist passed with the following output:
Change Dir: /home/randomguy/Desktop/Escuela/Servicio/Renderer/build/CMakeFiles/CMakeTmp

Run Build Command(s):/usr/bin/gmake -f Makefile cmTC_9b195/fast && /usr/bin/gmake  -f CMakeFiles/cmTC_9b195.dir/build.make CMakeFiles/cmTC_9b195.dir/build
gmake[1]: Entering directory '/home/randomguy/Desktop/Escuela/Servicio/Renderer/build/CMakeFiles/CMakeTmp'
Building C object CMakeFiles/cmTC_9b195.dir/CheckSymbolExists.c.o
/usr/bin/cc   -D_GNU_SOURCE=1 -o CMakeFiles/cmTC_9b195.dir/CheckSymbolExists.c.o -c /home/randomguy/Desktop/Escuela/Servicio/Renderer/build/CMakeFiles/CMakeTmp/CheckSymbolExists.c
Linking C executable cmTC_9b195
/usr/bin/cmake -E cmake_link_script CMakeFiles/cmTC_9b195.dir/link.txt --verbose=1
/usr/bin/cc   -D_GNU_SOURCE=1 CMakeFiles/cmTC_9b195.dir/CheckSymbolExists.c.o -o cmTC_9b195  -lm 
gmake[1]: Leaving directory '/home/randomguy/Desktop/Escuela/Servicio/Renderer/build/CMakeFiles/CMakeTmp'


File /home/randomguy/Desktop/Escuela/Servicio/Renderer/build/CMakeFiles/CMakeTmp/CheckSymbolExists.c:
/* */
#include <float.h>
#include <iconv.h>
#include <inttypes.h>
#include <limits.h>
#include <malloc.h>
#include <math.h>
#include <memory.h>
#include <signal.h>
#include <stdarg.h>
#include <stdbool.h>
#include <stddef.h>
#include <stdint.h>
#include <stdio.h>
#include <stdlib.h>
#include <string.h>
#include <strings.h>
#include <sys/types.h>
#include <time.h>
#include <wchar.h>

int main(int argc, char** argv)
{
  (void)argv;
#ifndef truncf
  return ((int*)(&truncf))[argc];
#else
  (void)argc;
  return 0;
#endif
}
Determining if the unsetenv exist passed with the following output:
Change Dir: /home/randomguy/Desktop/Escuela/Servicio/Renderer/build/CMakeFiles/CMakeTmp

Run Build Command(s):/usr/bin/gmake -f Makefile cmTC_134cf/fast && /usr/bin/gmake  -f CMakeFiles/cmTC_134cf.dir/build.make CMakeFiles/cmTC_134cf.dir/build
gmake[1]: Entering directory '/home/randomguy/Desktop/Escuela/Servicio/Renderer/build/CMakeFiles/CMakeTmp'
Building C object CMakeFiles/cmTC_134cf.dir/CheckSymbolExists.c.o
/usr/bin/cc   -D_GNU_SOURCE=1 -o CMakeFiles/cmTC_134cf.dir/CheckSymbolExists.c.o -c /home/randomguy/Desktop/Escuela/Servicio/Renderer/build/CMakeFiles/CMakeTmp/CheckSymbolExists.c
Linking C executable cmTC_134cf
/usr/bin/cmake -E cmake_link_script CMakeFiles/cmTC_134cf.dir/link.txt --verbose=1
/usr/bin/cc   -D_GNU_SOURCE=1 CMakeFiles/cmTC_134cf.dir/CheckSymbolExists.c.o -o cmTC_134cf  -lm 
gmake[1]: Leaving directory '/home/randomguy/Desktop/Escuela/Servicio/Renderer/build/CMakeFiles/CMakeTmp'


File /home/randomguy/Desktop/Escuela/Servicio/Renderer/build/CMakeFiles/CMakeTmp/CheckSymbolExists.c:
/* */
#include <float.h>
#include <iconv.h>
#include <inttypes.h>
#include <limits.h>
#include <malloc.h>
#include <math.h>
#include <memory.h>
#include <signal.h>
#include <stdarg.h>
#include <stdbool.h>
#include <stddef.h>
#include <stdint.h>
#include <stdio.h>
#include <stdlib.h>
#include <string.h>
#include <strings.h>
#include <sys/types.h>
#include <time.h>
#include <wchar.h>

int main(int argc, char** argv)
{
  (void)argv;
#ifndef unsetenv
  return ((int*)(&unsetenv))[argc];
#else
  (void)argc;
  return 0;
#endif
}
Determining if the vsnprintf exist passed with the following output:
Change Dir: /home/randomguy/Desktop/Escuela/Servicio/Renderer/build/CMakeFiles/CMakeTmp

Run Build Command(s):/usr/bin/gmake -f Makefile cmTC_09b7d/fast && /usr/bin/gmake  -f CMakeFiles/cmTC_09b7d.dir/build.make CMakeFiles/cmTC_09b7d.dir/build
gmake[1]: Entering directory '/home/randomguy/Desktop/Escuela/Servicio/Renderer/build/CMakeFiles/CMakeTmp'
Building C object CMakeFiles/cmTC_09b7d.dir/CheckSymbolExists.c.o
/usr/bin/cc   -D_GNU_SOURCE=1 -o CMakeFiles/cmTC_09b7d.dir/CheckSymbolExists.c.o -c /home/randomguy/Desktop/Escuela/Servicio/Renderer/build/CMakeFiles/CMakeTmp/CheckSymbolExists.c
Linking C executable cmTC_09b7d
/usr/bin/cmake -E cmake_link_script CMakeFiles/cmTC_09b7d.dir/link.txt --verbose=1
/usr/bin/cc   -D_GNU_SOURCE=1 CMakeFiles/cmTC_09b7d.dir/CheckSymbolExists.c.o -o cmTC_09b7d  -lm 
gmake[1]: Leaving directory '/home/randomguy/Desktop/Escuela/Servicio/Renderer/build/CMakeFiles/CMakeTmp'


File /home/randomguy/Desktop/Escuela/Servicio/Renderer/build/CMakeFiles/CMakeTmp/CheckSymbolExists.c:
/* */
#include <float.h>
#include <iconv.h>
#include <inttypes.h>
#include <limits.h>
#include <malloc.h>
#include <math.h>
#include <memory.h>
#include <signal.h>
#include <stdarg.h>
#include <stdbool.h>
#include <stddef.h>
#include <stdint.h>
#include <stdio.h>
#include <stdlib.h>
#include <string.h>
#include <strings.h>
#include <sys/types.h>
#include <time.h>
#include <wchar.h>

int main(int argc, char** argv)
{
  (void)argv;
#ifndef vsnprintf
  return ((int*)(&vsnprintf))[argc];
#else
  (void)argc;
  return 0;
#endif
}
Determining if the vsscanf exist passed with the following output:
Change Dir: /home/randomguy/Desktop/Escuela/Servicio/Renderer/build/CMakeFiles/CMakeTmp

Run Build Command(s):/usr/bin/gmake -f Makefile cmTC_20193/fast && /usr/bin/gmake  -f CMakeFiles/cmTC_20193.dir/build.make CMakeFiles/cmTC_20193.dir/build
gmake[1]: Entering directory '/home/randomguy/Desktop/Escuela/Servicio/Renderer/build/CMakeFiles/CMakeTmp'
Building C object CMakeFiles/cmTC_20193.dir/CheckSymbolExists.c.o
/usr/bin/cc   -D_GNU_SOURCE=1 -o CMakeFiles/cmTC_20193.dir/CheckSymbolExists.c.o -c /home/randomguy/Desktop/Escuela/Servicio/Renderer/build/CMakeFiles/CMakeTmp/CheckSymbolExists.c
Linking C executable cmTC_20193
/usr/bin/cmake -E cmake_link_script CMakeFiles/cmTC_20193.dir/link.txt --verbose=1
/usr/bin/cc   -D_GNU_SOURCE=1 CMakeFiles/cmTC_20193.dir/CheckSymbolExists.c.o -o cmTC_20193  -lm 
gmake[1]: Leaving directory '/home/randomguy/Desktop/Escuela/Servicio/Renderer/build/CMakeFiles/CMakeTmp'


File /home/randomguy/Desktop/Escuela/Servicio/Renderer/build/CMakeFiles/CMakeTmp/CheckSymbolExists.c:
/* */
#include <float.h>
#include <iconv.h>
#include <inttypes.h>
#include <limits.h>
#include <malloc.h>
#include <math.h>
#include <memory.h>
#include <signal.h>
#include <stdarg.h>
#include <stdbool.h>
#include <stddef.h>
#include <stdint.h>
#include <stdio.h>
#include <stdlib.h>
#include <string.h>
#include <strings.h>
#include <sys/types.h>
#include <time.h>
#include <wchar.h>

int main(int argc, char** argv)
{
  (void)argv;
#ifndef vsscanf
  return ((int*)(&vsscanf))[argc];
#else
  (void)argc;
  return 0;
#endif
}
Determining if the wcsnlen exist passed with the following output:
Change Dir: /home/randomguy/Desktop/Escuela/Servicio/Renderer/build/CMakeFiles/CMakeTmp

Run Build Command(s):/usr/bin/gmake -f Makefile cmTC_15551/fast && /usr/bin/gmake  -f CMakeFiles/cmTC_15551.dir/build.make CMakeFiles/cmTC_15551.dir/build
gmake[1]: Entering directory '/home/randomguy/Desktop/Escuela/Servicio/Renderer/build/CMakeFiles/CMakeTmp'
Building C object CMakeFiles/cmTC_15551.dir/CheckSymbolExists.c.o
/usr/bin/cc   -D_GNU_SOURCE=1 -o CMakeFiles/cmTC_15551.dir/CheckSymbolExists.c.o -c /home/randomguy/Desktop/Escuela/Servicio/Renderer/build/CMakeFiles/CMakeTmp/CheckSymbolExists.c
Linking C executable cmTC_15551
/usr/bin/cmake -E cmake_link_script CMakeFiles/cmTC_15551.dir/link.txt --verbose=1
/usr/bin/cc   -D_GNU_SOURCE=1 CMakeFiles/cmTC_15551.dir/CheckSymbolExists.c.o -o cmTC_15551  -lm 
gmake[1]: Leaving directory '/home/randomguy/Desktop/Escuela/Servicio/Renderer/build/CMakeFiles/CMakeTmp'


File /home/randomguy/Desktop/Escuela/Servicio/Renderer/build/CMakeFiles/CMakeTmp/CheckSymbolExists.c:
/* */
#include <float.h>
#include <iconv.h>
#include <inttypes.h>
#include <limits.h>
#include <malloc.h>
#include <math.h>
#include <memory.h>
#include <signal.h>
#include <stdarg.h>
#include <stdbool.h>
#include <stddef.h>
#include <stdint.h>
#include <stdio.h>
#include <stdlib.h>
#include <string.h>
#include <strings.h>
#include <sys/types.h>
#include <time.h>
#include <wchar.h>

int main(int argc, char** argv)
{
  (void)argv;
#ifndef wcsnlen
  return ((int*)(&wcsnlen))[argc];
#else
  (void)argc;
  return 0;
#endif
}
Determining if the wcscmp exist passed with the following output:
Change Dir: /home/randomguy/Desktop/Escuela/Servicio/Renderer/build/CMakeFiles/CMakeTmp

Run Build Command(s):/usr/bin/gmake -f Makefile cmTC_7310c/fast && /usr/bin/gmake  -f CMakeFiles/cmTC_7310c.dir/build.make CMakeFiles/cmTC_7310c.dir/build
gmake[1]: Entering directory '/home/randomguy/Desktop/Escuela/Servicio/Renderer/build/CMakeFiles/CMakeTmp'
Building C object CMakeFiles/cmTC_7310c.dir/CheckSymbolExists.c.o
/usr/bin/cc   -D_GNU_SOURCE=1 -o CMakeFiles/cmTC_7310c.dir/CheckSymbolExists.c.o -c /home/randomguy/Desktop/Escuela/Servicio/Renderer/build/CMakeFiles/CMakeTmp/CheckSymbolExists.c
Linking C executable cmTC_7310c
/usr/bin/cmake -E cmake_link_script CMakeFiles/cmTC_7310c.dir/link.txt --verbose=1
/usr/bin/cc   -D_GNU_SOURCE=1 CMakeFiles/cmTC_7310c.dir/CheckSymbolExists.c.o -o cmTC_7310c  -lm 
gmake[1]: Leaving directory '/home/randomguy/Desktop/Escuela/Servicio/Renderer/build/CMakeFiles/CMakeTmp'


File /home/randomguy/Desktop/Escuela/Servicio/Renderer/build/CMakeFiles/CMakeTmp/CheckSymbolExists.c:
/* */
#include <float.h>
#include <iconv.h>
#include <inttypes.h>
#include <limits.h>
#include <malloc.h>
#include <math.h>
#include <memory.h>
#include <signal.h>
#include <stdarg.h>
#include <stdbool.h>
#include <stddef.h>
#include <stdint.h>
#include <stdio.h>
#include <stdlib.h>
#include <string.h>
#include <strings.h>
#include <sys/types.h>
#include <time.h>
#include <wchar.h>

int main(int argc, char** argv)
{
  (void)argv;
#ifndef wcscmp
  return ((int*)(&wcscmp))[argc];
#else
  (void)argc;
  return 0;
#endif
}
Determining if the wcsdup exist passed with the following output:
Change Dir: /home/randomguy/Desktop/Escuela/Servicio/Renderer/build/CMakeFiles/CMakeTmp

Run Build Command(s):/usr/bin/gmake -f Makefile cmTC_29a8c/fast && /usr/bin/gmake  -f CMakeFiles/cmTC_29a8c.dir/build.make CMakeFiles/cmTC_29a8c.dir/build
gmake[1]: Entering directory '/home/randomguy/Desktop/Escuela/Servicio/Renderer/build/CMakeFiles/CMakeTmp'
Building C object CMakeFiles/cmTC_29a8c.dir/CheckSymbolExists.c.o
/usr/bin/cc   -D_GNU_SOURCE=1 -o CMakeFiles/cmTC_29a8c.dir/CheckSymbolExists.c.o -c /home/randomguy/Desktop/Escuela/Servicio/Renderer/build/CMakeFiles/CMakeTmp/CheckSymbolExists.c
Linking C executable cmTC_29a8c
/usr/bin/cmake -E cmake_link_script CMakeFiles/cmTC_29a8c.dir/link.txt --verbose=1
/usr/bin/cc   -D_GNU_SOURCE=1 CMakeFiles/cmTC_29a8c.dir/CheckSymbolExists.c.o -o cmTC_29a8c  -lm 
gmake[1]: Leaving directory '/home/randomguy/Desktop/Escuela/Servicio/Renderer/build/CMakeFiles/CMakeTmp'


File /home/randomguy/Desktop/Escuela/Servicio/Renderer/build/CMakeFiles/CMakeTmp/CheckSymbolExists.c:
/* */
#include <float.h>
#include <iconv.h>
#include <inttypes.h>
#include <limits.h>
#include <malloc.h>
#include <math.h>
#include <memory.h>
#include <signal.h>
#include <stdarg.h>
#include <stdbool.h>
#include <stddef.h>
#include <stdint.h>
#include <stdio.h>
#include <stdlib.h>
#include <string.h>
#include <strings.h>
#include <sys/types.h>
#include <time.h>
#include <wchar.h>

int main(int argc, char** argv)
{
  (void)argv;
#ifndef wcsdup
  return ((int*)(&wcsdup))[argc];
#else
  (void)argc;
  return 0;
#endif
}
Determining if the wcslen exist passed with the following output:
Change Dir: /home/randomguy/Desktop/Escuela/Servicio/Renderer/build/CMakeFiles/CMakeTmp

Run Build Command(s):/usr/bin/gmake -f Makefile cmTC_b140f/fast && /usr/bin/gmake  -f CMakeFiles/cmTC_b140f.dir/build.make CMakeFiles/cmTC_b140f.dir/build
gmake[1]: Entering directory '/home/randomguy/Desktop/Escuela/Servicio/Renderer/build/CMakeFiles/CMakeTmp'
Building C object CMakeFiles/cmTC_b140f.dir/CheckSymbolExists.c.o
/usr/bin/cc   -D_GNU_SOURCE=1 -o CMakeFiles/cmTC_b140f.dir/CheckSymbolExists.c.o -c /home/randomguy/Desktop/Escuela/Servicio/Renderer/build/CMakeFiles/CMakeTmp/CheckSymbolExists.c
Linking C executable cmTC_b140f
/usr/bin/cmake -E cmake_link_script CMakeFiles/cmTC_b140f.dir/link.txt --verbose=1
/usr/bin/cc   -D_GNU_SOURCE=1 CMakeFiles/cmTC_b140f.dir/CheckSymbolExists.c.o -o cmTC_b140f  -lm 
gmake[1]: Leaving directory '/home/randomguy/Desktop/Escuela/Servicio/Renderer/build/CMakeFiles/CMakeTmp'


File /home/randomguy/Desktop/Escuela/Servicio/Renderer/build/CMakeFiles/CMakeTmp/CheckSymbolExists.c:
/* */
#include <float.h>
#include <iconv.h>
#include <inttypes.h>
#include <limits.h>
#include <malloc.h>
#include <math.h>
#include <memory.h>
#include <signal.h>
#include <stdarg.h>
#include <stdbool.h>
#include <stddef.h>
#include <stdint.h>
#include <stdio.h>
#include <stdlib.h>
#include <string.h>
#include <strings.h>
#include <sys/types.h>
#include <time.h>
#include <wchar.h>

int main(int argc, char** argv)
{
  (void)argv;
#ifndef wcslen
  return ((int*)(&wcslen))[argc];
#else
  (void)argc;
  return 0;
#endif
}
Determining if the wcsncmp exist passed with the following output:
Change Dir: /home/randomguy/Desktop/Escuela/Servicio/Renderer/build/CMakeFiles/CMakeTmp

Run Build Command(s):/usr/bin/gmake -f Makefile cmTC_e8b48/fast && /usr/bin/gmake  -f CMakeFiles/cmTC_e8b48.dir/build.make CMakeFiles/cmTC_e8b48.dir/build
gmake[1]: Entering directory '/home/randomguy/Desktop/Escuela/Servicio/Renderer/build/CMakeFiles/CMakeTmp'
Building C object CMakeFiles/cmTC_e8b48.dir/CheckSymbolExists.c.o
/usr/bin/cc   -D_GNU_SOURCE=1 -o CMakeFiles/cmTC_e8b48.dir/CheckSymbolExists.c.o -c /home/randomguy/Desktop/Escuela/Servicio/Renderer/build/CMakeFiles/CMakeTmp/CheckSymbolExists.c
Linking C executable cmTC_e8b48
/usr/bin/cmake -E cmake_link_script CMakeFiles/cmTC_e8b48.dir/link.txt --verbose=1
/usr/bin/cc   -D_GNU_SOURCE=1 CMakeFiles/cmTC_e8b48.dir/CheckSymbolExists.c.o -o cmTC_e8b48  -lm 
gmake[1]: Leaving directory '/home/randomguy/Desktop/Escuela/Servicio/Renderer/build/CMakeFiles/CMakeTmp'


File /home/randomguy/Desktop/Escuela/Servicio/Renderer/build/CMakeFiles/CMakeTmp/CheckSymbolExists.c:
/* */
#include <float.h>
#include <iconv.h>
#include <inttypes.h>
#include <limits.h>
#include <malloc.h>
#include <math.h>
#include <memory.h>
#include <signal.h>
#include <stdarg.h>
#include <stdbool.h>
#include <stddef.h>
#include <stdint.h>
#include <stdio.h>
#include <stdlib.h>
#include <string.h>
#include <strings.h>
#include <sys/types.h>
#include <time.h>
#include <wchar.h>

int main(int argc, char** argv)
{
  (void)argv;
#ifndef wcsncmp
  return ((int*)(&wcsncmp))[argc];
#else
  (void)argc;
  return 0;
#endif
}
Determining if the wcsstr exist passed with the following output:
Change Dir: /home/randomguy/Desktop/Escuela/Servicio/Renderer/build/CMakeFiles/CMakeTmp

Run Build Command(s):/usr/bin/gmake -f Makefile cmTC_778e9/fast && /usr/bin/gmake  -f CMakeFiles/cmTC_778e9.dir/build.make CMakeFiles/cmTC_778e9.dir/build
gmake[1]: Entering directory '/home/randomguy/Desktop/Escuela/Servicio/Renderer/build/CMakeFiles/CMakeTmp'
Building C object CMakeFiles/cmTC_778e9.dir/CheckSymbolExists.c.o
/usr/bin/cc   -D_GNU_SOURCE=1 -o CMakeFiles/cmTC_778e9.dir/CheckSymbolExists.c.o -c /home/randomguy/Desktop/Escuela/Servicio/Renderer/build/CMakeFiles/CMakeTmp/CheckSymbolExists.c
Linking C executable cmTC_778e9
/usr/bin/cmake -E cmake_link_script CMakeFiles/cmTC_778e9.dir/link.txt --verbose=1
/usr/bin/cc   -D_GNU_SOURCE=1 CMakeFiles/cmTC_778e9.dir/CheckSymbolExists.c.o -o cmTC_778e9  -lm 
gmake[1]: Leaving directory '/home/randomguy/Desktop/Escuela/Servicio/Renderer/build/CMakeFiles/CMakeTmp'


File /home/randomguy/Desktop/Escuela/Servicio/Renderer/build/CMakeFiles/CMakeTmp/CheckSymbolExists.c:
/* */
#include <float.h>
#include <iconv.h>
#include <inttypes.h>
#include <limits.h>
#include <malloc.h>
#include <math.h>
#include <memory.h>
#include <signal.h>
#include <stdarg.h>
#include <stdbool.h>
#include <stddef.h>
#include <stdint.h>
#include <stdio.h>
#include <stdlib.h>
#include <string.h>
#include <strings.h>
#include <sys/types.h>
#include <time.h>
#include <wchar.h>

int main(int argc, char** argv)
{
  (void)argv;
#ifndef wcsstr
  return ((int*)(&wcsstr))[argc];
#else
  (void)argc;
  return 0;
#endif
}
Determining if the wcstol exist passed with the following output:
Change Dir: /home/randomguy/Desktop/Escuela/Servicio/Renderer/build/CMakeFiles/CMakeTmp

Run Build Command(s):/usr/bin/gmake -f Makefile cmTC_9888b/fast && /usr/bin/gmake  -f CMakeFiles/cmTC_9888b.dir/build.make CMakeFiles/cmTC_9888b.dir/build
gmake[1]: Entering directory '/home/randomguy/Desktop/Escuela/Servicio/Renderer/build/CMakeFiles/CMakeTmp'
Building C object CMakeFiles/cmTC_9888b.dir/CheckSymbolExists.c.o
/usr/bin/cc   -D_GNU_SOURCE=1 -o CMakeFiles/cmTC_9888b.dir/CheckSymbolExists.c.o -c /home/randomguy/Desktop/Escuela/Servicio/Renderer/build/CMakeFiles/CMakeTmp/CheckSymbolExists.c
Linking C executable cmTC_9888b
/usr/bin/cmake -E cmake_link_script CMakeFiles/cmTC_9888b.dir/link.txt --verbose=1
/usr/bin/cc   -D_GNU_SOURCE=1 CMakeFiles/cmTC_9888b.dir/CheckSymbolExists.c.o -o cmTC_9888b  -lm 
gmake[1]: Leaving directory '/home/randomguy/Desktop/Escuela/Servicio/Renderer/build/CMakeFiles/CMakeTmp'


File /home/randomguy/Desktop/Escuela/Servicio/Renderer/build/CMakeFiles/CMakeTmp/CheckSymbolExists.c:
/* */
#include <float.h>
#include <iconv.h>
#include <inttypes.h>
#include <limits.h>
#include <malloc.h>
#include <math.h>
#include <memory.h>
#include <signal.h>
#include <stdarg.h>
#include <stdbool.h>
#include <stddef.h>
#include <stdint.h>
#include <stdio.h>
#include <stdlib.h>
#include <string.h>
#include <strings.h>
#include <sys/types.h>
#include <time.h>
#include <wchar.h>

int main(int argc, char** argv)
{
  (void)argv;
#ifndef wcstol
  return ((int*)(&wcstol))[argc];
#else
  (void)argc;
  return 0;
#endif
}
Determining if the strcasestr exist passed with the following output:
Change Dir: /home/randomguy/Desktop/Escuela/Servicio/Renderer/build/CMakeFiles/CMakeTmp

Run Build Command(s):/usr/bin/gmake -f Makefile cmTC_f236a/fast && /usr/bin/gmake  -f CMakeFiles/cmTC_f236a.dir/build.make CMakeFiles/cmTC_f236a.dir/build
gmake[1]: Entering directory '/home/randomguy/Desktop/Escuela/Servicio/Renderer/build/CMakeFiles/CMakeTmp'
Building C object CMakeFiles/cmTC_f236a.dir/CheckSymbolExists.c.o
/usr/bin/cc   -D_GNU_SOURCE=1 -o CMakeFiles/cmTC_f236a.dir/CheckSymbolExists.c.o -c /home/randomguy/Desktop/Escuela/Servicio/Renderer/build/CMakeFiles/CMakeTmp/CheckSymbolExists.c
Linking C executable cmTC_f236a
/usr/bin/cmake -E cmake_link_script CMakeFiles/cmTC_f236a.dir/link.txt --verbose=1
/usr/bin/cc   -D_GNU_SOURCE=1 CMakeFiles/cmTC_f236a.dir/CheckSymbolExists.c.o -o cmTC_f236a  -lm 
gmake[1]: Leaving directory '/home/randomguy/Desktop/Escuela/Servicio/Renderer/build/CMakeFiles/CMakeTmp'


File /home/randomguy/Desktop/Escuela/Servicio/Renderer/build/CMakeFiles/CMakeTmp/CheckSymbolExists.c:
/* */
#include <float.h>
#include <iconv.h>
#include <inttypes.h>
#include <limits.h>
#include <malloc.h>
#include <math.h>
#include <memory.h>
#include <signal.h>
#include <stdarg.h>
#include <stdbool.h>
#include <stddef.h>
#include <stdint.h>
#include <stdio.h>
#include <stdlib.h>
#include <string.h>
#include <strings.h>
#include <sys/types.h>
#include <time.h>
#include <wchar.h>

int main(int argc, char** argv)
{
  (void)argv;
#ifndef strcasestr
  return ((int*)(&strcasestr))[argc];
#else
  (void)argc;
  return 0;
#endif
}
Performing C SOURCE FILE Test LIBC_HAS_ISINF succeeded with the following output:
Change Dir: /home/randomguy/Desktop/Escuela/Servicio/Renderer/build/CMakeFiles/CMakeTmp

Run Build Command(s):/usr/bin/gmake -f Makefile cmTC_2bdc2/fast && /usr/bin/gmake  -f CMakeFiles/cmTC_2bdc2.dir/build.make CMakeFiles/cmTC_2bdc2.dir/build
gmake[1]: Entering directory '/home/randomguy/Desktop/Escuela/Servicio/Renderer/build/CMakeFiles/CMakeTmp'
Building C object CMakeFiles/cmTC_2bdc2.dir/src.c.o
/usr/bin/cc -DLIBC_HAS_ISINF  -D_GNU_SOURCE=1 -Wfloat-conversion -Werror -o CMakeFiles/cmTC_2bdc2.dir/src.c.o -c /home/randomguy/Desktop/Escuela/Servicio/Renderer/build/CMakeFiles/CMakeTmp/src.c
Linking C executable cmTC_2bdc2
/usr/bin/cmake -E cmake_link_script CMakeFiles/cmTC_2bdc2.dir/link.txt --verbose=1
/usr/bin/cc   -D_GNU_SOURCE=1 -Wfloat-conversion -Werror CMakeFiles/cmTC_2bdc2.dir/src.c.o -o cmTC_2bdc2 
gmake[1]: Leaving directory '/home/randomguy/Desktop/Escuela/Servicio/Renderer/build/CMakeFiles/CMakeTmp'


Source file was:

        #include <math.h>
        int main() {
          double d = 3.14159;
          return isinf(d);
        }
      
Performing C SOURCE FILE Test LIBC_ISINF_HANDLES_FLOAT succeeded with the following output:
Change Dir: /home/randomguy/Desktop/Escuela/Servicio/Renderer/build/CMakeFiles/CMakeTmp

Run Build Command(s):/usr/bin/gmake -f Makefile cmTC_1b816/fast && /usr/bin/gmake  -f CMakeFiles/cmTC_1b816.dir/build.make CMakeFiles/cmTC_1b816.dir/build
gmake[1]: Entering directory '/home/randomguy/Desktop/Escuela/Servicio/Renderer/build/CMakeFiles/CMakeTmp'
Building C object CMakeFiles/cmTC_1b816.dir/src.c.o
/usr/bin/cc -DLIBC_ISINF_HANDLES_FLOAT  -D_GNU_SOURCE=1 -Wfloat-conversion -Werror -o CMakeFiles/cmTC_1b816.dir/src.c.o -c /home/randomguy/Desktop/Escuela/Servicio/Renderer/build/CMakeFiles/CMakeTmp/src.c
Linking C executable cmTC_1b816
/usr/bin/cmake -E cmake_link_script CMakeFiles/cmTC_1b816.dir/link.txt --verbose=1
/usr/bin/cc   -D_GNU_SOURCE=1 -Wfloat-conversion -Werror CMakeFiles/cmTC_1b816.dir/src.c.o -o cmTC_1b816 
gmake[1]: Leaving directory '/home/randomguy/Desktop/Escuela/Servicio/Renderer/build/CMakeFiles/CMakeTmp'


Source file was:

      #include <math.h>
      int main() {
        float f = 3.14159f;
        return isinf(f);
      }
    
Performing C SOURCE FILE Test LIBC_HAS_ISINFF succeeded with the following output:
Change Dir: /home/randomguy/Desktop/Escuela/Servicio/Renderer/build/CMakeFiles/CMakeTmp

Run Build Command(s):/usr/bin/gmake -f Makefile cmTC_fa6b2/fast && /usr/bin/gmake  -f CMakeFiles/cmTC_fa6b2.dir/build.make CMakeFiles/cmTC_fa6b2.dir/build
gmake[1]: Entering directory '/home/randomguy/Desktop/Escuela/Servicio/Renderer/build/CMakeFiles/CMakeTmp'
Building C object CMakeFiles/cmTC_fa6b2.dir/src.c.o
/usr/bin/cc -DLIBC_HAS_ISINFF  -D_GNU_SOURCE=1 -Wfloat-conversion -Werror -o CMakeFiles/cmTC_fa6b2.dir/src.c.o -c /home/randomguy/Desktop/Escuela/Servicio/Renderer/build/CMakeFiles/CMakeTmp/src.c
Linking C executable cmTC_fa6b2
/usr/bin/cmake -E cmake_link_script CMakeFiles/cmTC_fa6b2.dir/link.txt --verbose=1
/usr/bin/cc   -D_GNU_SOURCE=1 -Wfloat-conversion -Werror CMakeFiles/cmTC_fa6b2.dir/src.c.o -o cmTC_fa6b2 
gmake[1]: Leaving directory '/home/randomguy/Desktop/Escuela/Servicio/Renderer/build/CMakeFiles/CMakeTmp'


Source file was:

      #include <math.h>
      int main() {
        float f = 3.14159f;
        return isinff(f);
      }
    
Performing C SOURCE FILE Test LIBC_HAS_ISNAN succeeded with the following output:
Change Dir: /home/randomguy/Desktop/Escuela/Servicio/Renderer/build/CMakeFiles/CMakeTmp

Run Build Command(s):/usr/bin/gmake -f Makefile cmTC_4ba49/fast && /usr/bin/gmake  -f CMakeFiles/cmTC_4ba49.dir/build.make CMakeFiles/cmTC_4ba49.dir/build
gmake[1]: Entering directory '/home/randomguy/Desktop/Escuela/Servicio/Renderer/build/CMakeFiles/CMakeTmp'
Building C object CMakeFiles/cmTC_4ba49.dir/src.c.o
/usr/bin/cc -DLIBC_HAS_ISNAN  -D_GNU_SOURCE=1 -Wfloat-conversion -Werror -o CMakeFiles/cmTC_4ba49.dir/src.c.o -c /home/randomguy/Desktop/Escuela/Servicio/Renderer/build/CMakeFiles/CMakeTmp/src.c
Linking C executable cmTC_4ba49
/usr/bin/cmake -E cmake_link_script CMakeFiles/cmTC_4ba49.dir/link.txt --verbose=1
/usr/bin/cc   -D_GNU_SOURCE=1 -Wfloat-conversion -Werror CMakeFiles/cmTC_4ba49.dir/src.c.o -o cmTC_4ba49 
gmake[1]: Leaving directory '/home/randomguy/Desktop/Escuela/Servicio/Renderer/build/CMakeFiles/CMakeTmp'


Source file was:

        #include <math.h>
        int main() {
          double d = 3.14159;
          return isnan(d);
        }
      
Performing C SOURCE FILE Test LIBC_ISNAN_HANDLES_FLOAT succeeded with the following output:
Change Dir: /home/randomguy/Desktop/Escuela/Servicio/Renderer/build/CMakeFiles/CMakeTmp

Run Build Command(s):/usr/bin/gmake -f Makefile cmTC_cb1e8/fast && /usr/bin/gmake  -f CMakeFiles/cmTC_cb1e8.dir/build.make CMakeFiles/cmTC_cb1e8.dir/build
gmake[1]: Entering directory '/home/randomguy/Desktop/Escuela/Servicio/Renderer/build/CMakeFiles/CMakeTmp'
Building C object CMakeFiles/cmTC_cb1e8.dir/src.c.o
/usr/bin/cc -DLIBC_ISNAN_HANDLES_FLOAT  -D_GNU_SOURCE=1 -Wfloat-conversion -Werror -o CMakeFiles/cmTC_cb1e8.dir/src.c.o -c /home/randomguy/Desktop/Escuela/Servicio/Renderer/build/CMakeFiles/CMakeTmp/src.c
Linking C executable cmTC_cb1e8
/usr/bin/cmake -E cmake_link_script CMakeFiles/cmTC_cb1e8.dir/link.txt --verbose=1
/usr/bin/cc   -D_GNU_SOURCE=1 -Wfloat-conversion -Werror CMakeFiles/cmTC_cb1e8.dir/src.c.o -o cmTC_cb1e8 
gmake[1]: Leaving directory '/home/randomguy/Desktop/Escuela/Servicio/Renderer/build/CMakeFiles/CMakeTmp'


Source file was:

      #include <math.h>
      int main() {
        float f = 3.14159f;
        return isnan(f);
      }
    
Performing C SOURCE FILE Test LIBC_HAS_ISNANF succeeded with the following output:
Change Dir: /home/randomguy/Desktop/Escuela/Servicio/Renderer/build/CMakeFiles/CMakeTmp

Run Build Command(s):/usr/bin/gmake -f Makefile cmTC_ffc2d/fast && /usr/bin/gmake  -f CMakeFiles/cmTC_ffc2d.dir/build.make CMakeFiles/cmTC_ffc2d.dir/build
gmake[1]: Entering directory '/home/randomguy/Desktop/Escuela/Servicio/Renderer/build/CMakeFiles/CMakeTmp'
Building C object CMakeFiles/cmTC_ffc2d.dir/src.c.o
/usr/bin/cc -DLIBC_HAS_ISNANF  -D_GNU_SOURCE=1 -Wfloat-conversion -Werror -o CMakeFiles/cmTC_ffc2d.dir/src.c.o -c /home/randomguy/Desktop/Escuela/Servicio/Renderer/build/CMakeFiles/CMakeTmp/src.c
Linking C executable cmTC_ffc2d
/usr/bin/cmake -E cmake_link_script CMakeFiles/cmTC_ffc2d.dir/link.txt --verbose=1
/usr/bin/cc   -D_GNU_SOURCE=1 -Wfloat-conversion -Werror CMakeFiles/cmTC_ffc2d.dir/src.c.o -o cmTC_ffc2d 
gmake[1]: Leaving directory '/home/randomguy/Desktop/Escuela/Servicio/Renderer/build/CMakeFiles/CMakeTmp'


Source file was:

      #include <math.h>
      int main() {
        float f = 3.14159f;
        return isnanf(f);
      }
    
Determining if the fdatasync exist passed with the following output:
Change Dir: /home/randomguy/Desktop/Escuela/Servicio/Renderer/build/CMakeFiles/CMakeTmp

Run Build Command(s):/usr/bin/gmake -f Makefile cmTC_ca6ac/fast && /usr/bin/gmake  -f CMakeFiles/cmTC_ca6ac.dir/build.make CMakeFiles/cmTC_ca6ac.dir/build
gmake[1]: Entering directory '/home/randomguy/Desktop/Escuela/Servicio/Renderer/build/CMakeFiles/CMakeTmp'
Building C object CMakeFiles/cmTC_ca6ac.dir/CheckSymbolExists.c.o
/usr/bin/cc   -D_GNU_SOURCE=1 -o CMakeFiles/cmTC_ca6ac.dir/CheckSymbolExists.c.o -c /home/randomguy/Desktop/Escuela/Servicio/Renderer/build/CMakeFiles/CMakeTmp/CheckSymbolExists.c
Linking C executable cmTC_ca6ac
/usr/bin/cmake -E cmake_link_script CMakeFiles/cmTC_ca6ac.dir/link.txt --verbose=1
/usr/bin/cc   -D_GNU_SOURCE=1 CMakeFiles/cmTC_ca6ac.dir/CheckSymbolExists.c.o -o cmTC_ca6ac 
gmake[1]: Leaving directory '/home/randomguy/Desktop/Escuela/Servicio/Renderer/build/CMakeFiles/CMakeTmp'


File /home/randomguy/Desktop/Escuela/Servicio/Renderer/build/CMakeFiles/CMakeTmp/CheckSymbolExists.c:
/* */
#include <unistd.h>

int main(int argc, char** argv)
{
  (void)argv;
#ifndef fdatasync
  return ((int*)(&fdatasync))[argc];
#else
  (void)argc;
  return 0;
#endif
}
Determining if the gethostname exist passed with the following output:
Change Dir: /home/randomguy/Desktop/Escuela/Servicio/Renderer/build/CMakeFiles/CMakeTmp

Run Build Command(s):/usr/bin/gmake -f Makefile cmTC_d6915/fast && /usr/bin/gmake  -f CMakeFiles/cmTC_d6915.dir/build.make CMakeFiles/cmTC_d6915.dir/build
gmake[1]: Entering directory '/home/randomguy/Desktop/Escuela/Servicio/Renderer/build/CMakeFiles/CMakeTmp'
Building C object CMakeFiles/cmTC_d6915.dir/CheckSymbolExists.c.o
/usr/bin/cc   -D_GNU_SOURCE=1 -o CMakeFiles/cmTC_d6915.dir/CheckSymbolExists.c.o -c /home/randomguy/Desktop/Escuela/Servicio/Renderer/build/CMakeFiles/CMakeTmp/CheckSymbolExists.c
Linking C executable cmTC_d6915
/usr/bin/cmake -E cmake_link_script CMakeFiles/cmTC_d6915.dir/link.txt --verbose=1
/usr/bin/cc   -D_GNU_SOURCE=1 CMakeFiles/cmTC_d6915.dir/CheckSymbolExists.c.o -o cmTC_d6915 
gmake[1]: Leaving directory '/home/randomguy/Desktop/Escuela/Servicio/Renderer/build/CMakeFiles/CMakeTmp'


File /home/randomguy/Desktop/Escuela/Servicio/Renderer/build/CMakeFiles/CMakeTmp/CheckSymbolExists.c:
/* */
#include <unistd.h>

int main(int argc, char** argv)
{
  (void)argv;
#ifndef gethostname
  return ((int*)(&gethostname))[argc];
#else
  (void)argc;
  return 0;
#endif
}
Determining if the getpagesize exist passed with the following output:
Change Dir: /home/randomguy/Desktop/Escuela/Servicio/Renderer/build/CMakeFiles/CMakeTmp

Run Build Command(s):/usr/bin/gmake -f Makefile cmTC_036b1/fast && /usr/bin/gmake  -f CMakeFiles/cmTC_036b1.dir/build.make CMakeFiles/cmTC_036b1.dir/build
gmake[1]: Entering directory '/home/randomguy/Desktop/Escuela/Servicio/Renderer/build/CMakeFiles/CMakeTmp'
Building C object CMakeFiles/cmTC_036b1.dir/CheckSymbolExists.c.o
/usr/bin/cc   -D_GNU_SOURCE=1 -o CMakeFiles/cmTC_036b1.dir/CheckSymbolExists.c.o -c /home/randomguy/Desktop/Escuela/Servicio/Renderer/build/CMakeFiles/CMakeTmp/CheckSymbolExists.c
Linking C executable cmTC_036b1
/usr/bin/cmake -E cmake_link_script CMakeFiles/cmTC_036b1.dir/link.txt --verbose=1
/usr/bin/cc   -D_GNU_SOURCE=1 CMakeFiles/cmTC_036b1.dir/CheckSymbolExists.c.o -o cmTC_036b1 
gmake[1]: Leaving directory '/home/randomguy/Desktop/Escuela/Servicio/Renderer/build/CMakeFiles/CMakeTmp'


File /home/randomguy/Desktop/Escuela/Servicio/Renderer/build/CMakeFiles/CMakeTmp/CheckSymbolExists.c:
/* */
#include <unistd.h>

int main(int argc, char** argv)
{
  (void)argv;
#ifndef getpagesize
  return ((int*)(&getpagesize))[argc];
#else
  (void)argc;
  return 0;
#endif
}
Determining if the sigaction exist passed with the following output:
Change Dir: /home/randomguy/Desktop/Escuela/Servicio/Renderer/build/CMakeFiles/CMakeTmp

Run Build Command(s):/usr/bin/gmake -f Makefile cmTC_8619a/fast && /usr/bin/gmake  -f CMakeFiles/cmTC_8619a.dir/build.make CMakeFiles/cmTC_8619a.dir/build
gmake[1]: Entering directory '/home/randomguy/Desktop/Escuela/Servicio/Renderer/build/CMakeFiles/CMakeTmp'
Building C object CMakeFiles/cmTC_8619a.dir/CheckSymbolExists.c.o
/usr/bin/cc   -D_GNU_SOURCE=1 -o CMakeFiles/cmTC_8619a.dir/CheckSymbolExists.c.o -c /home/randomguy/Desktop/Escuela/Servicio/Renderer/build/CMakeFiles/CMakeTmp/CheckSymbolExists.c
Linking C executable cmTC_8619a
/usr/bin/cmake -E cmake_link_script CMakeFiles/cmTC_8619a.dir/link.txt --verbose=1
/usr/bin/cc   -D_GNU_SOURCE=1 CMakeFiles/cmTC_8619a.dir/CheckSymbolExists.c.o -o cmTC_8619a 
gmake[1]: Leaving directory '/home/randomguy/Desktop/Escuela/Servicio/Renderer/build/CMakeFiles/CMakeTmp'


File /home/randomguy/Desktop/Escuela/Servicio/Renderer/build/CMakeFiles/CMakeTmp/CheckSymbolExists.c:
/* */
#include <signal.h>

int main(int argc, char** argv)
{
  (void)argv;
#ifndef sigaction
  return ((int*)(&sigaction))[argc];
#else
  (void)argc;
  return 0;
#endif
}
Determining if the sigtimedwait exist passed with the following output:
Change Dir: /home/randomguy/Desktop/Escuela/Servicio/Renderer/build/CMakeFiles/CMakeTmp

Run Build Command(s):/usr/bin/gmake -f Makefile cmTC_09fc7/fast && /usr/bin/gmake  -f CMakeFiles/cmTC_09fc7.dir/build.make CMakeFiles/cmTC_09fc7.dir/build
gmake[1]: Entering directory '/home/randomguy/Desktop/Escuela/Servicio/Renderer/build/CMakeFiles/CMakeTmp'
Building C object CMakeFiles/cmTC_09fc7.dir/CheckSymbolExists.c.o
/usr/bin/cc   -D_GNU_SOURCE=1 -o CMakeFiles/cmTC_09fc7.dir/CheckSymbolExists.c.o -c /home/randomguy/Desktop/Escuela/Servicio/Renderer/build/CMakeFiles/CMakeTmp/CheckSymbolExists.c
Linking C executable cmTC_09fc7
/usr/bin/cmake -E cmake_link_script CMakeFiles/cmTC_09fc7.dir/link.txt --verbose=1
/usr/bin/cc   -D_GNU_SOURCE=1 CMakeFiles/cmTC_09fc7.dir/CheckSymbolExists.c.o -o cmTC_09fc7 
gmake[1]: Leaving directory '/home/randomguy/Desktop/Escuela/Servicio/Renderer/build/CMakeFiles/CMakeTmp'


File /home/randomguy/Desktop/Escuela/Servicio/Renderer/build/CMakeFiles/CMakeTmp/CheckSymbolExists.c:
/* */
#include <signal.h>

int main(int argc, char** argv)
{
  (void)argv;
#ifndef sigtimedwait
  return ((int*)(&sigtimedwait))[argc];
#else
  (void)argc;
  return 0;
#endif
}
Determining if the setjmp exist passed with the following output:
Change Dir: /home/randomguy/Desktop/Escuela/Servicio/Renderer/build/CMakeFiles/CMakeTmp

Run Build Command(s):/usr/bin/gmake -f Makefile cmTC_abf23/fast && /usr/bin/gmake  -f CMakeFiles/cmTC_abf23.dir/build.make CMakeFiles/cmTC_abf23.dir/build
gmake[1]: Entering directory '/home/randomguy/Desktop/Escuela/Servicio/Renderer/build/CMakeFiles/CMakeTmp'
Building C object CMakeFiles/cmTC_abf23.dir/CheckSymbolExists.c.o
/usr/bin/cc   -D_GNU_SOURCE=1 -o CMakeFiles/cmTC_abf23.dir/CheckSymbolExists.c.o -c /home/randomguy/Desktop/Escuela/Servicio/Renderer/build/CMakeFiles/CMakeTmp/CheckSymbolExists.c
Linking C executable cmTC_abf23
/usr/bin/cmake -E cmake_link_script CMakeFiles/cmTC_abf23.dir/link.txt --verbose=1
/usr/bin/cc   -D_GNU_SOURCE=1 CMakeFiles/cmTC_abf23.dir/CheckSymbolExists.c.o -o cmTC_abf23 
gmake[1]: Leaving directory '/home/randomguy/Desktop/Escuela/Servicio/Renderer/build/CMakeFiles/CMakeTmp'


File /home/randomguy/Desktop/Escuela/Servicio/Renderer/build/CMakeFiles/CMakeTmp/CheckSymbolExists.c:
/* */
#include <setjmp.h>

int main(int argc, char** argv)
{
  (void)argv;
#ifndef setjmp
  return ((int*)(&setjmp))[argc];
#else
  (void)argc;
  return 0;
#endif
}
Determining if the nanosleep exist passed with the following output:
Change Dir: /home/randomguy/Desktop/Escuela/Servicio/Renderer/build/CMakeFiles/CMakeTmp

Run Build Command(s):/usr/bin/gmake -f Makefile cmTC_ad41f/fast && /usr/bin/gmake  -f CMakeFiles/cmTC_ad41f.dir/build.make CMakeFiles/cmTC_ad41f.dir/build
gmake[1]: Entering directory '/home/randomguy/Desktop/Escuela/Servicio/Renderer/build/CMakeFiles/CMakeTmp'
Building C object CMakeFiles/cmTC_ad41f.dir/CheckSymbolExists.c.o
/usr/bin/cc   -D_GNU_SOURCE=1 -o CMakeFiles/cmTC_ad41f.dir/CheckSymbolExists.c.o -c /home/randomguy/Desktop/Escuela/Servicio/Renderer/build/CMakeFiles/CMakeTmp/CheckSymbolExists.c
Linking C executable cmTC_ad41f
/usr/bin/cmake -E cmake_link_script CMakeFiles/cmTC_ad41f.dir/link.txt --verbose=1
/usr/bin/cc   -D_GNU_SOURCE=1 CMakeFiles/cmTC_ad41f.dir/CheckSymbolExists.c.o -o cmTC_ad41f 
gmake[1]: Leaving directory '/home/randomguy/Desktop/Escuela/Servicio/Renderer/build/CMakeFiles/CMakeTmp'


File /home/randomguy/Desktop/Escuela/Servicio/Renderer/build/CMakeFiles/CMakeTmp/CheckSymbolExists.c:
/* */
#include <time.h>

int main(int argc, char** argv)
{
  (void)argv;
#ifndef nanosleep
  return ((int*)(&nanosleep))[argc];
#else
  (void)argc;
  return 0;
#endif
}
Determining if the gmtime_r exist passed with the following output:
Change Dir: /home/randomguy/Desktop/Escuela/Servicio/Renderer/build/CMakeFiles/CMakeTmp

Run Build Command(s):/usr/bin/gmake -f Makefile cmTC_f301d/fast && /usr/bin/gmake  -f CMakeFiles/cmTC_f301d.dir/build.make CMakeFiles/cmTC_f301d.dir/build
gmake[1]: Entering directory '/home/randomguy/Desktop/Escuela/Servicio/Renderer/build/CMakeFiles/CMakeTmp'
Building C object CMakeFiles/cmTC_f301d.dir/CheckSymbolExists.c.o
/usr/bin/cc   -D_GNU_SOURCE=1 -o CMakeFiles/cmTC_f301d.dir/CheckSymbolExists.c.o -c /home/randomguy/Desktop/Escuela/Servicio/Renderer/build/CMakeFiles/CMakeTmp/CheckSymbolExists.c
Linking C executable cmTC_f301d
/usr/bin/cmake -E cmake_link_script CMakeFiles/cmTC_f301d.dir/link.txt --verbose=1
/usr/bin/cc   -D_GNU_SOURCE=1 CMakeFiles/cmTC_f301d.dir/CheckSymbolExists.c.o -o cmTC_f301d 
gmake[1]: Leaving directory '/home/randomguy/Desktop/Escuela/Servicio/Renderer/build/CMakeFiles/CMakeTmp'


File /home/randomguy/Desktop/Escuela/Servicio/Renderer/build/CMakeFiles/CMakeTmp/CheckSymbolExists.c:
/* */
#include <time.h>

int main(int argc, char** argv)
{
  (void)argv;
#ifndef gmtime_r
  return ((int*)(&gmtime_r))[argc];
#else
  (void)argc;
  return 0;
#endif
}
Determining if the localtime_r exist passed with the following output:
Change Dir: /home/randomguy/Desktop/Escuela/Servicio/Renderer/build/CMakeFiles/CMakeTmp

Run Build Command(s):/usr/bin/gmake -f Makefile cmTC_dec03/fast && /usr/bin/gmake  -f CMakeFiles/cmTC_dec03.dir/build.make CMakeFiles/cmTC_dec03.dir/build
gmake[1]: Entering directory '/home/randomguy/Desktop/Escuela/Servicio/Renderer/build/CMakeFiles/CMakeTmp'
Building C object CMakeFiles/cmTC_dec03.dir/CheckSymbolExists.c.o
/usr/bin/cc   -D_GNU_SOURCE=1 -o CMakeFiles/cmTC_dec03.dir/CheckSymbolExists.c.o -c /home/randomguy/Desktop/Escuela/Servicio/Renderer/build/CMakeFiles/CMakeTmp/CheckSymbolExists.c
Linking C executable cmTC_dec03
/usr/bin/cmake -E cmake_link_script CMakeFiles/cmTC_dec03.dir/link.txt --verbose=1
/usr/bin/cc   -D_GNU_SOURCE=1 CMakeFiles/cmTC_dec03.dir/CheckSymbolExists.c.o -o cmTC_dec03 
gmake[1]: Leaving directory '/home/randomguy/Desktop/Escuela/Servicio/Renderer/build/CMakeFiles/CMakeTmp'


File /home/randomguy/Desktop/Escuela/Servicio/Renderer/build/CMakeFiles/CMakeTmp/CheckSymbolExists.c:
/* */
#include <time.h>

int main(int argc, char** argv)
{
  (void)argv;
#ifndef localtime_r
  return ((int*)(&localtime_r))[argc];
#else
  (void)argc;
  return 0;
#endif
}
Determining if the nl_langinfo exist passed with the following output:
Change Dir: /home/randomguy/Desktop/Escuela/Servicio/Renderer/build/CMakeFiles/CMakeTmp

Run Build Command(s):/usr/bin/gmake -f Makefile cmTC_18074/fast && /usr/bin/gmake  -f CMakeFiles/cmTC_18074.dir/build.make CMakeFiles/cmTC_18074.dir/build
gmake[1]: Entering directory '/home/randomguy/Desktop/Escuela/Servicio/Renderer/build/CMakeFiles/CMakeTmp'
Building C object CMakeFiles/cmTC_18074.dir/CheckSymbolExists.c.o
/usr/bin/cc   -D_GNU_SOURCE=1 -o CMakeFiles/cmTC_18074.dir/CheckSymbolExists.c.o -c /home/randomguy/Desktop/Escuela/Servicio/Renderer/build/CMakeFiles/CMakeTmp/CheckSymbolExists.c
Linking C executable cmTC_18074
/usr/bin/cmake -E cmake_link_script CMakeFiles/cmTC_18074.dir/link.txt --verbose=1
/usr/bin/cc   -D_GNU_SOURCE=1 CMakeFiles/cmTC_18074.dir/CheckSymbolExists.c.o -o cmTC_18074 
gmake[1]: Leaving directory '/home/randomguy/Desktop/Escuela/Servicio/Renderer/build/CMakeFiles/CMakeTmp'


File /home/randomguy/Desktop/Escuela/Servicio/Renderer/build/CMakeFiles/CMakeTmp/CheckSymbolExists.c:
/* */
#include <langinfo.h>

int main(int argc, char** argv)
{
  (void)argv;
#ifndef nl_langinfo
  return ((int*)(&nl_langinfo))[argc];
#else
  (void)argc;
  return 0;
#endif
}
Determining if the sysconf exist passed with the following output:
Change Dir: /home/randomguy/Desktop/Escuela/Servicio/Renderer/build/CMakeFiles/CMakeTmp

Run Build Command(s):/usr/bin/gmake -f Makefile cmTC_96913/fast && /usr/bin/gmake  -f CMakeFiles/cmTC_96913.dir/build.make CMakeFiles/cmTC_96913.dir/build
gmake[1]: Entering directory '/home/randomguy/Desktop/Escuela/Servicio/Renderer/build/CMakeFiles/CMakeTmp'
Building C object CMakeFiles/cmTC_96913.dir/CheckSymbolExists.c.o
/usr/bin/cc   -D_GNU_SOURCE=1 -o CMakeFiles/cmTC_96913.dir/CheckSymbolExists.c.o -c /home/randomguy/Desktop/Escuela/Servicio/Renderer/build/CMakeFiles/CMakeTmp/CheckSymbolExists.c
Linking C executable cmTC_96913
/usr/bin/cmake -E cmake_link_script CMakeFiles/cmTC_96913.dir/link.txt --verbose=1
/usr/bin/cc   -D_GNU_SOURCE=1 CMakeFiles/cmTC_96913.dir/CheckSymbolExists.c.o -o cmTC_96913 
gmake[1]: Leaving directory '/home/randomguy/Desktop/Escuela/Servicio/Renderer/build/CMakeFiles/CMakeTmp'


File /home/randomguy/Desktop/Escuela/Servicio/Renderer/build/CMakeFiles/CMakeTmp/CheckSymbolExists.c:
/* */
#include <unistd.h>

int main(int argc, char** argv)
{
  (void)argv;
#ifndef sysconf
  return ((int*)(&sysconf))[argc];
#else
  (void)argc;
  return 0;
#endif
}
Determining if the getauxval exist passed with the following output:
Change Dir: /home/randomguy/Desktop/Escuela/Servicio/Renderer/build/CMakeFiles/CMakeTmp

Run Build Command(s):/usr/bin/gmake -f Makefile cmTC_4f4b7/fast && /usr/bin/gmake  -f CMakeFiles/cmTC_4f4b7.dir/build.make CMakeFiles/cmTC_4f4b7.dir/build
gmake[1]: Entering directory '/home/randomguy/Desktop/Escuela/Servicio/Renderer/build/CMakeFiles/CMakeTmp'
Building C object CMakeFiles/cmTC_4f4b7.dir/CheckSymbolExists.c.o
/usr/bin/cc   -D_GNU_SOURCE=1 -o CMakeFiles/cmTC_4f4b7.dir/CheckSymbolExists.c.o -c /home/randomguy/Desktop/Escuela/Servicio/Renderer/build/CMakeFiles/CMakeTmp/CheckSymbolExists.c
Linking C executable cmTC_4f4b7
/usr/bin/cmake -E cmake_link_script CMakeFiles/cmTC_4f4b7.dir/link.txt --verbose=1
/usr/bin/cc   -D_GNU_SOURCE=1 CMakeFiles/cmTC_4f4b7.dir/CheckSymbolExists.c.o -o cmTC_4f4b7 
gmake[1]: Leaving directory '/home/randomguy/Desktop/Escuela/Servicio/Renderer/build/CMakeFiles/CMakeTmp'


File /home/randomguy/Desktop/Escuela/Servicio/Renderer/build/CMakeFiles/CMakeTmp/CheckSymbolExists.c:
/* */
#include <sys/auxv.h>

int main(int argc, char** argv)
{
  (void)argv;
#ifndef getauxval
  return ((int*)(&getauxval))[argc];
#else
  (void)argc;
  return 0;
#endif
}
Determining if the ppoll exist passed with the following output:
Change Dir: /home/randomguy/Desktop/Escuela/Servicio/Renderer/build/CMakeFiles/CMakeTmp

Run Build Command(s):/usr/bin/gmake -f Makefile cmTC_475ac/fast && /usr/bin/gmake  -f CMakeFiles/cmTC_475ac.dir/build.make CMakeFiles/cmTC_475ac.dir/build
gmake[1]: Entering directory '/home/randomguy/Desktop/Escuela/Servicio/Renderer/build/CMakeFiles/CMakeTmp'
Building C object CMakeFiles/cmTC_475ac.dir/CheckSymbolExists.c.o
/usr/bin/cc   -D_GNU_SOURCE=1 -o CMakeFiles/cmTC_475ac.dir/CheckSymbolExists.c.o -c /home/randomguy/Desktop/Escuela/Servicio/Renderer/build/CMakeFiles/CMakeTmp/CheckSymbolExists.c
Linking C executable cmTC_475ac
/usr/bin/cmake -E cmake_link_script CMakeFiles/cmTC_475ac.dir/link.txt --verbose=1
/usr/bin/cc   -D_GNU_SOURCE=1 CMakeFiles/cmTC_475ac.dir/CheckSymbolExists.c.o -o cmTC_475ac 
gmake[1]: Leaving directory '/home/randomguy/Desktop/Escuela/Servicio/Renderer/build/CMakeFiles/CMakeTmp'


File /home/randomguy/Desktop/Escuela/Servicio/Renderer/build/CMakeFiles/CMakeTmp/CheckSymbolExists.c:
/* */
#include <poll.h>

int main(int argc, char** argv)
{
  (void)argv;
#ifndef ppoll
  return ((int*)(&ppoll))[argc];
#else
  (void)argc;
  return 0;
#endif
}
Determining if the memfd_create exist passed with the following output:
Change Dir: /home/randomguy/Desktop/Escuela/Servicio/Renderer/build/CMakeFiles/CMakeTmp

Run Build Command(s):/usr/bin/gmake -f Makefile cmTC_b3029/fast && /usr/bin/gmake  -f CMakeFiles/cmTC_b3029.dir/build.make CMakeFiles/cmTC_b3029.dir/build
gmake[1]: Entering directory '/home/randomguy/Desktop/Escuela/Servicio/Renderer/build/CMakeFiles/CMakeTmp'
Building C object CMakeFiles/cmTC_b3029.dir/CheckSymbolExists.c.o
/usr/bin/cc   -D_GNU_SOURCE=1 -o CMakeFiles/cmTC_b3029.dir/CheckSymbolExists.c.o -c /home/randomguy/Desktop/Escuela/Servicio/Renderer/build/CMakeFiles/CMakeTmp/CheckSymbolExists.c
Linking C executable cmTC_b3029
/usr/bin/cmake -E cmake_link_script CMakeFiles/cmTC_b3029.dir/link.txt --verbose=1
/usr/bin/cc   -D_GNU_SOURCE=1 CMakeFiles/cmTC_b3029.dir/CheckSymbolExists.c.o -o cmTC_b3029 
gmake[1]: Leaving directory '/home/randomguy/Desktop/Escuela/Servicio/Renderer/build/CMakeFiles/CMakeTmp'


File /home/randomguy/Desktop/Escuela/Servicio/Renderer/build/CMakeFiles/CMakeTmp/CheckSymbolExists.c:
/* */
#include <sys/mman.h>

int main(int argc, char** argv)
{
  (void)argv;
#ifndef memfd_create
  return ((int*)(&memfd_create))[argc];
#else
  (void)argc;
  return 0;
#endif
}
Determining if the posix_fallocate exist passed with the following output:
Change Dir: /home/randomguy/Desktop/Escuela/Servicio/Renderer/build/CMakeFiles/CMakeTmp

Run Build Command(s):/usr/bin/gmake -f Makefile cmTC_15d2f/fast && /usr/bin/gmake  -f CMakeFiles/cmTC_15d2f.dir/build.make CMakeFiles/cmTC_15d2f.dir/build
gmake[1]: Entering directory '/home/randomguy/Desktop/Escuela/Servicio/Renderer/build/CMakeFiles/CMakeTmp'
Building C object CMakeFiles/cmTC_15d2f.dir/CheckSymbolExists.c.o
/usr/bin/cc   -D_GNU_SOURCE=1 -o CMakeFiles/cmTC_15d2f.dir/CheckSymbolExists.c.o -c /home/randomguy/Desktop/Escuela/Servicio/Renderer/build/CMakeFiles/CMakeTmp/CheckSymbolExists.c
Linking C executable cmTC_15d2f
/usr/bin/cmake -E cmake_link_script CMakeFiles/cmTC_15d2f.dir/link.txt --verbose=1
/usr/bin/cc   -D_GNU_SOURCE=1 CMakeFiles/cmTC_15d2f.dir/CheckSymbolExists.c.o -o cmTC_15d2f 
gmake[1]: Leaving directory '/home/randomguy/Desktop/Escuela/Servicio/Renderer/build/CMakeFiles/CMakeTmp'


File /home/randomguy/Desktop/Escuela/Servicio/Renderer/build/CMakeFiles/CMakeTmp/CheckSymbolExists.c:
/* */
#include <fcntl.h>

int main(int argc, char** argv)
{
  (void)argv;
#ifndef posix_fallocate
  return ((int*)(&posix_fallocate))[argc];
#else
  (void)argc;
  return 0;
#endif
}
Determining if the posix_spawn_file_actions_addchdir_np exist passed with the following output:
Change Dir: /home/randomguy/Desktop/Escuela/Servicio/Renderer/build/CMakeFiles/CMakeTmp

Run Build Command(s):/usr/bin/gmake -f Makefile cmTC_d74c5/fast && /usr/bin/gmake  -f CMakeFiles/cmTC_d74c5.dir/build.make CMakeFiles/cmTC_d74c5.dir/build
gmake[1]: Entering directory '/home/randomguy/Desktop/Escuela/Servicio/Renderer/build/CMakeFiles/CMakeTmp'
Building C object CMakeFiles/cmTC_d74c5.dir/CheckSymbolExists.c.o
/usr/bin/cc   -D_GNU_SOURCE=1 -o CMakeFiles/cmTC_d74c5.dir/CheckSymbolExists.c.o -c /home/randomguy/Desktop/Escuela/Servicio/Renderer/build/CMakeFiles/CMakeTmp/CheckSymbolExists.c
Linking C executable cmTC_d74c5
/usr/bin/cmake -E cmake_link_script CMakeFiles/cmTC_d74c5.dir/link.txt --verbose=1
/usr/bin/cc   -D_GNU_SOURCE=1 CMakeFiles/cmTC_d74c5.dir/CheckSymbolExists.c.o -o cmTC_d74c5 
gmake[1]: Leaving directory '/home/randomguy/Desktop/Escuela/Servicio/Renderer/build/CMakeFiles/CMakeTmp'


File /home/randomguy/Desktop/Escuela/Servicio/Renderer/build/CMakeFiles/CMakeTmp/CheckSymbolExists.c:
/* */
#include <spawn.h>

int main(int argc, char** argv)
{
  (void)argv;
#ifndef posix_spawn_file_actions_addchdir_np
  return ((int*)(&posix_spawn_file_actions_addchdir_np))[argc];
#else
  (void)argc;
  return 0;
#endif
}
Performing C SOURCE FILE Test ICONV_IN_LIBC succeeded with the following output:
Change Dir: /home/randomguy/Desktop/Escuela/Servicio/Renderer/build/CMakeFiles/CMakeTmp

Run Build Command(s):/usr/bin/gmake -f Makefile cmTC_b79c7/fast && /usr/bin/gmake  -f CMakeFiles/cmTC_b79c7.dir/build.make CMakeFiles/cmTC_b79c7.dir/build
gmake[1]: Entering directory '/home/randomguy/Desktop/Escuela/Servicio/Renderer/build/CMakeFiles/CMakeTmp'
Building C object CMakeFiles/cmTC_b79c7.dir/src.c.o
/usr/bin/cc -DICONV_IN_LIBC  -D_GNU_SOURCE=1 -o CMakeFiles/cmTC_b79c7.dir/src.c.o -c /home/randomguy/Desktop/Escuela/Servicio/Renderer/build/CMakeFiles/CMakeTmp/src.c
Linking C executable cmTC_b79c7
/usr/bin/cmake -E cmake_link_script CMakeFiles/cmTC_b79c7.dir/link.txt --verbose=1
/usr/bin/cc   -D_GNU_SOURCE=1 CMakeFiles/cmTC_b79c7.dir/src.c.o -o cmTC_b79c7 
gmake[1]: Leaving directory '/home/randomguy/Desktop/Escuela/Servicio/Renderer/build/CMakeFiles/CMakeTmp'


Source file was:

        #define LIBICONV_PLUG 1 /* in case libiconv header is in include path */
        #include <stddef.h>
        #include <iconv.h>
        int main(int argc, char **argv) {
            return !iconv_open(NULL,NULL);
        }
Performing C SOURCE FILE Test HAVE_SA_SIGACTION succeeded with the following output:
Change Dir: /home/randomguy/Desktop/Escuela/Servicio/Renderer/build/CMakeFiles/CMakeTmp

Run Build Command(s):/usr/bin/gmake -f Makefile cmTC_9127c/fast && /usr/bin/gmake  -f CMakeFiles/cmTC_9127c.dir/build.make CMakeFiles/cmTC_9127c.dir/build
gmake[1]: Entering directory '/home/randomguy/Desktop/Escuela/Servicio/Renderer/build/CMakeFiles/CMakeTmp'
Building C object CMakeFiles/cmTC_9127c.dir/src.c.o
/usr/bin/cc -DHAVE_SA_SIGACTION  -D_GNU_SOURCE=1 -o CMakeFiles/cmTC_9127c.dir/src.c.o -c /home/randomguy/Desktop/Escuela/Servicio/Renderer/build/CMakeFiles/CMakeTmp/src.c
Linking C executable cmTC_9127c
/usr/bin/cmake -E cmake_link_script CMakeFiles/cmTC_9127c.dir/link.txt --verbose=1
/usr/bin/cc   -D_GNU_SOURCE=1 CMakeFiles/cmTC_9127c.dir/src.c.o -o cmTC_9127c 
gmake[1]: Leaving directory '/home/randomguy/Desktop/Escuela/Servicio/Renderer/build/CMakeFiles/CMakeTmp'


Source file was:

#include <signal.h>

int main()
{
  (void)sizeof(((struct sigaction *)0)->sa_sigaction);
  return 0;
}

Performing C SOURCE FILE Test HAVE_ST_MTIM succeeded with the following output:
Change Dir: /home/randomguy/Desktop/Escuela/Servicio/Renderer/build/CMakeFiles/CMakeTmp

Run Build Command(s):/usr/bin/gmake -f Makefile cmTC_cc993/fast && /usr/bin/gmake  -f CMakeFiles/cmTC_cc993.dir/build.make CMakeFiles/cmTC_cc993.dir/build
gmake[1]: Entering directory '/home/randomguy/Desktop/Escuela/Servicio/Renderer/build/CMakeFiles/CMakeTmp'
Building C object CMakeFiles/cmTC_cc993.dir/src.c.o
/usr/bin/cc -DHAVE_ST_MTIM  -D_GNU_SOURCE=1 -o CMakeFiles/cmTC_cc993.dir/src.c.o -c /home/randomguy/Desktop/Escuela/Servicio/Renderer/build/CMakeFiles/CMakeTmp/src.c
Linking C executable cmTC_cc993
/usr/bin/cmake -E cmake_link_script CMakeFiles/cmTC_cc993.dir/link.txt --verbose=1
/usr/bin/cc   -D_GNU_SOURCE=1 CMakeFiles/cmTC_cc993.dir/src.c.o -o cmTC_cc993 
gmake[1]: Leaving directory '/home/randomguy/Desktop/Escuela/Servicio/Renderer/build/CMakeFiles/CMakeTmp'


Source file was:

#include <sys/stat.h>

int main()
{
  (void)sizeof(((struct stat *)0)->st_mtim);
  return 0;
}

Determining if the dlopen exist passed with the following output:
Change Dir: /home/randomguy/Desktop/Escuela/Servicio/Renderer/build/CMakeFiles/CMakeTmp

Run Build Command(s):/usr/bin/gmake -f Makefile cmTC_521c9/fast && /usr/bin/gmake  -f CMakeFiles/cmTC_521c9.dir/build.make CMakeFiles/cmTC_521c9.dir/build
gmake[1]: Entering directory '/home/randomguy/Desktop/Escuela/Servicio/Renderer/build/CMakeFiles/CMakeTmp'
Building C object CMakeFiles/cmTC_521c9.dir/CheckSymbolExists.c.o
/usr/bin/cc   -D_GNU_SOURCE=1 -o CMakeFiles/cmTC_521c9.dir/CheckSymbolExists.c.o -c /home/randomguy/Desktop/Escuela/Servicio/Renderer/build/CMakeFiles/CMakeTmp/CheckSymbolExists.c
Linking C executable cmTC_521c9
/usr/bin/cmake -E cmake_link_script CMakeFiles/cmTC_521c9.dir/link.txt --verbose=1
/usr/bin/cc   -D_GNU_SOURCE=1 CMakeFiles/cmTC_521c9.dir/CheckSymbolExists.c.o -o cmTC_521c9 
gmake[1]: Leaving directory '/home/randomguy/Desktop/Escuela/Servicio/Renderer/build/CMakeFiles/CMakeTmp'


File /home/randomguy/Desktop/Escuela/Servicio/Renderer/build/CMakeFiles/CMakeTmp/CheckSymbolExists.c:
/* */
#include <dlfcn.h>

int main(int argc, char** argv)
{
  (void)argv;
#ifndef dlopen
  return ((int*)(&dlopen))[argc];
#else
  (void)argc;
  return 0;
#endif
}
Performing C SOURCE FILE Test HAVE_O_CLOEXEC succeeded with the following output:
Change Dir: /home/randomguy/Desktop/Escuela/Servicio/Renderer/build/CMakeFiles/CMakeTmp

Run Build Command(s):/usr/bin/gmake -f Makefile cmTC_218f6/fast && /usr/bin/gmake  -f CMakeFiles/cmTC_218f6.dir/build.make CMakeFiles/cmTC_218f6.dir/build
gmake[1]: Entering directory '/home/randomguy/Desktop/Escuela/Servicio/Renderer/build/CMakeFiles/CMakeTmp'
Building C object CMakeFiles/cmTC_218f6.dir/src.c.o
/usr/bin/cc -DHAVE_O_CLOEXEC  -D_GNU_SOURCE=1 -o CMakeFiles/cmTC_218f6.dir/src.c.o -c /home/randomguy/Desktop/Escuela/Servicio/Renderer/build/CMakeFiles/CMakeTmp/src.c
Linking C executable cmTC_218f6
/usr/bin/cmake -E cmake_link_script CMakeFiles/cmTC_218f6.dir/link.txt --verbose=1
/usr/bin/cc   -D_GNU_SOURCE=1 CMakeFiles/cmTC_218f6.dir/src.c.o -o cmTC_218f6 
gmake[1]: Leaving directory '/home/randomguy/Desktop/Escuela/Servicio/Renderer/build/CMakeFiles/CMakeTmp'


Source file was:

    #include <fcntl.h>
    int flag = O_CLOEXEC;
    int main(int argc, char **argv) { return 0; }
Performing C SOURCE FILE Test COMPILER_SUPPORTS_ELFNOTES succeeded with the following output:
Change Dir: /home/randomguy/Desktop/Escuela/Servicio/Renderer/build/CMakeFiles/CMakeTmp

Run Build Command(s):/usr/bin/gmake -f Makefile cmTC_b3734/fast && /usr/bin/gmake  -f CMakeFiles/cmTC_b3734.dir/build.make CMakeFiles/cmTC_b3734.dir/build
gmake[1]: Entering directory '/home/randomguy/Desktop/Escuela/Servicio/Renderer/build/CMakeFiles/CMakeTmp'
Building C object CMakeFiles/cmTC_b3734.dir/src.c.o
/usr/bin/cc -DCOMPILER_SUPPORTS_ELFNOTES  -D_GNU_SOURCE=1 -o CMakeFiles/cmTC_b3734.dir/src.c.o -c /home/randomguy/Desktop/Escuela/Servicio/Renderer/build/CMakeFiles/CMakeTmp/src.c
Linking C executable cmTC_b3734
/usr/bin/cmake -E cmake_link_script CMakeFiles/cmTC_b3734.dir/link.txt --verbose=1
/usr/bin/cc   -D_GNU_SOURCE=1 CMakeFiles/cmTC_b3734.dir/src.c.o -o cmTC_b3734 
gmake[1]: Leaving directory '/home/randomguy/Desktop/Escuela/Servicio/Renderer/build/CMakeFiles/CMakeTmp'


Source file was:
    #ifndef __ELF__
      ELF DL notes is only supported on ELF platforms
    #endif
    __attribute__ ((used,aligned(4),section(".note.dlopen"))) static const struct {
      struct { int a; int b; int c; } hdr; char name[4]; __attribute__((aligned(4))) char json[24];
    } dlnote = { { 4, 0x407c0c0aU, 16 }, "FDO", "[\"a\":{\"a\":\"1\",\"b\":\"2\"}]" };
    int main(int argc, char *argv[]) {
      return argc + dlnote.hdr.a;
    }
    
Determining if the function XOpenDisplay exists in the /usr/lib/x86_64-linux-gnu/libX11.so;/usr/lib/x86_64-linux-gnu/libXext.so passed with the following output:
Change Dir: /home/randomguy/Desktop/Escuela/Servicio/Renderer/build/CMakeFiles/CMakeTmp

Run Build Command(s):/usr/bin/gmake -f Makefile cmTC_f301a/fast && /usr/bin/gmake  -f CMakeFiles/cmTC_f301a.dir/build.make CMakeFiles/cmTC_f301a.dir/build
gmake[1]: Entering directory '/home/randomguy/Desktop/Escuela/Servicio/Renderer/build/CMakeFiles/CMakeTmp'
Building C object CMakeFiles/cmTC_f301a.dir/CheckFunctionExists.c.o
/usr/bin/cc   -DCHECK_FUNCTION_EXISTS=XOpenDisplay  -D_GNU_SOURCE=1 -o CMakeFiles/cmTC_f301a.dir/CheckFunctionExists.c.o -c /usr/share/cmake-3.22/Modules/CheckFunctionExists.c
Linking C executable cmTC_f301a
/usr/bin/cmake -E cmake_link_script CMakeFiles/cmTC_f301a.dir/link.txt --verbose=1
/usr/bin/cc  -DCHECK_FUNCTION_EXISTS=XOpenDisplay  -D_GNU_SOURCE=1 CMakeFiles/cmTC_f301a.dir/CheckFunctionExists.c.o -o cmTC_f301a  /usr/lib/x86_64-linux-gnu/libX11.so /usr/lib/x86_64-linux-gnu/libXext.so 
gmake[1]: Leaving directory '/home/randomguy/Desktop/Escuela/Servicio/Renderer/build/CMakeFiles/CMakeTmp'



Determining if the function gethostbyname exists passed with the following output:
Change Dir: /home/randomguy/Desktop/Escuela/Servicio/Renderer/build/CMakeFiles/CMakeTmp

Run Build Command(s):/usr/bin/gmake -f Makefile cmTC_204d3/fast && /usr/bin/gmake  -f CMakeFiles/cmTC_204d3.dir/build.make CMakeFiles/cmTC_204d3.dir/build
gmake[1]: Entering directory '/home/randomguy/Desktop/Escuela/Servicio/Renderer/build/CMakeFiles/CMakeTmp'
Building C object CMakeFiles/cmTC_204d3.dir/CheckFunctionExists.c.o
/usr/bin/cc   -DCHECK_FUNCTION_EXISTS=gethostbyname  -D_GNU_SOURCE=1 -o CMakeFiles/cmTC_204d3.dir/CheckFunctionExists.c.o -c /usr/share/cmake-3.22/Modules/CheckFunctionExists.c
Linking C executable cmTC_204d3
/usr/bin/cmake -E cmake_link_script CMakeFiles/cmTC_204d3.dir/link.txt --verbose=1
/usr/bin/cc  -DCHECK_FUNCTION_EXISTS=gethostbyname  -D_GNU_SOURCE=1 CMakeFiles/cmTC_204d3.dir/CheckFunctionExists.c.o -o cmTC_204d3 
gmake[1]: Leaving directory '/home/randomguy/Desktop/Escuela/Servicio/Renderer/build/CMakeFiles/CMakeTmp'



Determining if the function connect exists passed with the following output:
Change Dir: /home/randomguy/Desktop/Escuela/Servicio/Renderer/build/CMakeFiles/CMakeTmp

Run Build Command(s):/usr/bin/gmake -f Makefile cmTC_0035f/fast && /usr/bin/gmake  -f CMakeFiles/cmTC_0035f.dir/build.make CMakeFiles/cmTC_0035f.dir/build
gmake[1]: Entering directory '/home/randomguy/Desktop/Escuela/Servicio/Renderer/build/CMakeFiles/CMakeTmp'
Building C object CMakeFiles/cmTC_0035f.dir/CheckFunctionExists.c.o
/usr/bin/cc   -DCHECK_FUNCTION_EXISTS=connect  -D_GNU_SOURCE=1 -o CMakeFiles/cmTC_0035f.dir/CheckFunctionExists.c.o -c /usr/share/cmake-3.22/Modules/CheckFunctionExists.c
Linking C executable cmTC_0035f
/usr/bin/cmake -E cmake_link_script CMakeFiles/cmTC_0035f.dir/link.txt --verbose=1
/usr/bin/cc  -DCHECK_FUNCTION_EXISTS=connect  -D_GNU_SOURCE=1 CMakeFiles/cmTC_0035f.dir/CheckFunctionExists.c.o -o cmTC_0035f 
gmake[1]: Leaving directory '/home/randomguy/Desktop/Escuela/Servicio/Renderer/build/CMakeFiles/CMakeTmp'



Determining if the function remove exists passed with the following output:
Change Dir: /home/randomguy/Desktop/Escuela/Servicio/Renderer/build/CMakeFiles/CMakeTmp

Run Build Command(s):/usr/bin/gmake -f Makefile cmTC_a51d8/fast && /usr/bin/gmake  -f CMakeFiles/cmTC_a51d8.dir/build.make CMakeFiles/cmTC_a51d8.dir/build
gmake[1]: Entering directory '/home/randomguy/Desktop/Escuela/Servicio/Renderer/build/CMakeFiles/CMakeTmp'
Building C object CMakeFiles/cmTC_a51d8.dir/CheckFunctionExists.c.o
/usr/bin/cc   -DCHECK_FUNCTION_EXISTS=remove  -D_GNU_SOURCE=1 -o CMakeFiles/cmTC_a51d8.dir/CheckFunctionExists.c.o -c /usr/share/cmake-3.22/Modules/CheckFunctionExists.c
Linking C executable cmTC_a51d8
/usr/bin/cmake -E cmake_link_script CMakeFiles/cmTC_a51d8.dir/link.txt --verbose=1
/usr/bin/cc  -DCHECK_FUNCTION_EXISTS=remove  -D_GNU_SOURCE=1 CMakeFiles/cmTC_a51d8.dir/CheckFunctionExists.c.o -o cmTC_a51d8 
gmake[1]: Leaving directory '/home/randomguy/Desktop/Escuela/Servicio/Renderer/build/CMakeFiles/CMakeTmp'



Determining if the function shmat exists passed with the following output:
Change Dir: /home/randomguy/Desktop/Escuela/Servicio/Renderer/build/CMakeFiles/CMakeTmp

Run Build Command(s):/usr/bin/gmake -f Makefile cmTC_593a3/fast && /usr/bin/gmake  -f CMakeFiles/cmTC_593a3.dir/build.make CMakeFiles/cmTC_593a3.dir/build
gmake[1]: Entering directory '/home/randomguy/Desktop/Escuela/Servicio/Renderer/build/CMakeFiles/CMakeTmp'
Building C object CMakeFiles/cmTC_593a3.dir/CheckFunctionExists.c.o
/usr/bin/cc   -DCHECK_FUNCTION_EXISTS=shmat  -D_GNU_SOURCE=1 -o CMakeFiles/cmTC_593a3.dir/CheckFunctionExists.c.o -c /usr/share/cmake-3.22/Modules/CheckFunctionExists.c
Linking C executable cmTC_593a3
/usr/bin/cmake -E cmake_link_script CMakeFiles/cmTC_593a3.dir/link.txt --verbose=1
/usr/bin/cc  -DCHECK_FUNCTION_EXISTS=shmat  -D_GNU_SOURCE=1 CMakeFiles/cmTC_593a3.dir/CheckFunctionExists.c.o -o cmTC_593a3 
gmake[1]: Leaving directory '/home/randomguy/Desktop/Escuela/Servicio/Renderer/build/CMakeFiles/CMakeTmp'



Determining if the function IceConnectionNumber exists in the ICE passed with the following output:
Change Dir: /home/randomguy/Desktop/Escuela/Servicio/Renderer/build/CMakeFiles/CMakeTmp

Run Build Command(s):/usr/bin/gmake -f Makefile cmTC_35e58/fast && /usr/bin/gmake  -f CMakeFiles/cmTC_35e58.dir/build.make CMakeFiles/cmTC_35e58.dir/build
gmake[1]: Entering directory '/home/randomguy/Desktop/Escuela/Servicio/Renderer/build/CMakeFiles/CMakeTmp'
Building C object CMakeFiles/cmTC_35e58.dir/CheckFunctionExists.c.o
/usr/bin/cc   -DCHECK_FUNCTION_EXISTS=IceConnectionNumber  -D_GNU_SOURCE=1 -o CMakeFiles/cmTC_35e58.dir/CheckFunctionExists.c.o -c /usr/share/cmake-3.22/Modules/CheckFunctionExists.c
Linking C executable cmTC_35e58
/usr/bin/cmake -E cmake_link_script CMakeFiles/cmTC_35e58.dir/link.txt --verbose=1
/usr/bin/cc  -DCHECK_FUNCTION_EXISTS=IceConnectionNumber  -D_GNU_SOURCE=1 CMakeFiles/cmTC_35e58.dir/CheckFunctionExists.c.o -o cmTC_35e58  -lICE 
gmake[1]: Leaving directory '/home/randomguy/Desktop/Escuela/Servicio/Renderer/build/CMakeFiles/CMakeTmp'



Determining if the shmat exist passed with the following output:
Change Dir: /home/randomguy/Desktop/Escuela/Servicio/Renderer/build/CMakeFiles/CMakeTmp

Run Build Command(s):/usr/bin/gmake -f Makefile cmTC_bc628/fast && /usr/bin/gmake  -f CMakeFiles/cmTC_bc628.dir/build.make CMakeFiles/cmTC_bc628.dir/build
gmake[1]: Entering directory '/home/randomguy/Desktop/Escuela/Servicio/Renderer/build/CMakeFiles/CMakeTmp'
Building C object CMakeFiles/cmTC_bc628.dir/CheckSymbolExists.c.o
/usr/bin/cc   -D_GNU_SOURCE=1 -o CMakeFiles/cmTC_bc628.dir/CheckSymbolExists.c.o -c /home/randomguy/Desktop/Escuela/Servicio/Renderer/build/CMakeFiles/CMakeTmp/CheckSymbolExists.c
Linking C executable cmTC_bc628
/usr/bin/cmake -E cmake_link_script CMakeFiles/cmTC_bc628.dir/link.txt --verbose=1
/usr/bin/cc   -D_GNU_SOURCE=1 CMakeFiles/cmTC_bc628.dir/CheckSymbolExists.c.o -o cmTC_bc628 
gmake[1]: Leaving directory '/home/randomguy/Desktop/Escuela/Servicio/Renderer/build/CMakeFiles/CMakeTmp'


File /home/randomguy/Desktop/Escuela/Servicio/Renderer/build/CMakeFiles/CMakeTmp/CheckSymbolExists.c:
/* */
#include <sys/shm.h>

int main(int argc, char** argv)
{
  (void)argv;
#ifndef shmat
  return ((int*)(&shmat))[argc];
#else
  (void)argc;
  return 0;
#endif
}
Performing C SOURCE FILE Test HAVE_XGENERICEVENT succeeded with the following output:
Change Dir: /home/randomguy/Desktop/Escuela/Servicio/Renderer/build/CMakeFiles/CMakeTmp

Run Build Command(s):/usr/bin/gmake -f Makefile cmTC_f145f/fast && /usr/bin/gmake  -f CMakeFiles/cmTC_f145f.dir/build.make CMakeFiles/cmTC_f145f.dir/build
gmake[1]: Entering directory '/home/randomguy/Desktop/Escuela/Servicio/Renderer/build/CMakeFiles/CMakeTmp'
Building C object CMakeFiles/cmTC_f145f.dir/src.c.o
/usr/bin/cc -DHAVE_XGENERICEVENT  -D_GNU_SOURCE=1 -o CMakeFiles/cmTC_f145f.dir/src.c.o -c /home/randomguy/Desktop/Escuela/Servicio/Renderer/build/CMakeFiles/CMakeTmp/src.c
Linking C static library libcmTC_f145f.a
/usr/bin/cmake -P CMakeFiles/cmTC_f145f.dir/cmake_clean_target.cmake
/usr/bin/cmake -E cmake_link_script CMakeFiles/cmTC_f145f.dir/link.txt --verbose=1
/usr/bin/ar qc libcmTC_f145f.a CMakeFiles/cmTC_f145f.dir/src.c.o
/usr/bin/ranlib libcmTC_f145f.a
gmake[1]: Leaving directory '/home/randomguy/Desktop/Escuela/Servicio/Renderer/build/CMakeFiles/CMakeTmp'


Source file was:

          #include <X11/Xlib.h>
          int main(int argc, char **argv) {
            Display *display;
            XEvent event;
            XGenericEventCookie *cookie = &event.xcookie;
            XNextEvent(display, &event);
            XGetEventData(display, cookie);
            XFreeEventData(display, cookie);
            return 0; }
Determining if the include file X11/XKBlib.h exists passed with the following output:
Change Dir: /home/randomguy/Desktop/Escuela/Servicio/Renderer/build/CMakeFiles/CMakeTmp

Run Build Command(s):/usr/bin/gmake -f Makefile cmTC_61e9d/fast && /usr/bin/gmake  -f CMakeFiles/cmTC_61e9d.dir/build.make CMakeFiles/cmTC_61e9d.dir/build
gmake[1]: Entering directory '/home/randomguy/Desktop/Escuela/Servicio/Renderer/build/CMakeFiles/CMakeTmp'
Building C object CMakeFiles/cmTC_61e9d.dir/CheckIncludeFile.c.o
/usr/bin/cc   -D_GNU_SOURCE=1 -o CMakeFiles/cmTC_61e9d.dir/CheckIncludeFile.c.o -c /home/randomguy/Desktop/Escuela/Servicio/Renderer/build/CMakeFiles/CMakeTmp/CheckIncludeFile.c
Linking C executable cmTC_61e9d
/usr/bin/cmake -E cmake_link_script CMakeFiles/cmTC_61e9d.dir/link.txt --verbose=1
/usr/bin/cc   -D_GNU_SOURCE=1 CMakeFiles/cmTC_61e9d.dir/CheckIncludeFile.c.o -o cmTC_61e9d  /usr/lib/x86_64-linux-gnu/libX11.so 
gmake[1]: Leaving directory '/home/randomguy/Desktop/Escuela/Servicio/Renderer/build/CMakeFiles/CMakeTmp'



Performing C SOURCE FILE Test HAVE_XINPUT2_SCROLLINFO succeeded with the following output:
Change Dir: /home/randomguy/Desktop/Escuela/Servicio/Renderer/build/CMakeFiles/CMakeTmp

Run Build Command(s):/usr/bin/gmake -f Makefile cmTC_d113d/fast && /usr/bin/gmake  -f CMakeFiles/cmTC_d113d.dir/build.make CMakeFiles/cmTC_d113d.dir/build
gmake[1]: Entering directory '/home/randomguy/Desktop/Escuela/Servicio/Renderer/build/CMakeFiles/CMakeTmp'
Building C object CMakeFiles/cmTC_d113d.dir/src.c.o
/usr/bin/cc -DHAVE_XINPUT2_SCROLLINFO  -D_GNU_SOURCE=1 -o CMakeFiles/cmTC_d113d.dir/src.c.o -c /home/randomguy/Desktop/Escuela/Servicio/Renderer/build/CMakeFiles/CMakeTmp/src.c
Linking C executable cmTC_d113d
/usr/bin/cmake -E cmake_link_script CMakeFiles/cmTC_d113d.dir/link.txt --verbose=1
/usr/bin/cc   -D_GNU_SOURCE=1 CMakeFiles/cmTC_d113d.dir/src.c.o -o cmTC_d113d  /usr/lib/x86_64-linux-gnu/libX11.so 
gmake[1]: Leaving directory '/home/randomguy/Desktop/Escuela/Servicio/Renderer/build/CMakeFiles/CMakeTmp'


Source file was:

            #include <X11/Xlib.h>
            #include <X11/Xproto.h>
            #include <X11/extensions/XInput2.h>
            XIScrollClassInfo *s;
            int main(int argc, char **argv) {}
Performing C SOURCE FILE Test HAVE_XINPUT2_MULTITOUCH succeeded with the following output:
Change Dir: /home/randomguy/Desktop/Escuela/Servicio/Renderer/build/CMakeFiles/CMakeTmp

Run Build Command(s):/usr/bin/gmake -f Makefile cmTC_b3382/fast && /usr/bin/gmake  -f CMakeFiles/cmTC_b3382.dir/build.make CMakeFiles/cmTC_b3382.dir/build
gmake[1]: Entering directory '/home/randomguy/Desktop/Escuela/Servicio/Renderer/build/CMakeFiles/CMakeTmp'
Building C object CMakeFiles/cmTC_b3382.dir/src.c.o
/usr/bin/cc -DHAVE_XINPUT2_MULTITOUCH  -D_GNU_SOURCE=1 -o CMakeFiles/cmTC_b3382.dir/src.c.o -c /home/randomguy/Desktop/Escuela/Servicio/Renderer/build/CMakeFiles/CMakeTmp/src.c
Linking C static library libcmTC_b3382.a
/usr/bin/cmake -P CMakeFiles/cmTC_b3382.dir/cmake_clean_target.cmake
/usr/bin/cmake -E cmake_link_script CMakeFiles/cmTC_b3382.dir/link.txt --verbose=1
/usr/bin/ar qc libcmTC_b3382.a CMakeFiles/cmTC_b3382.dir/src.c.o
/usr/bin/ranlib libcmTC_b3382.a
gmake[1]: Leaving directory '/home/randomguy/Desktop/Escuela/Servicio/Renderer/build/CMakeFiles/CMakeTmp'


Source file was:

            #include <X11/Xlib.h>
            #include <X11/Xproto.h>
            #include <X11/extensions/XInput2.h>
            int event_type = XI_TouchBegin;
            XITouchClassInfo *t;
            Status XIAllowTouchEvents(Display *a,int b,unsigned int c,Window d,int f) {
              return (Status)0;
            }
            int main(int argc, char **argv) { return 0; }
Performing C SOURCE FILE Test HAVE_XINPUT2_GESTURE succeeded with the following output:
Change Dir: /home/randomguy/Desktop/Escuela/Servicio/Renderer/build/CMakeFiles/CMakeTmp

Run Build Command(s):/usr/bin/gmake -f Makefile cmTC_d3ac6/fast && /usr/bin/gmake  -f CMakeFiles/cmTC_d3ac6.dir/build.make CMakeFiles/cmTC_d3ac6.dir/build
gmake[1]: Entering directory '/home/randomguy/Desktop/Escuela/Servicio/Renderer/build/CMakeFiles/CMakeTmp'
Building C object CMakeFiles/cmTC_d3ac6.dir/src.c.o
/usr/bin/cc -DHAVE_XINPUT2_GESTURE  -D_GNU_SOURCE=1 -o CMakeFiles/cmTC_d3ac6.dir/src.c.o -c /home/randomguy/Desktop/Escuela/Servicio/Renderer/build/CMakeFiles/CMakeTmp/src.c
Linking C executable cmTC_d3ac6
/usr/bin/cmake -E cmake_link_script CMakeFiles/cmTC_d3ac6.dir/link.txt --verbose=1
/usr/bin/cc   -D_GNU_SOURCE=1 CMakeFiles/cmTC_d3ac6.dir/src.c.o -o cmTC_d3ac6  /usr/lib/x86_64-linux-gnu/libX11.so 
gmake[1]: Leaving directory '/home/randomguy/Desktop/Escuela/Servicio/Renderer/build/CMakeFiles/CMakeTmp'


Source file was:

            #include <X11/Xlib.h>
            #include <X11/Xproto.h>
            #include <X11/extensions/XInput2.h>
            int event_type = XI_GesturePinchBegin;
            XITouchClassInfo *t;
            Status XIAllowTouchEvents(Display *a,int b,unsigned int c,Window d,int f) {
              return (Status)0;
            }
            int main(int argc, char **argv) { return 0; }
Performing C SOURCE FILE Test HAVE_XFIXES_H succeeded with the following output:
Change Dir: /home/randomguy/Desktop/Escuela/Servicio/Renderer/build/CMakeFiles/CMakeTmp

Run Build Command(s):/usr/bin/gmake -f Makefile cmTC_b1fe2/fast && /usr/bin/gmake  -f CMakeFiles/cmTC_b1fe2.dir/build.make CMakeFiles/cmTC_b1fe2.dir/build
gmake[1]: Entering directory '/home/randomguy/Desktop/Escuela/Servicio/Renderer/build/CMakeFiles/CMakeTmp'
Building C object CMakeFiles/cmTC_b1fe2.dir/src.c.o
/usr/bin/cc -DHAVE_XFIXES_H  -D_GNU_SOURCE=1 -o CMakeFiles/cmTC_b1fe2.dir/src.c.o -c /home/randomguy/Desktop/Escuela/Servicio/Renderer/build/CMakeFiles/CMakeTmp/src.c
Linking C static library libcmTC_b1fe2.a
/usr/bin/cmake -P CMakeFiles/cmTC_b1fe2.dir/cmake_clean_target.cmake
/usr/bin/cmake -E cmake_link_script CMakeFiles/cmTC_b1fe2.dir/link.txt --verbose=1
/usr/bin/ar qc libcmTC_b1fe2.a CMakeFiles/cmTC_b1fe2.dir/src.c.o
/usr/bin/ranlib libcmTC_b1fe2.a
gmake[1]: Leaving directory '/home/randomguy/Desktop/Escuela/Servicio/Renderer/build/CMakeFiles/CMakeTmp'


Source file was:

            #include <X11/Xlib.h>
            #include <X11/Xproto.h>
            #include <X11/extensions/XInput2.h>
            #include <X11/extensions/Xfixes.h>
            BarrierEventID b;
            int main(int argc, char **argv) { return 0; }
Performing C SOURCE FILE Test HAVE_OPENGL_EGL succeeded with the following output:
Change Dir: /home/randomguy/Desktop/Escuela/Servicio/Renderer/build/CMakeFiles/CMakeTmp

Run Build Command(s):/usr/bin/gmake -f Makefile cmTC_06a79/fast && /usr/bin/gmake  -f CMakeFiles/cmTC_06a79.dir/build.make CMakeFiles/cmTC_06a79.dir/build
gmake[1]: Entering directory '/home/randomguy/Desktop/Escuela/Servicio/Renderer/build/CMakeFiles/CMakeTmp'
Building C object CMakeFiles/cmTC_06a79.dir/src.c.o
/usr/bin/cc -DHAVE_OPENGL_EGL -I/home/randomguy/Desktop/Escuela/Servicio/Renderer/sdl3/vendored/SDL/src/video/khronos -D_GNU_SOURCE=1 -o CMakeFiles/cmTC_06a79.dir/src.c.o -c /home/randomguy/Desktop/Escuela/Servicio/Renderer/build/CMakeFiles/CMakeTmp/src.c
Linking C executable cmTC_06a79
/usr/bin/cmake -E cmake_link_script CMakeFiles/cmTC_06a79.dir/link.txt --verbose=1
/usr/bin/cc   -D_GNU_SOURCE=1 CMakeFiles/cmTC_06a79.dir/src.c.o -o cmTC_06a79 
gmake[1]: Leaving directory '/home/randomguy/Desktop/Escuela/Servicio/Renderer/build/CMakeFiles/CMakeTmp'


Source file was:

        #define EGL_API_FB
        #define MESA_EGL_NO_X11_HEADERS
        #define EGL_NO_X11
        #include <EGL/egl.h>
        #include <EGL/eglext.h>
        int main (int argc, char** argv) { return 0; }
Performing C SOURCE FILE Test HAVE_OPENGL_GLX succeeded with the following output:
Change Dir: /home/randomguy/Desktop/Escuela/Servicio/Renderer/build/CMakeFiles/CMakeTmp

Run Build Command(s):/usr/bin/gmake -f Makefile cmTC_199c5/fast && /usr/bin/gmake  -f CMakeFiles/cmTC_199c5.dir/build.make CMakeFiles/cmTC_199c5.dir/build
gmake[1]: Entering directory '/home/randomguy/Desktop/Escuela/Servicio/Renderer/build/CMakeFiles/CMakeTmp'
Building C object CMakeFiles/cmTC_199c5.dir/src.c.o
/usr/bin/cc -DHAVE_OPENGL_GLX  -D_GNU_SOURCE=1 -o CMakeFiles/cmTC_199c5.dir/src.c.o -c /home/randomguy/Desktop/Escuela/Servicio/Renderer/build/CMakeFiles/CMakeTmp/src.c
Linking C executable cmTC_199c5
/usr/bin/cmake -E cmake_link_script CMakeFiles/cmTC_199c5.dir/link.txt --verbose=1
/usr/bin/cc   -D_GNU_SOURCE=1 CMakeFiles/cmTC_199c5.dir/src.c.o -o cmTC_199c5 
gmake[1]: Leaving directory '/home/randomguy/Desktop/Escuela/Servicio/Renderer/build/CMakeFiles/CMakeTmp'


Source file was:

        #include <GL/glx.h>
        int main(int argc, char** argv) { return 0; }
Performing C SOURCE FILE Test HAVE_OPENGL succeeded with the following output:
Change Dir: /home/randomguy/Desktop/Escuela/Servicio/Renderer/build/CMakeFiles/CMakeTmp

Run Build Command(s):/usr/bin/gmake -f Makefile cmTC_a27fd/fast && /usr/bin/gmake  -f CMakeFiles/cmTC_a27fd.dir/build.make CMakeFiles/cmTC_a27fd.dir/build
gmake[1]: Entering directory '/home/randomguy/Desktop/Escuela/Servicio/Renderer/build/CMakeFiles/CMakeTmp'
Building C object CMakeFiles/cmTC_a27fd.dir/src.c.o
/usr/bin/cc -DHAVE_OPENGL  -D_GNU_SOURCE=1 -o CMakeFiles/cmTC_a27fd.dir/src.c.o -c /home/randomguy/Desktop/Escuela/Servicio/Renderer/build/CMakeFiles/CMakeTmp/src.c
Linking C executable cmTC_a27fd
/usr/bin/cmake -E cmake_link_script CMakeFiles/cmTC_a27fd.dir/link.txt --verbose=1
/usr/bin/cc   -D_GNU_SOURCE=1 CMakeFiles/cmTC_a27fd.dir/src.c.o -o cmTC_a27fd 
gmake[1]: Leaving directory '/home/randomguy/Desktop/Escuela/Servicio/Renderer/build/CMakeFiles/CMakeTmp'


Source file was:

        #include <GL/gl.h>
        #include <GL/glext.h>
        int main(int argc, char** argv) { return 0; }
Performing C SOURCE FILE Test HAVE_OPENGLES_V1 succeeded with the following output:
Change Dir: /home/randomguy/Desktop/Escuela/Servicio/Renderer/build/CMakeFiles/CMakeTmp

Run Build Command(s):/usr/bin/gmake -f Makefile cmTC_417db/fast && /usr/bin/gmake  -f CMakeFiles/cmTC_417db.dir/build.make CMakeFiles/cmTC_417db.dir/build
gmake[1]: Entering directory '/home/randomguy/Desktop/Escuela/Servicio/Renderer/build/CMakeFiles/CMakeTmp'
Building C object CMakeFiles/cmTC_417db.dir/src.c.o
/usr/bin/cc -DHAVE_OPENGLES_V1 -I/home/randomguy/Desktop/Escuela/Servicio/Renderer/sdl3/vendored/SDL/src/video/khronos -D_GNU_SOURCE=1 -o CMakeFiles/cmTC_417db.dir/src.c.o -c /home/randomguy/Desktop/Escuela/Servicio/Renderer/build/CMakeFiles/CMakeTmp/src.c
Linking C executable cmTC_417db
/usr/bin/cmake -E cmake_link_script CMakeFiles/cmTC_417db.dir/link.txt --verbose=1
/usr/bin/cc   -D_GNU_SOURCE=1 CMakeFiles/cmTC_417db.dir/src.c.o -o cmTC_417db 
gmake[1]: Leaving directory '/home/randomguy/Desktop/Escuela/Servicio/Renderer/build/CMakeFiles/CMakeTmp'


Source file was:

        #include <GLES/gl.h>
        #include <GLES/glext.h>
        int main (int argc, char** argv) { return 0; }
Performing C SOURCE FILE Test HAVE_OPENGLES_V2 succeeded with the following output:
Change Dir: /home/randomguy/Desktop/Escuela/Servicio/Renderer/build/CMakeFiles/CMakeTmp

Run Build Command(s):/usr/bin/gmake -f Makefile cmTC_88594/fast && /usr/bin/gmake  -f CMakeFiles/cmTC_88594.dir/build.make CMakeFiles/cmTC_88594.dir/build
gmake[1]: Entering directory '/home/randomguy/Desktop/Escuela/Servicio/Renderer/build/CMakeFiles/CMakeTmp'
Building C object CMakeFiles/cmTC_88594.dir/src.c.o
/usr/bin/cc -DHAVE_OPENGLES_V2 -I/home/randomguy/Desktop/Escuela/Servicio/Renderer/sdl3/vendored/SDL/src/video/khronos -D_GNU_SOURCE=1 -o CMakeFiles/cmTC_88594.dir/src.c.o -c /home/randomguy/Desktop/Escuela/Servicio/Renderer/build/CMakeFiles/CMakeTmp/src.c
Linking C executable cmTC_88594
/usr/bin/cmake -E cmake_link_script CMakeFiles/cmTC_88594.dir/link.txt --verbose=1
/usr/bin/cc   -D_GNU_SOURCE=1 CMakeFiles/cmTC_88594.dir/src.c.o -o cmTC_88594 
gmake[1]: Leaving directory '/home/randomguy/Desktop/Escuela/Servicio/Renderer/build/CMakeFiles/CMakeTmp'


Source file was:

      #include <GLES2/gl2.h>
      #include <GLES2/gl2ext.h>
      int main (int argc, char** argv) { return 0; }
Performing C SOURCE FILE Test HAVE_LINUX_INPUT_H succeeded with the following output:
Change Dir: /home/randomguy/Desktop/Escuela/Servicio/Renderer/build/CMakeFiles/CMakeTmp

Run Build Command(s):/usr/bin/gmake -f Makefile cmTC_3c297/fast && /usr/bin/gmake  -f CMakeFiles/cmTC_3c297.dir/build.make CMakeFiles/cmTC_3c297.dir/build
gmake[1]: Entering directory '/home/randomguy/Desktop/Escuela/Servicio/Renderer/build/CMakeFiles/CMakeTmp'
Building C object CMakeFiles/cmTC_3c297.dir/src.c.o
/usr/bin/cc -DHAVE_LINUX_INPUT_H  -D_GNU_SOURCE=1 -o CMakeFiles/cmTC_3c297.dir/src.c.o -c /home/randomguy/Desktop/Escuela/Servicio/Renderer/build/CMakeFiles/CMakeTmp/src.c
Linking C executable cmTC_3c297
/usr/bin/cmake -E cmake_link_script CMakeFiles/cmTC_3c297.dir/link.txt --verbose=1
/usr/bin/cc   -D_GNU_SOURCE=1 CMakeFiles/cmTC_3c297.dir/src.c.o -o cmTC_3c297 
gmake[1]: Leaving directory '/home/randomguy/Desktop/Escuela/Servicio/Renderer/build/CMakeFiles/CMakeTmp'


Source file was:

        #include <linux/input.h>
        #ifndef EVIOCGNAME
        #error EVIOCGNAME() ioctl not available
        #endif
        int main(int argc, char** argv) { return 0; }
Performing C SOURCE FILE Test HAVE_INPUT_KD succeeded with the following output:
Change Dir: /home/randomguy/Desktop/Escuela/Servicio/Renderer/build/CMakeFiles/CMakeTmp

Run Build Command(s):/usr/bin/gmake -f Makefile cmTC_e8876/fast && /usr/bin/gmake  -f CMakeFiles/cmTC_e8876.dir/build.make CMakeFiles/cmTC_e8876.dir/build
gmake[1]: Entering directory '/home/randomguy/Desktop/Escuela/Servicio/Renderer/build/CMakeFiles/CMakeTmp'
Building C object CMakeFiles/cmTC_e8876.dir/src.c.o
/usr/bin/cc -DHAVE_INPUT_KD  -D_GNU_SOURCE=1 -o CMakeFiles/cmTC_e8876.dir/src.c.o -c /home/randomguy/Desktop/Escuela/Servicio/Renderer/build/CMakeFiles/CMakeTmp/src.c
Linking C executable cmTC_e8876
/usr/bin/cmake -E cmake_link_script CMakeFiles/cmTC_e8876.dir/link.txt --verbose=1
/usr/bin/cc   -D_GNU_SOURCE=1 CMakeFiles/cmTC_e8876.dir/src.c.o -o cmTC_e8876 
gmake[1]: Leaving directory '/home/randomguy/Desktop/Escuela/Servicio/Renderer/build/CMakeFiles/CMakeTmp'


Source file was:

          #include <linux/kd.h>
          #include <linux/keyboard.h>
          #include <sys/ioctl.h>
          int main(int argc, char **argv) {
              struct kbentry kbe;
              kbe.kb_table = KG_CTRL;
              ioctl(0, KDGKBENT, &kbe);
              return 0;
          }
Performing C SOURCE FILE Test HAVE_LINUX_VIDEODEV2_H succeeded with the following output:
Change Dir: /home/randomguy/Desktop/Escuela/Servicio/Renderer/build/CMakeFiles/CMakeTmp

Run Build Command(s):/usr/bin/gmake -f Makefile cmTC_171f9/fast && /usr/bin/gmake  -f CMakeFiles/cmTC_171f9.dir/build.make CMakeFiles/cmTC_171f9.dir/build
gmake[1]: Entering directory '/home/randomguy/Desktop/Escuela/Servicio/Renderer/build/CMakeFiles/CMakeTmp'
Building C object CMakeFiles/cmTC_171f9.dir/src.c.o
/usr/bin/cc -DHAVE_LINUX_VIDEODEV2_H  -D_GNU_SOURCE=1 -o CMakeFiles/cmTC_171f9.dir/src.c.o -c /home/randomguy/Desktop/Escuela/Servicio/Renderer/build/CMakeFiles/CMakeTmp/src.c
Linking C executable cmTC_171f9
/usr/bin/cmake -E cmake_link_script CMakeFiles/cmTC_171f9.dir/link.txt --verbose=1
/usr/bin/cc   -D_GNU_SOURCE=1 CMakeFiles/cmTC_171f9.dir/src.c.o -o cmTC_171f9 
gmake[1]: Leaving directory '/home/randomguy/Desktop/Escuela/Servicio/Renderer/build/CMakeFiles/CMakeTmp'


Source file was:

          #include <linux/videodev2.h>
          int main(int argc, char** argv) { return 0; }
Determining if the include file libudev.h exists passed with the following output:
Change Dir: /home/randomguy/Desktop/Escuela/Servicio/Renderer/build/CMakeFiles/CMakeTmp

Run Build Command(s):/usr/bin/gmake -f Makefile cmTC_b4f2e/fast && /usr/bin/gmake  -f CMakeFiles/cmTC_b4f2e.dir/build.make CMakeFiles/cmTC_b4f2e.dir/build
gmake[1]: Entering directory '/home/randomguy/Desktop/Escuela/Servicio/Renderer/build/CMakeFiles/CMakeTmp'
Building C object CMakeFiles/cmTC_b4f2e.dir/CheckIncludeFile.c.o
/usr/bin/cc   -D_GNU_SOURCE=1 -o CMakeFiles/cmTC_b4f2e.dir/CheckIncludeFile.c.o -c /home/randomguy/Desktop/Escuela/Servicio/Renderer/build/CMakeFiles/CMakeTmp/CheckIncludeFile.c
Linking C executable cmTC_b4f2e
/usr/bin/cmake -E cmake_link_script CMakeFiles/cmTC_b4f2e.dir/link.txt --verbose=1
/usr/bin/cc   -D_GNU_SOURCE=1 CMakeFiles/cmTC_b4f2e.dir/CheckIncludeFile.c.o -o cmTC_b4f2e 
gmake[1]: Leaving directory '/home/randomguy/Desktop/Escuela/Servicio/Renderer/build/CMakeFiles/CMakeTmp'



Determining if the include file sys/inotify.h exists passed with the following output:
Change Dir: /home/randomguy/Desktop/Escuela/Servicio/Renderer/build/CMakeFiles/CMakeTmp

Run Build Command(s):/usr/bin/gmake -f Makefile cmTC_b5f8b/fast && /usr/bin/gmake  -f CMakeFiles/cmTC_b5f8b.dir/build.make CMakeFiles/cmTC_b5f8b.dir/build
gmake[1]: Entering directory '/home/randomguy/Desktop/Escuela/Servicio/Renderer/build/CMakeFiles/CMakeTmp'
Building C object CMakeFiles/cmTC_b5f8b.dir/CheckIncludeFile.c.o
/usr/bin/cc   -D_GNU_SOURCE=1 -o CMakeFiles/cmTC_b5f8b.dir/CheckIncludeFile.c.o -c /home/randomguy/Desktop/Escuela/Servicio/Renderer/build/CMakeFiles/CMakeTmp/CheckIncludeFile.c
Linking C executable cmTC_b5f8b
/usr/bin/cmake -E cmake_link_script CMakeFiles/cmTC_b5f8b.dir/link.txt --verbose=1
/usr/bin/cc   -D_GNU_SOURCE=1 CMakeFiles/cmTC_b5f8b.dir/CheckIncludeFile.c.o -o cmTC_b5f8b 
gmake[1]: Leaving directory '/home/randomguy/Desktop/Escuela/Servicio/Renderer/build/CMakeFiles/CMakeTmp'



Determining if the inotify_init exist passed with the following output:
Change Dir: /home/randomguy/Desktop/Escuela/Servicio/Renderer/build/CMakeFiles/CMakeTmp

Run Build Command(s):/usr/bin/gmake -f Makefile cmTC_78f85/fast && /usr/bin/gmake  -f CMakeFiles/cmTC_78f85.dir/build.make CMakeFiles/cmTC_78f85.dir/build
gmake[1]: Entering directory '/home/randomguy/Desktop/Escuela/Servicio/Renderer/build/CMakeFiles/CMakeTmp'
Building C object CMakeFiles/cmTC_78f85.dir/CheckSymbolExists.c.o
/usr/bin/cc   -D_GNU_SOURCE=1 -o CMakeFiles/cmTC_78f85.dir/CheckSymbolExists.c.o -c /home/randomguy/Desktop/Escuela/Servicio/Renderer/build/CMakeFiles/CMakeTmp/CheckSymbolExists.c
Linking C executable cmTC_78f85
/usr/bin/cmake -E cmake_link_script CMakeFiles/cmTC_78f85.dir/link.txt --verbose=1
/usr/bin/cc   -D_GNU_SOURCE=1 CMakeFiles/cmTC_78f85.dir/CheckSymbolExists.c.o -o cmTC_78f85 
gmake[1]: Leaving directory '/home/randomguy/Desktop/Escuela/Servicio/Renderer/build/CMakeFiles/CMakeTmp'


File /home/randomguy/Desktop/Escuela/Servicio/Renderer/build/CMakeFiles/CMakeTmp/CheckSymbolExists.c:
/* */
#include <sys/inotify.h>

int main(int argc, char** argv)
{
  (void)argv;
#ifndef inotify_init
  return ((int*)(&inotify_init))[argc];
#else
  (void)argc;
  return 0;
#endif
}
Determining if the inotify_init1 exist passed with the following output:
Change Dir: /home/randomguy/Desktop/Escuela/Servicio/Renderer/build/CMakeFiles/CMakeTmp

Run Build Command(s):/usr/bin/gmake -f Makefile cmTC_d1028/fast && /usr/bin/gmake  -f CMakeFiles/cmTC_d1028.dir/build.make CMakeFiles/cmTC_d1028.dir/build
gmake[1]: Entering directory '/home/randomguy/Desktop/Escuela/Servicio/Renderer/build/CMakeFiles/CMakeTmp'
Building C object CMakeFiles/cmTC_d1028.dir/CheckSymbolExists.c.o
/usr/bin/cc   -D_GNU_SOURCE=1 -o CMakeFiles/cmTC_d1028.dir/CheckSymbolExists.c.o -c /home/randomguy/Desktop/Escuela/Servicio/Renderer/build/CMakeFiles/CMakeTmp/CheckSymbolExists.c
Linking C executable cmTC_d1028
/usr/bin/cmake -E cmake_link_script CMakeFiles/cmTC_d1028.dir/link.txt --verbose=1
/usr/bin/cc   -D_GNU_SOURCE=1 CMakeFiles/cmTC_d1028.dir/CheckSymbolExists.c.o -o cmTC_d1028 
gmake[1]: Leaving directory '/home/randomguy/Desktop/Escuela/Servicio/Renderer/build/CMakeFiles/CMakeTmp'


File /home/randomguy/Desktop/Escuela/Servicio/Renderer/build/CMakeFiles/CMakeTmp/CheckSymbolExists.c:
/* */
#include <sys/inotify.h>

int main(int argc, char** argv)
{
  (void)argv;
#ifndef inotify_init1
  return ((int*)(&inotify_init1))[argc];
#else
  (void)argc;
  return 0;
#endif
}
Performing C SOURCE FILE Test HAVE_PTHREADS succeeded with the following output:
Change Dir: /home/randomguy/Desktop/Escuela/Servicio/Renderer/build/CMakeFiles/CMakeTmp

Run Build Command(s):/usr/bin/gmake -f Makefile cmTC_60d7d/fast && /usr/bin/gmake  -f CMakeFiles/cmTC_60d7d.dir/build.make CMakeFiles/cmTC_60d7d.dir/build
gmake[1]: Entering directory '/home/randomguy/Desktop/Escuela/Servicio/Renderer/build/CMakeFiles/CMakeTmp'
Building C object CMakeFiles/cmTC_60d7d.dir/src.c.o
/usr/bin/cc -DHAVE_PTHREADS  -D_GNU_SOURCE=1 -D_REENTRANT -pthread -o CMakeFiles/cmTC_60d7d.dir/src.c.o -c /home/randomguy/Desktop/Escuela/Servicio/Renderer/build/CMakeFiles/CMakeTmp/src.c
Linking C executable cmTC_60d7d
/usr/bin/cmake -E cmake_link_script CMakeFiles/cmTC_60d7d.dir/link.txt --verbose=1
/usr/bin/cc   -D_GNU_SOURCE=1 -D_REENTRANT -pthread CMakeFiles/cmTC_60d7d.dir/src.c.o -o cmTC_60d7d 
gmake[1]: Leaving directory '/home/randomguy/Desktop/Escuela/Servicio/Renderer/build/CMakeFiles/CMakeTmp'


Source file was:

        #include <pthread.h>
        int main(int argc, char** argv) {
          pthread_attr_t type;
          pthread_attr_init(&type);
          return 0;
        }
Performing C SOURCE FILE Test HAVE_RECURSIVE_MUTEXES succeeded with the following output:
Change Dir: /home/randomguy/Desktop/Escuela/Servicio/Renderer/build/CMakeFiles/CMakeTmp

Run Build Command(s):/usr/bin/gmake -f Makefile cmTC_c52f4/fast && /usr/bin/gmake  -f CMakeFiles/cmTC_c52f4.dir/build.make CMakeFiles/cmTC_c52f4.dir/build
gmake[1]: Entering directory '/home/randomguy/Desktop/Escuela/Servicio/Renderer/build/CMakeFiles/CMakeTmp'
Building C object CMakeFiles/cmTC_c52f4.dir/src.c.o
/usr/bin/cc -DHAVE_RECURSIVE_MUTEXES  -D_GNU_SOURCE=1 -D_REENTRANT -pthread -o CMakeFiles/cmTC_c52f4.dir/src.c.o -c /home/randomguy/Desktop/Escuela/Servicio/Renderer/build/CMakeFiles/CMakeTmp/src.c
Linking C executable cmTC_c52f4
/usr/bin/cmake -E cmake_link_script CMakeFiles/cmTC_c52f4.dir/link.txt --verbose=1
/usr/bin/cc   -D_GNU_SOURCE=1 -D_REENTRANT -pthread CMakeFiles/cmTC_c52f4.dir/src.c.o -o cmTC_c52f4 
gmake[1]: Leaving directory '/home/randomguy/Desktop/Escuela/Servicio/Renderer/build/CMakeFiles/CMakeTmp'


Source file was:

        #include <pthread.h>
        int main(int argc, char **argv) {
          pthread_mutexattr_t attr;
          pthread_mutexattr_settype(&attr, PTHREAD_MUTEX_RECURSIVE);
          return 0;
        }
Performing C SOURCE FILE Test HAVE_PTHREADS_SEM succeeded with the following output:
Change Dir: /home/randomguy/Desktop/Escuela/Servicio/Renderer/build/CMakeFiles/CMakeTmp

Run Build Command(s):/usr/bin/gmake -f Makefile cmTC_e0a01/fast && /usr/bin/gmake  -f CMakeFiles/cmTC_e0a01.dir/build.make CMakeFiles/cmTC_e0a01.dir/build
gmake[1]: Entering directory '/home/randomguy/Desktop/Escuela/Servicio/Renderer/build/CMakeFiles/CMakeTmp'
Building C object CMakeFiles/cmTC_e0a01.dir/src.c.o
/usr/bin/cc -DHAVE_PTHREADS_SEM  -D_GNU_SOURCE=1 -D_REENTRANT -pthread -o CMakeFiles/cmTC_e0a01.dir/src.c.o -c /home/randomguy/Desktop/Escuela/Servicio/Renderer/build/CMakeFiles/CMakeTmp/src.c
Linking C executable cmTC_e0a01
/usr/bin/cmake -E cmake_link_script CMakeFiles/cmTC_e0a01.dir/link.txt --verbose=1
/usr/bin/cc   -D_GNU_SOURCE=1 -D_REENTRANT -pthread CMakeFiles/cmTC_e0a01.dir/src.c.o -o cmTC_e0a01 
gmake[1]: Leaving directory '/home/randomguy/Desktop/Escuela/Servicio/Renderer/build/CMakeFiles/CMakeTmp'


Source file was:
#include <pthread.h>
                                 #include <semaphore.h>
                                 int main(int argc, char **argv) { return 0; }
Performing C SOURCE FILE Test COMPILER_HAS_SEM_TIMEDWAIT succeeded with the following output:
Change Dir: /home/randomguy/Desktop/Escuela/Servicio/Renderer/build/CMakeFiles/CMakeTmp

Run Build Command(s):/usr/bin/gmake -f Makefile cmTC_0a3b3/fast && /usr/bin/gmake  -f CMakeFiles/cmTC_0a3b3.dir/build.make CMakeFiles/cmTC_0a3b3.dir/build
gmake[1]: Entering directory '/home/randomguy/Desktop/Escuela/Servicio/Renderer/build/CMakeFiles/CMakeTmp'
Building C object CMakeFiles/cmTC_0a3b3.dir/src.c.o
/usr/bin/cc -DCOMPILER_HAS_SEM_TIMEDWAIT  -D_GNU_SOURCE=1 -D_REENTRANT -pthread -o CMakeFiles/cmTC_0a3b3.dir/src.c.o -c /home/randomguy/Desktop/Escuela/Servicio/Renderer/build/CMakeFiles/CMakeTmp/src.c
/home/randomguy/Desktop/Escuela/Servicio/Renderer/build/CMakeFiles/CMakeTmp/src.c: In function ‘main’:
/home/randomguy/Desktop/Escuela/Servicio/Renderer/build/CMakeFiles/CMakeTmp/src.c:5:19: warning: argument 1 null where non-null expected [-Wnonnull]
    5 |                   sem_timedwait(NULL, NULL);
      |                   ^~~~~~~~~~~~~
In file included from /home/randomguy/Desktop/Escuela/Servicio/Renderer/build/CMakeFiles/CMakeTmp/src.c:3:
/usr/include/semaphore.h:63:12: note: in a call to function ‘sem_timedwait’ declared ‘nonnull’
   63 | extern int sem_timedwait (sem_t *__restrict __sem,
      |            ^~~~~~~~~~~~~
/home/randomguy/Desktop/Escuela/Servicio/Renderer/build/CMakeFiles/CMakeTmp/src.c:5:19: warning: argument 2 null where non-null expected [-Wnonnull]
    5 |                   sem_timedwait(NULL, NULL);
      |                   ^~~~~~~~~~~~~
In file included from /home/randomguy/Desktop/Escuela/Servicio/Renderer/build/CMakeFiles/CMakeTmp/src.c:3:
/usr/include/semaphore.h:63:12: note: in a call to function ‘sem_timedwait’ declared ‘nonnull’
   63 | extern int sem_timedwait (sem_t *__restrict __sem,
      |            ^~~~~~~~~~~~~
Linking C executable cmTC_0a3b3
/usr/bin/cmake -E cmake_link_script CMakeFiles/cmTC_0a3b3.dir/link.txt --verbose=1
/usr/bin/cc   -D_GNU_SOURCE=1 -D_REENTRANT -pthread CMakeFiles/cmTC_0a3b3.dir/src.c.o -o cmTC_0a3b3 
gmake[1]: Leaving directory '/home/randomguy/Desktop/Escuela/Servicio/Renderer/build/CMakeFiles/CMakeTmp'


Source file was:

              #include <pthread.h>
              #include <semaphore.h>
              int main(int argc, char **argv) {
                  sem_timedwait(NULL, NULL);
                  return 0;
              }
Determining if the include file pthread.h exists passed with the following output:
Change Dir: /home/randomguy/Desktop/Escuela/Servicio/Renderer/build/CMakeFiles/CMakeTmp

Run Build Command(s):/usr/bin/gmake -f Makefile cmTC_7df48/fast && /usr/bin/gmake  -f CMakeFiles/cmTC_7df48.dir/build.make CMakeFiles/cmTC_7df48.dir/build
gmake[1]: Entering directory '/home/randomguy/Desktop/Escuela/Servicio/Renderer/build/CMakeFiles/CMakeTmp'
Building C object CMakeFiles/cmTC_7df48.dir/CheckIncludeFile.c.o
/usr/bin/cc   -D_GNU_SOURCE=1 -D_REENTRANT -pthread -o CMakeFiles/cmTC_7df48.dir/CheckIncludeFile.c.o -c /home/randomguy/Desktop/Escuela/Servicio/Renderer/build/CMakeFiles/CMakeTmp/CheckIncludeFile.c
Linking C executable cmTC_7df48
/usr/bin/cmake -E cmake_link_script CMakeFiles/cmTC_7df48.dir/link.txt --verbose=1
/usr/bin/cc   -D_GNU_SOURCE=1 -D_REENTRANT -pthread CMakeFiles/cmTC_7df48.dir/CheckIncludeFile.c.o -o cmTC_7df48 
gmake[1]: Leaving directory '/home/randomguy/Desktop/Escuela/Servicio/Renderer/build/CMakeFiles/CMakeTmp'



Performing C SOURCE FILE Test HAVE_PTHREAD_SETNAME_NP succeeded with the following output:
Change Dir: /home/randomguy/Desktop/Escuela/Servicio/Renderer/build/CMakeFiles/CMakeTmp

Run Build Command(s):/usr/bin/gmake -f Makefile cmTC_32ed9/fast && /usr/bin/gmake  -f CMakeFiles/cmTC_32ed9.dir/build.make CMakeFiles/cmTC_32ed9.dir/build
gmake[1]: Entering directory '/home/randomguy/Desktop/Escuela/Servicio/Renderer/build/CMakeFiles/CMakeTmp'
Building C object CMakeFiles/cmTC_32ed9.dir/src.c.o
/usr/bin/cc -DHAVE_PTHREAD_SETNAME_NP  -D_GNU_SOURCE=1 -D_REENTRANT -pthread -o CMakeFiles/cmTC_32ed9.dir/src.c.o -c /home/randomguy/Desktop/Escuela/Servicio/Renderer/build/CMakeFiles/CMakeTmp/src.c
Linking C executable cmTC_32ed9
/usr/bin/cmake -E cmake_link_script CMakeFiles/cmTC_32ed9.dir/link.txt --verbose=1
/usr/bin/cc   -D_GNU_SOURCE=1 -D_REENTRANT -pthread CMakeFiles/cmTC_32ed9.dir/src.c.o -o cmTC_32ed9 
gmake[1]: Leaving directory '/home/randomguy/Desktop/Escuela/Servicio/Renderer/build/CMakeFiles/CMakeTmp'


Source file was:

            #include <pthread.h>
            int main(int argc, char **argv) {
              #ifdef __APPLE__
              pthread_setname_np("");
              #else
              pthread_setname_np(pthread_self(),"");
              #endif
              return 0;
            }
Determining if the function clock_gettime exists in the c passed with the following output:
Change Dir: /home/randomguy/Desktop/Escuela/Servicio/Renderer/build/CMakeFiles/CMakeTmp

Run Build Command(s):/usr/bin/gmake -f Makefile cmTC_97f72/fast && /usr/bin/gmake  -f CMakeFiles/cmTC_97f72.dir/build.make CMakeFiles/cmTC_97f72.dir/build
gmake[1]: Entering directory '/home/randomguy/Desktop/Escuela/Servicio/Renderer/build/CMakeFiles/CMakeTmp'
Building C object CMakeFiles/cmTC_97f72.dir/CheckFunctionExists.c.o
/usr/bin/cc   -DCHECK_FUNCTION_EXISTS=clock_gettime  -D_GNU_SOURCE=1 -o CMakeFiles/cmTC_97f72.dir/CheckFunctionExists.c.o -c /usr/share/cmake-3.22/Modules/CheckFunctionExists.c
Linking C executable cmTC_97f72
/usr/bin/cmake -E cmake_link_script CMakeFiles/cmTC_97f72.dir/link.txt --verbose=1
/usr/bin/cc  -DCHECK_FUNCTION_EXISTS=clock_gettime  -D_GNU_SOURCE=1 CMakeFiles/cmTC_97f72.dir/CheckFunctionExists.c.o -o cmTC_97f72  -lc 
gmake[1]: Leaving directory '/home/randomguy/Desktop/Escuela/Servicio/Renderer/build/CMakeFiles/CMakeTmp'



Performing C SOURCE FILE Test HAVE_ENABLE_NEW_DTAGS succeeded with the following output:
Change Dir: /home/randomguy/Desktop/Escuela/Servicio/Renderer/build/CMakeFiles/CMakeTmp

Run Build Command(s):/usr/bin/gmake -f Makefile cmTC_c6b66/fast && /usr/bin/gmake  -f CMakeFiles/cmTC_c6b66.dir/build.make CMakeFiles/cmTC_c6b66.dir/build
gmake[1]: Entering directory '/home/randomguy/Desktop/Escuela/Servicio/Renderer/build/CMakeFiles/CMakeTmp'
Building C object CMakeFiles/cmTC_c6b66.dir/src.c.o
/usr/bin/cc -DHAVE_ENABLE_NEW_DTAGS  -D_GNU_SOURCE=1 -Wl,--enable-new-dtags -o CMakeFiles/cmTC_c6b66.dir/src.c.o -c /home/randomguy/Desktop/Escuela/Servicio/Renderer/build/CMakeFiles/CMakeTmp/src.c
Linking C executable cmTC_c6b66
/usr/bin/cmake -E cmake_link_script CMakeFiles/cmTC_c6b66.dir/link.txt --verbose=1
/usr/bin/cc   -D_GNU_SOURCE=1 -Wl,--enable-new-dtags CMakeFiles/cmTC_c6b66.dir/src.c.o -o cmTC_c6b66 
gmake[1]: Leaving directory '/home/randomguy/Desktop/Escuela/Servicio/Renderer/build/CMakeFiles/CMakeTmp'


Source file was:
int main(void) { return 0; }
Performing C SOURCE FILE Test HAVE_POSIX_SPAWN succeeded with the following output:
Change Dir: /home/randomguy/Desktop/Escuela/Servicio/Renderer/build/CMakeFiles/CMakeTmp

Run Build Command(s):/usr/bin/gmake -f Makefile cmTC_1d62c/fast && /usr/bin/gmake  -f CMakeFiles/cmTC_1d62c.dir/build.make CMakeFiles/cmTC_1d62c.dir/build
gmake[1]: Entering directory '/home/randomguy/Desktop/Escuela/Servicio/Renderer/build/CMakeFiles/CMakeTmp'
Building C object CMakeFiles/cmTC_1d62c.dir/src.c.o
/usr/bin/cc -DHAVE_POSIX_SPAWN  -D_GNU_SOURCE=1 -o CMakeFiles/cmTC_1d62c.dir/src.c.o -c /home/randomguy/Desktop/Escuela/Servicio/Renderer/build/CMakeFiles/CMakeTmp/src.c
Linking C executable cmTC_1d62c
/usr/bin/cmake -E cmake_link_script CMakeFiles/cmTC_1d62c.dir/link.txt --verbose=1
/usr/bin/cc   -D_GNU_SOURCE=1 CMakeFiles/cmTC_1d62c.dir/src.c.o -o cmTC_1d62c 
gmake[1]: Leaving directory '/home/randomguy/Desktop/Escuela/Servicio/Renderer/build/CMakeFiles/CMakeTmp'


Source file was:

#include <spawn.h>
#include <unistd.h>

int main(void)
{
    int pipes[2];
    int pid;

    const char * args[] = {
      "/bin/false",
      NULL
    };

    const char * env[] = { NULL };

    pipe(pipes);

    posix_spawnattr_t attr;
    posix_spawn_file_actions_t fa;

    posix_spawnattr_init(&attr);
    posix_spawn_file_actions_init(&fa);

    posix_spawn_file_actions_addclose(&fa, pipes[0]);
    posix_spawn_file_actions_adddup2(&fa, pipes[1], STDOUT_FILENO);

    posix_spawn(&pid, args[0], &fa, &attr, (char * const *) args, (char * const *) env);
    posix_spawnp(&pid, args[0], &fa, &attr, (char * const *) args, (char * const *) env);

    posix_spawn_file_actions_destroy(&fa);
    posix_spawnattr_destroy(&attr);

    return 0;
}

